DELETE FROM `keycloak`.`USER_ATTRIBUTE` WHERE `NAME`='userType' AND `VALUE`='partner' AND `USER_ID`='6c6ed9a4-39d9-418b-b10c-94615906263d' AND `ID`='693af778-ed0e-4684-9cdd-e3179cde3ca7' LIMIT 1; #start 72785 end 73042 time 2021-06-04 15:40:14
UPDATE `keycloak`.`USER_ENTITY` SET `ID`='6c6ed9a4-39d9-418b-b10c-94615906263d', `EMAIL`='songtian.yuan@baishan.com', `EMAIL_CONSTRAINT`='songtian.yuan@baishan.com', `EMAIL_VERIFIED`='0', `ENABLED`='1', `FEDERATION_LINK`=NULL, `FIRST_NAME`='袁松田0604', `LAST_NAME`=NULL, `REALM_ID`='baishancloud', `USERNAME`='songtian.yuan@baishan.com', `CREATED_TIMESTAMP`=1617701172179, `SERVICE_ACCOUNT_CLIENT_LINK`=NULL, `NOT_BEFORE`=0 WHERE `ID`='6c6ed9a4-39d9-418b-b10c-94615906263d' AND `EMAIL`='songtian.yuan@baishan.com' AND `EMAIL_CONSTRAINT`='songtian.yuan@baishan.com' AND `EMAIL_VERIFIED`='0' AND `ENABLED`='1' AND `FEDERATION_LINK` IS NULL AND `FIRST_NAME`='songtian.yuan' AND `LAST_NAME` IS NULL AND `REALM_ID`='baishancloud' AND `USERNAME`='songtian.yuan@baishan.com' AND `CREATED_TIMESTAMP`=1617701172179 AND `SERVICE_ACCOUNT_CLIENT_LINK` IS NULL AND `NOT_BEFORE`=0 LIMIT 1; #start 72785 end 73491 time 2021-06-04 15:40:14
INSERT INTO `keycloak`.`CREDENTIAL`(`ID`, `DEVICE`, `HASH_ITERATIONS`, `SALT`, `TYPE`, `VALUE`, `USER_ID`, `CREATED_DATE`, `COUNTER`, `DIGITS`, `PERIOD`, `ALGORITHM`) VALUES ('b083f08f-894d-4bc8-8efd-dd060f372a78', NULL, 27500, 'bZ@c,&:', 'password', 'qQR2BqK59Wuyy9PQyqXebOPNsfHjNh+3kHxXjZAPzO37LOtGC6pfjZfimvMRec3at1b7i7xFT1anxlcAGVBH5A==', '6c6ed9a4-39d9-418b-b10c-94615906263d', 1622792415787, 0, 0, 0, 'pbkdf2-sha256'); #start 73579 end 73984 time 2021-06-04 15:40:16
UPDATE `keycloak`.`CREDENTIAL` SET `ID`='f740ab6e-28e5-40de-abf1-935c8c02923e', `DEVICE`=NULL, `HASH_ITERATIONS`=27500, `SALT`='xP/>zG\Z', `TYPE`='password-history', `VALUE`='qhOStF9tEToleSjn0YtRr52X9w6p7NMXLzczGMc0jfrM0uL0ea1KziP/HWYNzzgx4dzF3QM8VF10msi1xDXKoQ==', `USER_ID`='6c6ed9a4-39d9-418b-b10c-94615906263d', `CREATED_DATE`=1617762858739, `COUNTER`=0, `DIGITS`=0, `PERIOD`=0, `ALGORITHM`='pbkdf2-sha256' WHERE `ID`='f740ab6e-28e5-40de-abf1-935c8c02923e' AND `DEVICE` IS NULL AND `HASH_ITERATIONS`=27500 AND `SALT`='xP/>zG\Z' AND `TYPE`='password' AND `VALUE`='qhOStF9tEToleSjn0YtRr52X9w6p7NMXLzczGMc0jfrM0uL0ea1KziP/HWYNzzgx4dzF3QM8VF10msi1xDXKoQ==' AND `USER_ID`='6c6ed9a4-39d9-418b-b10c-94615906263d' AND `CREATED_DATE`=1617762858739 AND `COUNTER`=0 AND `DIGITS`=0 AND `PERIOD`=0 AND `ALGORITHM`='pbkdf2-sha256' LIMIT 1; #start 73579 end 74566 time 2021-06-04 15:40:16
UPDATE `keycloak`.`REALM` SET `ID`='baishancloud', `ACCESS_CODE_LIFESPAN`=60, `USER_ACTION_LIFESPAN`=300, `ACCESS_TOKEN_LIFESPAN`=21600, `ACCOUNT_THEME`='orchsym-default', `ADMIN_THEME`='orchsym-default', `EMAIL_THEME`='orchsym-default', `ENABLED`='1', `EVENTS_ENABLED`='0', `EVENTS_EXPIRATION`=0, `LOGIN_THEME`='orchsym-default', `NAME`='baishancloud', `NOT_BEFORE`=1601279651, `PASSWORD_POLICY`='length(8) and lowerCase(2) and passwordHistory(3)', `REGISTRATION_ALLOWED`='0', `REMEMBER_ME`='0', `RESET_PASSWORD_ALLOWED`='1', `SOCIAL`='0', `SSL_REQUIRED`='EXTERNAL', `SSO_IDLE_TIMEOUT`=3600, `SSO_MAX_LIFESPAN`=240, `UPDATE_PROFILE_ON_SOC_LOGIN`='0', `VERIFY_EMAIL`='0', `MASTER_ADMIN_CLIENT`='3bf7095e-2036-45c0-83a4-46938329ba46', `LOGIN_LIFESPAN`=1800, `INTERNATIONALIZATION_ENABLED`='1', `DEFAULT_LOCALE`='zh-CN', `REG_EMAIL_AS_USERNAME`='0', `ADMIN_EVENTS_ENABLED`='0', `ADMIN_EVENTS_DETAILS_ENABLED`='0', `EDIT_USERNAME_ALLOWED`='0', `OTP_POLICY_COUNTER`=0, `OTP_POLICY_WINDOW`=1, `OTP_POLICY_PERIOD`=30, `OTP_POLICY_DIGITS`=6, `OTP_POLICY_ALG`='HmacSHA1', `OTP_POLICY_TYPE`='totp', `BROWSER_FLOW`='a1822d8d-9138-4311-b7c3-8b97c4f835a3', `REGISTRATION_FLOW`='bbec543a-adad-4575-9e15-9fe24c072a71', `DIRECT_GRANT_FLOW`='c5c2adf9-59b7-429b-a4a8-12eb4730768d', `RESET_CREDENTIALS_FLOW`='dc10c16f-0172-4f97-9964-e507ee9caa15', `CLIENT_AUTH_FLOW`='8bdb5cd5-6bbc-4bb2-94ae-3c25cc52f53d', `OFFLINE_SESSION_IDLE_TIMEOUT`=2592000, `REVOKE_REFRESH_TOKEN`='0', `ACCESS_TOKEN_LIFE_IMPLICIT`=7200, `LOGIN_WITH_EMAIL_ALLOWED`='1', `DUPLICATE_EMAILS_ALLOWED`='0', `DOCKER_AUTH_FLOW`='0f44f9bc-7219-487c-8b23-32f49a14d92d', `REFRESH_TOKEN_MAX_REUSE`=0, `ALLOW_USER_MANAGED_ACCESS`='0' WHERE `ID`='baishancloud' AND `ACCESS_CODE_LIFESPAN`=60 AND `USER_ACTION_LIFESPAN`=300 AND `ACCESS_TOKEN_LIFESPAN`=21600 AND `ACCOUNT_THEME`='orchsym-default' AND `ADMIN_THEME`='orchsym-default' AND `EMAIL_THEME`='orchsym-default' AND `ENABLED`='1' AND `EVENTS_ENABLED`='0' AND `EVENTS_EXPIRATION`=0 AND `LOGIN_THEME`='orchsym-default' AND `NAME`='baishancloud' AND `NOT_BEFORE`=1601279651 AND `PASSWORD_POLICY`='length(8) and lowerCase(2) and passwordHistory(3)' AND `REGISTRATION_ALLOWED`='0' AND `REMEMBER_ME`='0' AND `RESET_PASSWORD_ALLOWED`='1' AND `SOCIAL`='0' AND `SSL_REQUIRED`='EXTERNAL' AND `SSO_IDLE_TIMEOUT`=7200 AND `SSO_MAX_LIFESPAN`=86400 AND `UPDATE_PROFILE_ON_SOC_LOGIN`='0' AND `VERIFY_EMAIL`='0' AND `MASTER_ADMIN_CLIENT`='3bf7095e-2036-45c0-83a4-46938329ba46' AND `LOGIN_LIFESPAN`=1800 AND `INTERNATIONALIZATION_ENABLED`='1' AND `DEFAULT_LOCALE`='zh-CN' AND `REG_EMAIL_AS_USERNAME`='0' AND `ADMIN_EVENTS_ENABLED`='0' AND `ADMIN_EVENTS_DETAILS_ENABLED`='0' AND `EDIT_USERNAME_ALLOWED`='0' AND `OTP_POLICY_COUNTER`=0 AND `OTP_POLICY_WINDOW`=1 AND `OTP_POLICY_PERIOD`=30 AND `OTP_POLICY_DIGITS`=6 AND `OTP_POLICY_ALG`='HmacSHA1' AND `OTP_POLICY_TYPE`='totp' AND `BROWSER_FLOW`='a1822d8d-9138-4311-b7c3-8b97c4f835a3' AND `REGISTRATION_FLOW`='bbec543a-adad-4575-9e15-9fe24c072a71' AND `DIRECT_GRANT_FLOW`='c5c2adf9-59b7-429b-a4a8-12eb4730768d' AND `RESET_CREDENTIALS_FLOW`='dc10c16f-0172-4f97-9964-e507ee9caa15' AND `CLIENT_AUTH_FLOW`='8bdb5cd5-6bbc-4bb2-94ae-3c25cc52f53d' AND `OFFLINE_SESSION_IDLE_TIMEOUT`=2592000 AND `REVOKE_REFRESH_TOKEN`='0' AND `ACCESS_TOKEN_LIFE_IMPLICIT`=7200 AND `LOGIN_WITH_EMAIL_ALLOWED`='1' AND `DUPLICATE_EMAILS_ALLOWED`='0' AND `DOCKER_AUTH_FLOW`='0f44f9bc-7219-487c-8b23-32f49a14d92d' AND `REFRESH_TOKEN_MAX_REUSE`=0 AND `ALLOW_USER_MANAGED_ACCESS`='0' LIMIT 1; #start 357454 end 358783 time 2021-06-08 16:54:20
DELETE FROM `keycloak`.`REALM_EVENTS_LISTENERS` WHERE `REALM_ID`='baishancloud' AND `VALUE`='jboss-logging' LIMIT 1; #start 357454 end 358913 time 2021-06-08 16:54:20
INSERT INTO `keycloak`.`REALM_EVENTS_LISTENERS`(`REALM_ID`, `VALUE`) VALUES ('baishancloud', 'jboss-logging'); #start 357454 end 359043 time 2021-06-08 16:54:20
DELETE FROM `keycloak`.`REALM_SMTP_CONFIG` WHERE `REALM_ID`='baishancloud' AND `VALUE`='true' AND `NAME`='auth' LIMIT 1; #start 357454 end 359432 time 2021-06-08 16:54:20
DELETE FROM `keycloak`.`REALM_SMTP_CONFIG` WHERE `REALM_ID`='baishancloud' AND `VALUE`='orchsym-no-reply@baishan.com' AND `NAME`='from' LIMIT 1; #start 357454 end 359432 time 2021-06-08 16:54:20
DELETE FROM `keycloak`.`REALM_SMTP_CONFIG` WHERE `REALM_ID`='baishancloud' AND `VALUE`='smtp.partner.outlook.cn' AND `NAME`='host' LIMIT 1; #start 357454 end 359432 time 2021-06-08 16:54:20
DELETE FROM `keycloak`.`REALM_SMTP_CONFIG` WHERE `REALM_ID`='baishancloud' AND `VALUE`='b6$&qS7P6YYx' AND `NAME`='password' LIMIT 1; #start 357454 end 359432 time 2021-06-08 16:54:20
DELETE FROM `keycloak`.`REALM_SMTP_CONFIG` WHERE `REALM_ID`='baishancloud' AND `VALUE`='587' AND `NAME`='port' LIMIT 1; #start 357454 end 359432 time 2021-06-08 16:54:20
DELETE FROM `keycloak`.`REALM_SMTP_CONFIG` WHERE `REALM_ID`='baishancloud' AND `VALUE`='false' AND `NAME`='ssl' LIMIT 1; #start 357454 end 359432 time 2021-06-08 16:54:20
DELETE FROM `keycloak`.`REALM_SMTP_CONFIG` WHERE `REALM_ID`='baishancloud' AND `VALUE`='true' AND `NAME`='starttls' LIMIT 1; #start 357454 end 359432 time 2021-06-08 16:54:20
DELETE FROM `keycloak`.`REALM_SMTP_CONFIG` WHERE `REALM_ID`='baishancloud' AND `VALUE`='orchsym-no-reply@baishan.com' AND `NAME`='user' LIMIT 1; #start 357454 end 359432 time 2021-06-08 16:54:20
INSERT INTO `keycloak`.`REALM_SMTP_CONFIG`(`REALM_ID`, `VALUE`, `NAME`) VALUES ('baishancloud', 'b6$&qS7P6YYx', 'password'); #start 357454 end 359569 time 2021-06-08 16:54:21
INSERT INTO `keycloak`.`REALM_SMTP_CONFIG`(`REALM_ID`, `VALUE`, `NAME`) VALUES ('baishancloud', 'true', 'starttls'); #start 357454 end 359698 time 2021-06-08 16:54:21
INSERT INTO `keycloak`.`REALM_SMTP_CONFIG`(`REALM_ID`, `VALUE`, `NAME`) VALUES ('baishancloud', 'true', 'auth'); #start 357454 end 359823 time 2021-06-08 16:54:21
INSERT INTO `keycloak`.`REALM_SMTP_CONFIG`(`REALM_ID`, `VALUE`, `NAME`) VALUES ('baishancloud', '587', 'port'); #start 357454 end 359947 time 2021-06-08 16:54:21
INSERT INTO `keycloak`.`REALM_SMTP_CONFIG`(`REALM_ID`, `VALUE`, `NAME`) VALUES ('baishancloud', 'smtp.partner.outlook.cn', 'host'); #start 357454 end 360091 time 2021-06-08 16:54:21
INSERT INTO `keycloak`.`REALM_SMTP_CONFIG`(`REALM_ID`, `VALUE`, `NAME`) VALUES ('baishancloud', 'orchsym-no-reply@baishan.com', 'from'); #start 357454 end 360240 time 2021-06-08 16:54:21
INSERT INTO `keycloak`.`REALM_SMTP_CONFIG`(`REALM_ID`, `VALUE`, `NAME`) VALUES ('baishancloud', 'false', 'ssl'); #start 357454 end 360365 time 2021-06-08 16:54:21
INSERT INTO `keycloak`.`REALM_SMTP_CONFIG`(`REALM_ID`, `VALUE`, `NAME`) VALUES ('baishancloud', 'orchsym-no-reply@baishan.com', 'user'); #start 357454 end 360514 time 2021-06-08 16:54:21
DELETE FROM `keycloak`.`REALM_SUPPORTED_LOCALES` WHERE `REALM_ID`='baishancloud' AND `VALUE`='zh-CN' LIMIT 1; #start 357454 end 360637 time 2021-06-08 16:54:21
INSERT INTO `keycloak`.`REALM_SUPPORTED_LOCALES`(`REALM_ID`, `VALUE`) VALUES ('baishancloud', 'zh-CN'); #start 357454 end 360760 time 2021-06-08 16:54:21
UPDATE `keycloak`.`REALM` SET `ID`='baishancloud', `ACCESS_CODE_LIFESPAN`=60, `USER_ACTION_LIFESPAN`=300, `ACCESS_TOKEN_LIFESPAN`=21600, `ACCOUNT_THEME`='orchsym-default', `ADMIN_THEME`='orchsym-default', `EMAIL_THEME`='orchsym-default', `ENABLED`='1', `EVENTS_ENABLED`='0', `EVENTS_EXPIRATION`=0, `LOGIN_THEME`='orchsym-default', `NAME`='baishancloud', `NOT_BEFORE`=1601279651, `PASSWORD_POLICY`='length(8) and lowerCase(2) and passwordHistory(3)', `REGISTRATION_ALLOWED`='0', `REMEMBER_ME`='0', `RESET_PASSWORD_ALLOWED`='1', `SOCIAL`='0', `SSL_REQUIRED`='EXTERNAL', `SSO_IDLE_TIMEOUT`=3600, `SSO_MAX_LIFESPAN`=60, `UPDATE_PROFILE_ON_SOC_LOGIN`='0', `VERIFY_EMAIL`='0', `MASTER_ADMIN_CLIENT`='3bf7095e-2036-45c0-83a4-46938329ba46', `LOGIN_LIFESPAN`=1800, `INTERNATIONALIZATION_ENABLED`='1', `DEFAULT_LOCALE`='zh-CN', `REG_EMAIL_AS_USERNAME`='0', `ADMIN_EVENTS_ENABLED`='0', `ADMIN_EVENTS_DETAILS_ENABLED`='0', `EDIT_USERNAME_ALLOWED`='0', `OTP_POLICY_COUNTER`=0, `OTP_POLICY_WINDOW`=1, `OTP_POLICY_PERIOD`=30, `OTP_POLICY_DIGITS`=6, `OTP_POLICY_ALG`='HmacSHA1', `OTP_POLICY_TYPE`='totp', `BROWSER_FLOW`='a1822d8d-9138-4311-b7c3-8b97c4f835a3', `REGISTRATION_FLOW`='bbec543a-adad-4575-9e15-9fe24c072a71', `DIRECT_GRANT_FLOW`='c5c2adf9-59b7-429b-a4a8-12eb4730768d', `RESET_CREDENTIALS_FLOW`='dc10c16f-0172-4f97-9964-e507ee9caa15', `CLIENT_AUTH_FLOW`='8bdb5cd5-6bbc-4bb2-94ae-3c25cc52f53d', `OFFLINE_SESSION_IDLE_TIMEOUT`=2592000, `REVOKE_REFRESH_TOKEN`='0', `ACCESS_TOKEN_LIFE_IMPLICIT`=7200, `LOGIN_WITH_EMAIL_ALLOWED`='1', `DUPLICATE_EMAILS_ALLOWED`='0', `DOCKER_AUTH_FLOW`='0f44f9bc-7219-487c-8b23-32f49a14d92d', `REFRESH_TOKEN_MAX_REUSE`=0, `ALLOW_USER_MANAGED_ACCESS`='0' WHERE `ID`='baishancloud' AND `ACCESS_CODE_LIFESPAN`=60 AND `USER_ACTION_LIFESPAN`=300 AND `ACCESS_TOKEN_LIFESPAN`=21600 AND `ACCOUNT_THEME`='orchsym-default' AND `ADMIN_THEME`='orchsym-default' AND `EMAIL_THEME`='orchsym-default' AND `ENABLED`='1' AND `EVENTS_ENABLED`='0' AND `EVENTS_EXPIRATION`=0 AND `LOGIN_THEME`='orchsym-default' AND `NAME`='baishancloud' AND `NOT_BEFORE`=1601279651 AND `PASSWORD_POLICY`='length(8) and lowerCase(2) and passwordHistory(3)' AND `REGISTRATION_ALLOWED`='0' AND `REMEMBER_ME`='0' AND `RESET_PASSWORD_ALLOWED`='1' AND `SOCIAL`='0' AND `SSL_REQUIRED`='EXTERNAL' AND `SSO_IDLE_TIMEOUT`=3600 AND `SSO_MAX_LIFESPAN`=240 AND `UPDATE_PROFILE_ON_SOC_LOGIN`='0' AND `VERIFY_EMAIL`='0' AND `MASTER_ADMIN_CLIENT`='3bf7095e-2036-45c0-83a4-46938329ba46' AND `LOGIN_LIFESPAN`=1800 AND `INTERNATIONALIZATION_ENABLED`='1' AND `DEFAULT_LOCALE`='zh-CN' AND `REG_EMAIL_AS_USERNAME`='0' AND `ADMIN_EVENTS_ENABLED`='0' AND `ADMIN_EVENTS_DETAILS_ENABLED`='0' AND `EDIT_USERNAME_ALLOWED`='0' AND `OTP_POLICY_COUNTER`=0 AND `OTP_POLICY_WINDOW`=1 AND `OTP_POLICY_PERIOD`=30 AND `OTP_POLICY_DIGITS`=6 AND `OTP_POLICY_ALG`='HmacSHA1' AND `OTP_POLICY_TYPE`='totp' AND `BROWSER_FLOW`='a1822d8d-9138-4311-b7c3-8b97c4f835a3' AND `REGISTRATION_FLOW`='bbec543a-adad-4575-9e15-9fe24c072a71' AND `DIRECT_GRANT_FLOW`='c5c2adf9-59b7-429b-a4a8-12eb4730768d' AND `RESET_CREDENTIALS_FLOW`='dc10c16f-0172-4f97-9964-e507ee9caa15' AND `CLIENT_AUTH_FLOW`='8bdb5cd5-6bbc-4bb2-94ae-3c25cc52f53d' AND `OFFLINE_SESSION_IDLE_TIMEOUT`=2592000 AND `REVOKE_REFRESH_TOKEN`='0' AND `ACCESS_TOKEN_LIFE_IMPLICIT`=7200 AND `LOGIN_WITH_EMAIL_ALLOWED`='1' AND `DUPLICATE_EMAILS_ALLOWED`='0' AND `DOCKER_AUTH_FLOW`='0f44f9bc-7219-487c-8b23-32f49a14d92d' AND `REFRESH_TOKEN_MAX_REUSE`=0 AND `ALLOW_USER_MANAGED_ACCESS`='0' LIMIT 1; #start 360848 end 362177 time 2021-06-08 17:21:42
DELETE FROM `keycloak`.`REALM_EVENTS_LISTENERS` WHERE `REALM_ID`='baishancloud' AND `VALUE`='jboss-logging' LIMIT 1; #start 360848 end 362307 time 2021-06-08 17:21:42
INSERT INTO `keycloak`.`REALM_EVENTS_LISTENERS`(`REALM_ID`, `VALUE`) VALUES ('baishancloud', 'jboss-logging'); #start 360848 end 362437 time 2021-06-08 17:21:42
DELETE FROM `keycloak`.`REALM_SMTP_CONFIG` WHERE `REALM_ID`='baishancloud' AND `VALUE`='true' AND `NAME`='auth' LIMIT 1; #start 360848 end 362826 time 2021-06-08 17:21:42
DELETE FROM `keycloak`.`REALM_SMTP_CONFIG` WHERE `REALM_ID`='baishancloud' AND `VALUE`='orchsym-no-reply@baishan.com' AND `NAME`='from' LIMIT 1; #start 360848 end 362826 time 2021-06-08 17:21:42
DELETE FROM `keycloak`.`REALM_SMTP_CONFIG` WHERE `REALM_ID`='baishancloud' AND `VALUE`='smtp.partner.outlook.cn' AND `NAME`='host' LIMIT 1; #start 360848 end 362826 time 2021-06-08 17:21:42
DELETE FROM `keycloak`.`REALM_SMTP_CONFIG` WHERE `REALM_ID`='baishancloud' AND `VALUE`='b6$&qS7P6YYx' AND `NAME`='password' LIMIT 1; #start 360848 end 362826 time 2021-06-08 17:21:42
DELETE FROM `keycloak`.`REALM_SMTP_CONFIG` WHERE `REALM_ID`='baishancloud' AND `VALUE`='587' AND `NAME`='port' LIMIT 1; #start 360848 end 362826 time 2021-06-08 17:21:42
DELETE FROM `keycloak`.`REALM_SMTP_CONFIG` WHERE `REALM_ID`='baishancloud' AND `VALUE`='false' AND `NAME`='ssl' LIMIT 1; #start 360848 end 362826 time 2021-06-08 17:21:42
DELETE FROM `keycloak`.`REALM_SMTP_CONFIG` WHERE `REALM_ID`='baishancloud' AND `VALUE`='true' AND `NAME`='starttls' LIMIT 1; #start 360848 end 362826 time 2021-06-08 17:21:42
DELETE FROM `keycloak`.`REALM_SMTP_CONFIG` WHERE `REALM_ID`='baishancloud' AND `VALUE`='orchsym-no-reply@baishan.com' AND `NAME`='user' LIMIT 1; #start 360848 end 362826 time 2021-06-08 17:21:42
INSERT INTO `keycloak`.`REALM_SMTP_CONFIG`(`REALM_ID`, `VALUE`, `NAME`) VALUES ('baishancloud', 'b6$&qS7P6YYx', 'password'); #start 360848 end 362963 time 2021-06-08 17:21:42
INSERT INTO `keycloak`.`REALM_SMTP_CONFIG`(`REALM_ID`, `VALUE`, `NAME`) VALUES ('baishancloud', 'true', 'starttls'); #start 360848 end 363092 time 2021-06-08 17:21:42
INSERT INTO `keycloak`.`REALM_SMTP_CONFIG`(`REALM_ID`, `VALUE`, `NAME`) VALUES ('baishancloud', 'true', 'auth'); #start 360848 end 363217 time 2021-06-08 17:21:42
INSERT INTO `keycloak`.`REALM_SMTP_CONFIG`(`REALM_ID`, `VALUE`, `NAME`) VALUES ('baishancloud', '587', 'port'); #start 360848 end 363341 time 2021-06-08 17:21:42
INSERT INTO `keycloak`.`REALM_SMTP_CONFIG`(`REALM_ID`, `VALUE`, `NAME`) VALUES ('baishancloud', 'smtp.partner.outlook.cn', 'host'); #start 360848 end 363485 time 2021-06-08 17:21:42
INSERT INTO `keycloak`.`REALM_SMTP_CONFIG`(`REALM_ID`, `VALUE`, `NAME`) VALUES ('baishancloud', 'orchsym-no-reply@baishan.com', 'from'); #start 360848 end 363634 time 2021-06-08 17:21:42
INSERT INTO `keycloak`.`REALM_SMTP_CONFIG`(`REALM_ID`, `VALUE`, `NAME`) VALUES ('baishancloud', 'false', 'ssl'); #start 360848 end 363759 time 2021-06-08 17:21:42
INSERT INTO `keycloak`.`REALM_SMTP_CONFIG`(`REALM_ID`, `VALUE`, `NAME`) VALUES ('baishancloud', 'orchsym-no-reply@baishan.com', 'user'); #start 360848 end 363908 time 2021-06-08 17:21:42
DELETE FROM `keycloak`.`REALM_SUPPORTED_LOCALES` WHERE `REALM_ID`='baishancloud' AND `VALUE`='zh-CN' LIMIT 1; #start 360848 end 364031 time 2021-06-08 17:21:42
INSERT INTO `keycloak`.`REALM_SUPPORTED_LOCALES`(`REALM_ID`, `VALUE`) VALUES ('baishancloud', 'zh-CN'); #start 360848 end 364154 time 2021-06-08 17:21:42
UPDATE `keycloak`.`REALM` SET `ID`='baishancloud', `ACCESS_CODE_LIFESPAN`=60, `USER_ACTION_LIFESPAN`=300, `ACCESS_TOKEN_LIFESPAN`=21600, `ACCOUNT_THEME`='orchsym-default', `ADMIN_THEME`='orchsym-default', `EMAIL_THEME`='orchsym-default', `ENABLED`='1', `EVENTS_ENABLED`='0', `EVENTS_EXPIRATION`=0, `LOGIN_THEME`='orchsym-default', `NAME`='baishancloud', `NOT_BEFORE`=1601279651, `PASSWORD_POLICY`='length(8) and lowerCase(2) and passwordHistory(3)', `REGISTRATION_ALLOWED`='0', `REMEMBER_ME`='0', `RESET_PASSWORD_ALLOWED`='1', `SOCIAL`='0', `SSL_REQUIRED`='EXTERNAL', `SSO_IDLE_TIMEOUT`=3600, `SSO_MAX_LIFESPAN`=240, `UPDATE_PROFILE_ON_SOC_LOGIN`='0', `VERIFY_EMAIL`='0', `MASTER_ADMIN_CLIENT`='3bf7095e-2036-45c0-83a4-46938329ba46', `LOGIN_LIFESPAN`=1800, `INTERNATIONALIZATION_ENABLED`='1', `DEFAULT_LOCALE`='zh-CN', `REG_EMAIL_AS_USERNAME`='0', `ADMIN_EVENTS_ENABLED`='0', `ADMIN_EVENTS_DETAILS_ENABLED`='0', `EDIT_USERNAME_ALLOWED`='0', `OTP_POLICY_COUNTER`=0, `OTP_POLICY_WINDOW`=1, `OTP_POLICY_PERIOD`=30, `OTP_POLICY_DIGITS`=6, `OTP_POLICY_ALG`='HmacSHA1', `OTP_POLICY_TYPE`='totp', `BROWSER_FLOW`='a1822d8d-9138-4311-b7c3-8b97c4f835a3', `REGISTRATION_FLOW`='bbec543a-adad-4575-9e15-9fe24c072a71', `DIRECT_GRANT_FLOW`='c5c2adf9-59b7-429b-a4a8-12eb4730768d', `RESET_CREDENTIALS_FLOW`='dc10c16f-0172-4f97-9964-e507ee9caa15', `CLIENT_AUTH_FLOW`='8bdb5cd5-6bbc-4bb2-94ae-3c25cc52f53d', `OFFLINE_SESSION_IDLE_TIMEOUT`=2592000, `REVOKE_REFRESH_TOKEN`='0', `ACCESS_TOKEN_LIFE_IMPLICIT`=7200, `LOGIN_WITH_EMAIL_ALLOWED`='1', `DUPLICATE_EMAILS_ALLOWED`='0', `DOCKER_AUTH_FLOW`='0f44f9bc-7219-487c-8b23-32f49a14d92d', `REFRESH_TOKEN_MAX_REUSE`=0, `ALLOW_USER_MANAGED_ACCESS`='0' WHERE `ID`='baishancloud' AND `ACCESS_CODE_LIFESPAN`=60 AND `USER_ACTION_LIFESPAN`=300 AND `ACCESS_TOKEN_LIFESPAN`=21600 AND `ACCOUNT_THEME`='orchsym-default' AND `ADMIN_THEME`='orchsym-default' AND `EMAIL_THEME`='orchsym-default' AND `ENABLED`='1' AND `EVENTS_ENABLED`='0' AND `EVENTS_EXPIRATION`=0 AND `LOGIN_THEME`='orchsym-default' AND `NAME`='baishancloud' AND `NOT_BEFORE`=1601279651 AND `PASSWORD_POLICY`='length(8) and lowerCase(2) and passwordHistory(3)' AND `REGISTRATION_ALLOWED`='0' AND `REMEMBER_ME`='0' AND `RESET_PASSWORD_ALLOWED`='1' AND `SOCIAL`='0' AND `SSL_REQUIRED`='EXTERNAL' AND `SSO_IDLE_TIMEOUT`=3600 AND `SSO_MAX_LIFESPAN`=60 AND `UPDATE_PROFILE_ON_SOC_LOGIN`='0' AND `VERIFY_EMAIL`='0' AND `MASTER_ADMIN_CLIENT`='3bf7095e-2036-45c0-83a4-46938329ba46' AND `LOGIN_LIFESPAN`=1800 AND `INTERNATIONALIZATION_ENABLED`='1' AND `DEFAULT_LOCALE`='zh-CN' AND `REG_EMAIL_AS_USERNAME`='0' AND `ADMIN_EVENTS_ENABLED`='0' AND `ADMIN_EVENTS_DETAILS_ENABLED`='0' AND `EDIT_USERNAME_ALLOWED`='0' AND `OTP_POLICY_COUNTER`=0 AND `OTP_POLICY_WINDOW`=1 AND `OTP_POLICY_PERIOD`=30 AND `OTP_POLICY_DIGITS`=6 AND `OTP_POLICY_ALG`='HmacSHA1' AND `OTP_POLICY_TYPE`='totp' AND `BROWSER_FLOW`='a1822d8d-9138-4311-b7c3-8b97c4f835a3' AND `REGISTRATION_FLOW`='bbec543a-adad-4575-9e15-9fe24c072a71' AND `DIRECT_GRANT_FLOW`='c5c2adf9-59b7-429b-a4a8-12eb4730768d' AND `RESET_CREDENTIALS_FLOW`='dc10c16f-0172-4f97-9964-e507ee9caa15' AND `CLIENT_AUTH_FLOW`='8bdb5cd5-6bbc-4bb2-94ae-3c25cc52f53d' AND `OFFLINE_SESSION_IDLE_TIMEOUT`=2592000 AND `REVOKE_REFRESH_TOKEN`='0' AND `ACCESS_TOKEN_LIFE_IMPLICIT`=7200 AND `LOGIN_WITH_EMAIL_ALLOWED`='1' AND `DUPLICATE_EMAILS_ALLOWED`='0' AND `DOCKER_AUTH_FLOW`='0f44f9bc-7219-487c-8b23-32f49a14d92d' AND `REFRESH_TOKEN_MAX_REUSE`=0 AND `ALLOW_USER_MANAGED_ACCESS`='0' LIMIT 1; #start 364242 end 365571 time 2021-06-08 17:25:59
DELETE FROM `keycloak`.`REALM_EVENTS_LISTENERS` WHERE `REALM_ID`='baishancloud' AND `VALUE`='jboss-logging' LIMIT 1; #start 364242 end 365701 time 2021-06-08 17:25:59
INSERT INTO `keycloak`.`REALM_EVENTS_LISTENERS`(`REALM_ID`, `VALUE`) VALUES ('baishancloud', 'jboss-logging'); #start 364242 end 365831 time 2021-06-08 17:25:59
DELETE FROM `keycloak`.`REALM_SMTP_CONFIG` WHERE `REALM_ID`='baishancloud' AND `VALUE`='true' AND `NAME`='auth' LIMIT 1; #start 364242 end 366220 time 2021-06-08 17:25:59
DELETE FROM `keycloak`.`REALM_SMTP_CONFIG` WHERE `REALM_ID`='baishancloud' AND `VALUE`='orchsym-no-reply@baishan.com' AND `NAME`='from' LIMIT 1; #start 364242 end 366220 time 2021-06-08 17:25:59
DELETE FROM `keycloak`.`REALM_SMTP_CONFIG` WHERE `REALM_ID`='baishancloud' AND `VALUE`='smtp.partner.outlook.cn' AND `NAME`='host' LIMIT 1; #start 364242 end 366220 time 2021-06-08 17:25:59
DELETE FROM `keycloak`.`REALM_SMTP_CONFIG` WHERE `REALM_ID`='baishancloud' AND `VALUE`='b6$&qS7P6YYx' AND `NAME`='password' LIMIT 1; #start 364242 end 366220 time 2021-06-08 17:25:59
DELETE FROM `keycloak`.`REALM_SMTP_CONFIG` WHERE `REALM_ID`='baishancloud' AND `VALUE`='587' AND `NAME`='port' LIMIT 1; #start 364242 end 366220 time 2021-06-08 17:25:59
DELETE FROM `keycloak`.`REALM_SMTP_CONFIG` WHERE `REALM_ID`='baishancloud' AND `VALUE`='false' AND `NAME`='ssl' LIMIT 1; #start 364242 end 366220 time 2021-06-08 17:25:59
DELETE FROM `keycloak`.`REALM_SMTP_CONFIG` WHERE `REALM_ID`='baishancloud' AND `VALUE`='true' AND `NAME`='starttls' LIMIT 1; #start 364242 end 366220 time 2021-06-08 17:25:59
DELETE FROM `keycloak`.`REALM_SMTP_CONFIG` WHERE `REALM_ID`='baishancloud' AND `VALUE`='orchsym-no-reply@baishan.com' AND `NAME`='user' LIMIT 1; #start 364242 end 366220 time 2021-06-08 17:25:59
INSERT INTO `keycloak`.`REALM_SMTP_CONFIG`(`REALM_ID`, `VALUE`, `NAME`) VALUES ('baishancloud', 'b6$&qS7P6YYx', 'password'); #start 364242 end 366357 time 2021-06-08 17:25:59
INSERT INTO `keycloak`.`REALM_SMTP_CONFIG`(`REALM_ID`, `VALUE`, `NAME`) VALUES ('baishancloud', 'true', 'starttls'); #start 364242 end 366486 time 2021-06-08 17:25:59
INSERT INTO `keycloak`.`REALM_SMTP_CONFIG`(`REALM_ID`, `VALUE`, `NAME`) VALUES ('baishancloud', 'true', 'auth'); #start 364242 end 366611 time 2021-06-08 17:25:59
INSERT INTO `keycloak`.`REALM_SMTP_CONFIG`(`REALM_ID`, `VALUE`, `NAME`) VALUES ('baishancloud', '587', 'port'); #start 364242 end 366735 time 2021-06-08 17:25:59
INSERT INTO `keycloak`.`REALM_SMTP_CONFIG`(`REALM_ID`, `VALUE`, `NAME`) VALUES ('baishancloud', 'smtp.partner.outlook.cn', 'host'); #start 364242 end 366879 time 2021-06-08 17:25:59
INSERT INTO `keycloak`.`REALM_SMTP_CONFIG`(`REALM_ID`, `VALUE`, `NAME`) VALUES ('baishancloud', 'orchsym-no-reply@baishan.com', 'from'); #start 364242 end 367028 time 2021-06-08 17:25:59
INSERT INTO `keycloak`.`REALM_SMTP_CONFIG`(`REALM_ID`, `VALUE`, `NAME`) VALUES ('baishancloud', 'false', 'ssl'); #start 364242 end 367153 time 2021-06-08 17:25:59
INSERT INTO `keycloak`.`REALM_SMTP_CONFIG`(`REALM_ID`, `VALUE`, `NAME`) VALUES ('baishancloud', 'orchsym-no-reply@baishan.com', 'user'); #start 364242 end 367302 time 2021-06-08 17:25:59
DELETE FROM `keycloak`.`REALM_SUPPORTED_LOCALES` WHERE `REALM_ID`='baishancloud' AND `VALUE`='zh-CN' LIMIT 1; #start 364242 end 367425 time 2021-06-08 17:25:59
INSERT INTO `keycloak`.`REALM_SUPPORTED_LOCALES`(`REALM_ID`, `VALUE`) VALUES ('baishancloud', 'zh-CN'); #start 364242 end 367548 time 2021-06-08 17:25:59
UPDATE `keycloak`.`REALM` SET `ID`='baishancloud', `ACCESS_CODE_LIFESPAN`=60, `USER_ACTION_LIFESPAN`=300, `ACCESS_TOKEN_LIFESPAN`=21600, `ACCOUNT_THEME`='orchsym-default', `ADMIN_THEME`='orchsym-default', `EMAIL_THEME`='orchsym-default', `ENABLED`='1', `EVENTS_ENABLED`='0', `EVENTS_EXPIRATION`=0, `LOGIN_THEME`='orchsym-default', `NAME`='baishancloud', `NOT_BEFORE`=1601279651, `PASSWORD_POLICY`='length(8) and lowerCase(2) and passwordHistory(3)', `REGISTRATION_ALLOWED`='0', `REMEMBER_ME`='0', `RESET_PASSWORD_ALLOWED`='1', `SOCIAL`='0', `SSL_REQUIRED`='EXTERNAL', `SSO_IDLE_TIMEOUT`=7200, `SSO_MAX_LIFESPAN`=86400, `UPDATE_PROFILE_ON_SOC_LOGIN`='0', `VERIFY_EMAIL`='0', `MASTER_ADMIN_CLIENT`='3bf7095e-2036-45c0-83a4-46938329ba46', `LOGIN_LIFESPAN`=1800, `INTERNATIONALIZATION_ENABLED`='1', `DEFAULT_LOCALE`='zh-CN', `REG_EMAIL_AS_USERNAME`='0', `ADMIN_EVENTS_ENABLED`='0', `ADMIN_EVENTS_DETAILS_ENABLED`='0', `EDIT_USERNAME_ALLOWED`='0', `OTP_POLICY_COUNTER`=0, `OTP_POLICY_WINDOW`=1, `OTP_POLICY_PERIOD`=30, `OTP_POLICY_DIGITS`=6, `OTP_POLICY_ALG`='HmacSHA1', `OTP_POLICY_TYPE`='totp', `BROWSER_FLOW`='a1822d8d-9138-4311-b7c3-8b97c4f835a3', `REGISTRATION_FLOW`='bbec543a-adad-4575-9e15-9fe24c072a71', `DIRECT_GRANT_FLOW`='c5c2adf9-59b7-429b-a4a8-12eb4730768d', `RESET_CREDENTIALS_FLOW`='dc10c16f-0172-4f97-9964-e507ee9caa15', `CLIENT_AUTH_FLOW`='8bdb5cd5-6bbc-4bb2-94ae-3c25cc52f53d', `OFFLINE_SESSION_IDLE_TIMEOUT`=2592000, `REVOKE_REFRESH_TOKEN`='0', `ACCESS_TOKEN_LIFE_IMPLICIT`=7200, `LOGIN_WITH_EMAIL_ALLOWED`='1', `DUPLICATE_EMAILS_ALLOWED`='0', `DOCKER_AUTH_FLOW`='0f44f9bc-7219-487c-8b23-32f49a14d92d', `REFRESH_TOKEN_MAX_REUSE`=0, `ALLOW_USER_MANAGED_ACCESS`='0' WHERE `ID`='baishancloud' AND `ACCESS_CODE_LIFESPAN`=60 AND `USER_ACTION_LIFESPAN`=300 AND `ACCESS_TOKEN_LIFESPAN`=21600 AND `ACCOUNT_THEME`='orchsym-default' AND `ADMIN_THEME`='orchsym-default' AND `EMAIL_THEME`='orchsym-default' AND `ENABLED`='1' AND `EVENTS_ENABLED`='0' AND `EVENTS_EXPIRATION`=0 AND `LOGIN_THEME`='orchsym-default' AND `NAME`='baishancloud' AND `NOT_BEFORE`=1601279651 AND `PASSWORD_POLICY`='length(8) and lowerCase(2) and passwordHistory(3)' AND `REGISTRATION_ALLOWED`='0' AND `REMEMBER_ME`='0' AND `RESET_PASSWORD_ALLOWED`='1' AND `SOCIAL`='0' AND `SSL_REQUIRED`='EXTERNAL' AND `SSO_IDLE_TIMEOUT`=3600 AND `SSO_MAX_LIFESPAN`=240 AND `UPDATE_PROFILE_ON_SOC_LOGIN`='0' AND `VERIFY_EMAIL`='0' AND `MASTER_ADMIN_CLIENT`='3bf7095e-2036-45c0-83a4-46938329ba46' AND `LOGIN_LIFESPAN`=1800 AND `INTERNATIONALIZATION_ENABLED`='1' AND `DEFAULT_LOCALE`='zh-CN' AND `REG_EMAIL_AS_USERNAME`='0' AND `ADMIN_EVENTS_ENABLED`='0' AND `ADMIN_EVENTS_DETAILS_ENABLED`='0' AND `EDIT_USERNAME_ALLOWED`='0' AND `OTP_POLICY_COUNTER`=0 AND `OTP_POLICY_WINDOW`=1 AND `OTP_POLICY_PERIOD`=30 AND `OTP_POLICY_DIGITS`=6 AND `OTP_POLICY_ALG`='HmacSHA1' AND `OTP_POLICY_TYPE`='totp' AND `BROWSER_FLOW`='a1822d8d-9138-4311-b7c3-8b97c4f835a3' AND `REGISTRATION_FLOW`='bbec543a-adad-4575-9e15-9fe24c072a71' AND `DIRECT_GRANT_FLOW`='c5c2adf9-59b7-429b-a4a8-12eb4730768d' AND `RESET_CREDENTIALS_FLOW`='dc10c16f-0172-4f97-9964-e507ee9caa15' AND `CLIENT_AUTH_FLOW`='8bdb5cd5-6bbc-4bb2-94ae-3c25cc52f53d' AND `OFFLINE_SESSION_IDLE_TIMEOUT`=2592000 AND `REVOKE_REFRESH_TOKEN`='0' AND `ACCESS_TOKEN_LIFE_IMPLICIT`=7200 AND `LOGIN_WITH_EMAIL_ALLOWED`='1' AND `DUPLICATE_EMAILS_ALLOWED`='0' AND `DOCKER_AUTH_FLOW`='0f44f9bc-7219-487c-8b23-32f49a14d92d' AND `REFRESH_TOKEN_MAX_REUSE`=0 AND `ALLOW_USER_MANAGED_ACCESS`='0' LIMIT 1; #start 415184 end 416513 time 2021-06-09 16:06:57
DELETE FROM `keycloak`.`REALM_EVENTS_LISTENERS` WHERE `REALM_ID`='baishancloud' AND `VALUE`='jboss-logging' LIMIT 1; #start 415184 end 416643 time 2021-06-09 16:06:57
INSERT INTO `keycloak`.`REALM_EVENTS_LISTENERS`(`REALM_ID`, `VALUE`) VALUES ('baishancloud', 'jboss-logging'); #start 415184 end 416773 time 2021-06-09 16:06:57
DELETE FROM `keycloak`.`REALM_SMTP_CONFIG` WHERE `REALM_ID`='baishancloud' AND `VALUE`='true' AND `NAME`='auth' LIMIT 1; #start 415184 end 417162 time 2021-06-09 16:06:57
DELETE FROM `keycloak`.`REALM_SMTP_CONFIG` WHERE `REALM_ID`='baishancloud' AND `VALUE`='orchsym-no-reply@baishan.com' AND `NAME`='from' LIMIT 1; #start 415184 end 417162 time 2021-06-09 16:06:57
DELETE FROM `keycloak`.`REALM_SMTP_CONFIG` WHERE `REALM_ID`='baishancloud' AND `VALUE`='smtp.partner.outlook.cn' AND `NAME`='host' LIMIT 1; #start 415184 end 417162 time 2021-06-09 16:06:57
DELETE FROM `keycloak`.`REALM_SMTP_CONFIG` WHERE `REALM_ID`='baishancloud' AND `VALUE`='b6$&qS7P6YYx' AND `NAME`='password' LIMIT 1; #start 415184 end 417162 time 2021-06-09 16:06:57
DELETE FROM `keycloak`.`REALM_SMTP_CONFIG` WHERE `REALM_ID`='baishancloud' AND `VALUE`='587' AND `NAME`='port' LIMIT 1; #start 415184 end 417162 time 2021-06-09 16:06:57
DELETE FROM `keycloak`.`REALM_SMTP_CONFIG` WHERE `REALM_ID`='baishancloud' AND `VALUE`='false' AND `NAME`='ssl' LIMIT 1; #start 415184 end 417162 time 2021-06-09 16:06:57
DELETE FROM `keycloak`.`REALM_SMTP_CONFIG` WHERE `REALM_ID`='baishancloud' AND `VALUE`='true' AND `NAME`='starttls' LIMIT 1; #start 415184 end 417162 time 2021-06-09 16:06:57
DELETE FROM `keycloak`.`REALM_SMTP_CONFIG` WHERE `REALM_ID`='baishancloud' AND `VALUE`='orchsym-no-reply@baishan.com' AND `NAME`='user' LIMIT 1; #start 415184 end 417162 time 2021-06-09 16:06:57
INSERT INTO `keycloak`.`REALM_SMTP_CONFIG`(`REALM_ID`, `VALUE`, `NAME`) VALUES ('baishancloud', 'b6$&qS7P6YYx', 'password'); #start 415184 end 417299 time 2021-06-09 16:06:57
INSERT INTO `keycloak`.`REALM_SMTP_CONFIG`(`REALM_ID`, `VALUE`, `NAME`) VALUES ('baishancloud', 'true', 'starttls'); #start 415184 end 417428 time 2021-06-09 16:06:57
INSERT INTO `keycloak`.`REALM_SMTP_CONFIG`(`REALM_ID`, `VALUE`, `NAME`) VALUES ('baishancloud', 'true', 'auth'); #start 415184 end 417553 time 2021-06-09 16:06:57
INSERT INTO `keycloak`.`REALM_SMTP_CONFIG`(`REALM_ID`, `VALUE`, `NAME`) VALUES ('baishancloud', '587', 'port'); #start 415184 end 417677 time 2021-06-09 16:06:57
INSERT INTO `keycloak`.`REALM_SMTP_CONFIG`(`REALM_ID`, `VALUE`, `NAME`) VALUES ('baishancloud', 'smtp.partner.outlook.cn', 'host'); #start 415184 end 417821 time 2021-06-09 16:06:57
INSERT INTO `keycloak`.`REALM_SMTP_CONFIG`(`REALM_ID`, `VALUE`, `NAME`) VALUES ('baishancloud', 'orchsym-no-reply@baishan.com', 'from'); #start 415184 end 417970 time 2021-06-09 16:06:57
INSERT INTO `keycloak`.`REALM_SMTP_CONFIG`(`REALM_ID`, `VALUE`, `NAME`) VALUES ('baishancloud', 'false', 'ssl'); #start 415184 end 418095 time 2021-06-09 16:06:57
INSERT INTO `keycloak`.`REALM_SMTP_CONFIG`(`REALM_ID`, `VALUE`, `NAME`) VALUES ('baishancloud', 'orchsym-no-reply@baishan.com', 'user'); #start 415184 end 418244 time 2021-06-09 16:06:57
DELETE FROM `keycloak`.`REALM_SUPPORTED_LOCALES` WHERE `REALM_ID`='baishancloud' AND `VALUE`='zh-CN' LIMIT 1; #start 415184 end 418367 time 2021-06-09 16:06:57
INSERT INTO `keycloak`.`REALM_SUPPORTED_LOCALES`(`REALM_ID`, `VALUE`) VALUES ('baishancloud', 'zh-CN'); #start 415184 end 418490 time 2021-06-09 16:06:57
INSERT INTO `keycloak`.`USER_ATTRIBUTE`(`NAME`, `VALUE`, `USER_ID`, `ID`) VALUES ('userType', 'partner', '7314840b-ea51-4d59-981b-f15facd598d3', 'cd170e90-b78b-432e-bed6-3c8c3c83159b'); #start 418578 end 418835 time 2021-06-09 16:10:24
DELETE FROM `keycloak`.`USER_ATTRIBUTE` WHERE `NAME`='locale' AND `VALUE`='zh-CN' AND `USER_ID`='7314840b-ea51-4d59-981b-f15facd598d3' AND `ID`='e490e33f-b29e-4373-972d-d2777381b09d' LIMIT 1; #start 418578 end 419024 time 2021-06-09 16:10:24
DELETE FROM `keycloak`.`USER_ATTRIBUTE` WHERE `NAME`='userType' AND `VALUE`='partner' AND `USER_ID`='7314840b-ea51-4d59-981b-f15facd598d3' AND `ID`='cd170e90-b78b-432e-bed6-3c8c3c83159b' LIMIT 1; #start 419851 end 420108 time 2021-06-09 16:11:34
UPDATE `keycloak`.`USER_ENTITY` SET `ID`='7314840b-ea51-4d59-981b-f15facd598d3', `EMAIL`='shuang.zhang@baishan.com', `EMAIL_CONSTRAINT`='shuang.zhang@baishan.com', `EMAIL_VERIFIED`='0', `ENABLED`='1', `FEDERATION_LINK`=NULL, `FIRST_NAME`='shuangzhang', `LAST_NAME`=NULL, `REALM_ID`='baishancloud', `USERNAME`='shuang.zhang@baishan.com', `CREATED_TIMESTAMP`=1618197737679, `SERVICE_ACCOUNT_CLIENT_LINK`=NULL, `NOT_BEFORE`=0 WHERE `ID`='7314840b-ea51-4d59-981b-f15facd598d3' AND `EMAIL`='shuang.zhang@baishan.com' AND `EMAIL_CONSTRAINT`='shuang.zhang@baishan.com' AND `EMAIL_VERIFIED`='0' AND `ENABLED`='1' AND `FEDERATION_LINK` IS NULL AND `FIRST_NAME`='张爽' AND `LAST_NAME` IS NULL AND `REALM_ID`='baishancloud' AND `USERNAME`='shuang.zhang@baishan.com' AND `CREATED_TIMESTAMP`=1618197737679 AND `SERVICE_ACCOUNT_CLIENT_LINK` IS NULL AND `NOT_BEFORE`=0 LIMIT 1; #start 419851 end 420542 time 2021-06-09 16:11:34
INSERT INTO `keycloak`.`USER_ENTITY`(`ID`, `EMAIL`, `EMAIL_CONSTRAINT`, `EMAIL_VERIFIED`, `ENABLED`, `FEDERATION_LINK`, `FIRST_NAME`, `LAST_NAME`, `REALM_ID`, `USERNAME`, `CREATED_TIMESTAMP`, `SERVICE_ACCOUNT_CLIENT_LINK`, `NOT_BEFORE`) VALUES ('f5ce36fc-7c2f-4534-8dc7-b5c741293d5c', NULL, '356ec28f-8ed4-4229-99db-53c738ec0231', '0', '0', NULL, NULL, NULL, 'baishancloud', 'zhangshuang@qq.com', 1623226429264, NULL, 0); #start 420630 end 420940 time 2021-06-09 16:13:49
INSERT INTO `keycloak`.`USER_ROLE_MAPPING`(`ROLE_ID`, `USER_ID`) VALUES ('70e82ac4-5116-46ba-a4e7-6464049d5a87', 'f5ce36fc-7c2f-4534-8dc7-b5c741293d5c'); #start 420630 end 421112 time 2021-06-09 16:13:49
INSERT INTO `keycloak`.`USER_ROLE_MAPPING`(`ROLE_ID`, `USER_ID`) VALUES ('89dadc51-9dea-4340-a128-16a4d7a9786b', 'f5ce36fc-7c2f-4534-8dc7-b5c741293d5c'); #start 420630 end 421284 time 2021-06-09 16:13:49
INSERT INTO `keycloak`.`USER_ROLE_MAPPING`(`ROLE_ID`, `USER_ID`) VALUES ('bb8325c4-4bac-4650-bc79-6f1dfe260167', 'f5ce36fc-7c2f-4534-8dc7-b5c741293d5c'); #start 420630 end 421456 time 2021-06-09 16:13:49
INSERT INTO `keycloak`.`USER_ROLE_MAPPING`(`ROLE_ID`, `USER_ID`) VALUES ('c2831949-a58d-48af-b3db-6992c6fca946', 'f5ce36fc-7c2f-4534-8dc7-b5c741293d5c'); #start 420630 end 421628 time 2021-06-09 16:13:49
UPDATE `keycloak`.`USER_ENTITY` SET `ID`='f5ce36fc-7c2f-4534-8dc7-b5c741293d5c', `EMAIL`='zhangshuang@qq.com', `EMAIL_CONSTRAINT`='zhangshuang@qq.com', `EMAIL_VERIFIED`='0', `ENABLED`='1', `FEDERATION_LINK`=NULL, `FIRST_NAME`='test', `LAST_NAME`=NULL, `REALM_ID`='baishancloud', `USERNAME`='zhangshuang@qq.com', `CREATED_TIMESTAMP`=1623226429264, `SERVICE_ACCOUNT_CLIENT_LINK`=NULL, `NOT_BEFORE`=0 WHERE `ID`='f5ce36fc-7c2f-4534-8dc7-b5c741293d5c' AND `EMAIL` IS NULL AND `EMAIL_CONSTRAINT`='356ec28f-8ed4-4229-99db-53c738ec0231' AND `EMAIL_VERIFIED`='0' AND `ENABLED`='0' AND `FEDERATION_LINK` IS NULL AND `FIRST_NAME` IS NULL AND `LAST_NAME` IS NULL AND `REALM_ID`='baishancloud' AND `USERNAME`='zhangshuang@qq.com' AND `CREATED_TIMESTAMP`=1623226429264 AND `SERVICE_ACCOUNT_CLIENT_LINK` IS NULL AND `NOT_BEFORE`=0 LIMIT 1; #start 420630 end 422009 time 2021-06-09 16:13:49
INSERT INTO `keycloak`.`CREDENTIAL`(`ID`, `DEVICE`, `HASH_ITERATIONS`, `SALT`, `TYPE`, `VALUE`, `USER_ID`, `CREATED_DATE`, `COUNTER`, `DIGITS`, `PERIOD`, `ALGORITHM`) VALUES ('ba1ed88a-0f11-4d20-ae27-93011c99ff81', NULL, 27500, '}MWg,ߣP/', 'password', '502ml7g6m2drBHzT+W1CSZelAkD/ircjgKy+YE8eiFzjbnBpExsk46y14xfYdrfH++9uj1vLSD9t2tQerrOL4A==', 'f5ce36fc-7c2f-4534-8dc7-b5c741293d5c', 1623226429987, 0, 0, 0, 'pbkdf2-sha256'); #start 422097 end 422502 time 2021-06-09 16:13:50
INSERT INTO `keycloak`.`USER_ENTITY`(`ID`, `EMAIL`, `EMAIL_CONSTRAINT`, `EMAIL_VERIFIED`, `ENABLED`, `FEDERATION_LINK`, `FIRST_NAME`, `LAST_NAME`, `REALM_ID`, `USERNAME`, `CREATED_TIMESTAMP`, `SERVICE_ACCOUNT_CLIENT_LINK`, `NOT_BEFORE`) VALUES ('f2d7977e-6f5f-4ad1-a38b-c589cca41076', NULL, '23b1067d-05c2-460b-9932-d81d565ce5d5', '0', '0', NULL, NULL, NULL, 'baishancloud', 'zhanglara@qq.com', 1623226521451, NULL, 0); #start 422590 end 422898 time 2021-06-09 16:15:21
INSERT INTO `keycloak`.`USER_ROLE_MAPPING`(`ROLE_ID`, `USER_ID`) VALUES ('70e82ac4-5116-46ba-a4e7-6464049d5a87', 'f2d7977e-6f5f-4ad1-a38b-c589cca41076'); #start 422590 end 423070 time 2021-06-09 16:15:21
INSERT INTO `keycloak`.`USER_ROLE_MAPPING`(`ROLE_ID`, `USER_ID`) VALUES ('89dadc51-9dea-4340-a128-16a4d7a9786b', 'f2d7977e-6f5f-4ad1-a38b-c589cca41076'); #start 422590 end 423242 time 2021-06-09 16:15:21
INSERT INTO `keycloak`.`USER_ROLE_MAPPING`(`ROLE_ID`, `USER_ID`) VALUES ('bb8325c4-4bac-4650-bc79-6f1dfe260167', 'f2d7977e-6f5f-4ad1-a38b-c589cca41076'); #start 422590 end 423414 time 2021-06-09 16:15:21
INSERT INTO `keycloak`.`USER_ROLE_MAPPING`(`ROLE_ID`, `USER_ID`) VALUES ('c2831949-a58d-48af-b3db-6992c6fca946', 'f2d7977e-6f5f-4ad1-a38b-c589cca41076'); #start 422590 end 423586 time 2021-06-09 16:15:21
UPDATE `keycloak`.`USER_ENTITY` SET `ID`='f2d7977e-6f5f-4ad1-a38b-c589cca41076', `EMAIL`='zhanglara@qq.com', `EMAIL_CONSTRAINT`='zhanglara@qq.com', `EMAIL_VERIFIED`='0', `ENABLED`='1', `FEDERATION_LINK`=NULL, `FIRST_NAME`='zhang', `LAST_NAME`=NULL, `REALM_ID`='baishancloud', `USERNAME`='zhanglara@qq.com', `CREATED_TIMESTAMP`=1623226521451, `SERVICE_ACCOUNT_CLIENT_LINK`=NULL, `NOT_BEFORE`=0 WHERE `ID`='f2d7977e-6f5f-4ad1-a38b-c589cca41076' AND `EMAIL` IS NULL AND `EMAIL_CONSTRAINT`='23b1067d-05c2-460b-9932-d81d565ce5d5' AND `EMAIL_VERIFIED`='0' AND `ENABLED`='0' AND `FEDERATION_LINK` IS NULL AND `FIRST_NAME` IS NULL AND `LAST_NAME` IS NULL AND `REALM_ID`='baishancloud' AND `USERNAME`='zhanglara@qq.com' AND `CREATED_TIMESTAMP`=1623226521451 AND `SERVICE_ACCOUNT_CLIENT_LINK` IS NULL AND `NOT_BEFORE`=0 LIMIT 1; #start 422590 end 423960 time 2021-06-09 16:15:21
INSERT INTO `keycloak`.`USER_ATTRIBUTE`(`NAME`, `VALUE`, `USER_ID`, `ID`) VALUES ('locale', 'zh-CN', '6c6ed9a4-39d9-418b-b10c-94615906263d', '1c12b572-516b-48f3-ad07-ea6a46fdd76e'); #start 424048 end 424301 time 2021-06-09 16:18:22
UPDATE `keycloak`.`REALM` SET `ID`='baishancloud', `ACCESS_CODE_LIFESPAN`=60, `USER_ACTION_LIFESPAN`=300, `ACCESS_TOKEN_LIFESPAN`=21600, `ACCOUNT_THEME`='orchsym-default', `ADMIN_THEME`='orchsym-default', `EMAIL_THEME`='orchsym-default', `ENABLED`='1', `EVENTS_ENABLED`='0', `EVENTS_EXPIRATION`=0, `LOGIN_THEME`='orchsym-default', `NAME`='baishancloud', `NOT_BEFORE`=1601279651, `PASSWORD_POLICY`='length(8) and lowerCase(2) and passwordHistory(3)', `REGISTRATION_ALLOWED`='0', `REMEMBER_ME`='0', `RESET_PASSWORD_ALLOWED`='1', `SOCIAL`='0', `SSL_REQUIRED`='EXTERNAL', `SSO_IDLE_TIMEOUT`=60, `SSO_MAX_LIFESPAN`=60, `UPDATE_PROFILE_ON_SOC_LOGIN`='0', `VERIFY_EMAIL`='0', `MASTER_ADMIN_CLIENT`='3bf7095e-2036-45c0-83a4-46938329ba46', `LOGIN_LIFESPAN`=1800, `INTERNATIONALIZATION_ENABLED`='1', `DEFAULT_LOCALE`='zh-CN', `REG_EMAIL_AS_USERNAME`='0', `ADMIN_EVENTS_ENABLED`='0', `ADMIN_EVENTS_DETAILS_ENABLED`='0', `EDIT_USERNAME_ALLOWED`='0', `OTP_POLICY_COUNTER`=0, `OTP_POLICY_WINDOW`=1, `OTP_POLICY_PERIOD`=30, `OTP_POLICY_DIGITS`=6, `OTP_POLICY_ALG`='HmacSHA1', `OTP_POLICY_TYPE`='totp', `BROWSER_FLOW`='a1822d8d-9138-4311-b7c3-8b97c4f835a3', `REGISTRATION_FLOW`='bbec543a-adad-4575-9e15-9fe24c072a71', `DIRECT_GRANT_FLOW`='c5c2adf9-59b7-429b-a4a8-12eb4730768d', `RESET_CREDENTIALS_FLOW`='dc10c16f-0172-4f97-9964-e507ee9caa15', `CLIENT_AUTH_FLOW`='8bdb5cd5-6bbc-4bb2-94ae-3c25cc52f53d', `OFFLINE_SESSION_IDLE_TIMEOUT`=2592000, `REVOKE_REFRESH_TOKEN`='0', `ACCESS_TOKEN_LIFE_IMPLICIT`=7200, `LOGIN_WITH_EMAIL_ALLOWED`='1', `DUPLICATE_EMAILS_ALLOWED`='0', `DOCKER_AUTH_FLOW`='0f44f9bc-7219-487c-8b23-32f49a14d92d', `REFRESH_TOKEN_MAX_REUSE`=0, `ALLOW_USER_MANAGED_ACCESS`='0' WHERE `ID`='baishancloud' AND `ACCESS_CODE_LIFESPAN`=60 AND `USER_ACTION_LIFESPAN`=300 AND `ACCESS_TOKEN_LIFESPAN`=21600 AND `ACCOUNT_THEME`='orchsym-default' AND `ADMIN_THEME`='orchsym-default' AND `EMAIL_THEME`='orchsym-default' AND `ENABLED`='1' AND `EVENTS_ENABLED`='0' AND `EVENTS_EXPIRATION`=0 AND `LOGIN_THEME`='orchsym-default' AND `NAME`='baishancloud' AND `NOT_BEFORE`=1601279651 AND `PASSWORD_POLICY`='length(8) and lowerCase(2) and passwordHistory(3)' AND `REGISTRATION_ALLOWED`='0' AND `REMEMBER_ME`='0' AND `RESET_PASSWORD_ALLOWED`='1' AND `SOCIAL`='0' AND `SSL_REQUIRED`='EXTERNAL' AND `SSO_IDLE_TIMEOUT`=7200 AND `SSO_MAX_LIFESPAN`=86400 AND `UPDATE_PROFILE_ON_SOC_LOGIN`='0' AND `VERIFY_EMAIL`='0' AND `MASTER_ADMIN_CLIENT`='3bf7095e-2036-45c0-83a4-46938329ba46' AND `LOGIN_LIFESPAN`=1800 AND `INTERNATIONALIZATION_ENABLED`='1' AND `DEFAULT_LOCALE`='zh-CN' AND `REG_EMAIL_AS_USERNAME`='0' AND `ADMIN_EVENTS_ENABLED`='0' AND `ADMIN_EVENTS_DETAILS_ENABLED`='0' AND `EDIT_USERNAME_ALLOWED`='0' AND `OTP_POLICY_COUNTER`=0 AND `OTP_POLICY_WINDOW`=1 AND `OTP_POLICY_PERIOD`=30 AND `OTP_POLICY_DIGITS`=6 AND `OTP_POLICY_ALG`='HmacSHA1' AND `OTP_POLICY_TYPE`='totp' AND `BROWSER_FLOW`='a1822d8d-9138-4311-b7c3-8b97c4f835a3' AND `REGISTRATION_FLOW`='bbec543a-adad-4575-9e15-9fe24c072a71' AND `DIRECT_GRANT_FLOW`='c5c2adf9-59b7-429b-a4a8-12eb4730768d' AND `RESET_CREDENTIALS_FLOW`='dc10c16f-0172-4f97-9964-e507ee9caa15' AND `CLIENT_AUTH_FLOW`='8bdb5cd5-6bbc-4bb2-94ae-3c25cc52f53d' AND `OFFLINE_SESSION_IDLE_TIMEOUT`=2592000 AND `REVOKE_REFRESH_TOKEN`='0' AND `ACCESS_TOKEN_LIFE_IMPLICIT`=7200 AND `LOGIN_WITH_EMAIL_ALLOWED`='1' AND `DUPLICATE_EMAILS_ALLOWED`='0' AND `DOCKER_AUTH_FLOW`='0f44f9bc-7219-487c-8b23-32f49a14d92d' AND `REFRESH_TOKEN_MAX_REUSE`=0 AND `ALLOW_USER_MANAGED_ACCESS`='0' LIMIT 1; #start 592311 end 593640 time 2021-06-14 18:19:16
DELETE FROM `keycloak`.`REALM_EVENTS_LISTENERS` WHERE `REALM_ID`='baishancloud' AND `VALUE`='jboss-logging' LIMIT 1; #start 592311 end 593770 time 2021-06-14 18:19:16
INSERT INTO `keycloak`.`REALM_EVENTS_LISTENERS`(`REALM_ID`, `VALUE`) VALUES ('baishancloud', 'jboss-logging'); #start 592311 end 593900 time 2021-06-14 18:19:16
DELETE FROM `keycloak`.`REALM_SMTP_CONFIG` WHERE `REALM_ID`='baishancloud' AND `VALUE`='true' AND `NAME`='auth' LIMIT 1; #start 592311 end 594289 time 2021-06-14 18:19:16
DELETE FROM `keycloak`.`REALM_SMTP_CONFIG` WHERE `REALM_ID`='baishancloud' AND `VALUE`='orchsym-no-reply@baishan.com' AND `NAME`='from' LIMIT 1; #start 592311 end 594289 time 2021-06-14 18:19:16
DELETE FROM `keycloak`.`REALM_SMTP_CONFIG` WHERE `REALM_ID`='baishancloud' AND `VALUE`='smtp.partner.outlook.cn' AND `NAME`='host' LIMIT 1; #start 592311 end 594289 time 2021-06-14 18:19:16
DELETE FROM `keycloak`.`REALM_SMTP_CONFIG` WHERE `REALM_ID`='baishancloud' AND `VALUE`='b6$&qS7P6YYx' AND `NAME`='password' LIMIT 1; #start 592311 end 594289 time 2021-06-14 18:19:16
DELETE FROM `keycloak`.`REALM_SMTP_CONFIG` WHERE `REALM_ID`='baishancloud' AND `VALUE`='587' AND `NAME`='port' LIMIT 1; #start 592311 end 594289 time 2021-06-14 18:19:16
DELETE FROM `keycloak`.`REALM_SMTP_CONFIG` WHERE `REALM_ID`='baishancloud' AND `VALUE`='false' AND `NAME`='ssl' LIMIT 1; #start 592311 end 594289 time 2021-06-14 18:19:16
DELETE FROM `keycloak`.`REALM_SMTP_CONFIG` WHERE `REALM_ID`='baishancloud' AND `VALUE`='true' AND `NAME`='starttls' LIMIT 1; #start 592311 end 594289 time 2021-06-14 18:19:16
DELETE FROM `keycloak`.`REALM_SMTP_CONFIG` WHERE `REALM_ID`='baishancloud' AND `VALUE`='orchsym-no-reply@baishan.com' AND `NAME`='user' LIMIT 1; #start 592311 end 594289 time 2021-06-14 18:19:16
INSERT INTO `keycloak`.`REALM_SMTP_CONFIG`(`REALM_ID`, `VALUE`, `NAME`) VALUES ('baishancloud', 'b6$&qS7P6YYx', 'password'); #start 592311 end 594426 time 2021-06-14 18:19:16
INSERT INTO `keycloak`.`REALM_SMTP_CONFIG`(`REALM_ID`, `VALUE`, `NAME`) VALUES ('baishancloud', 'true', 'starttls'); #start 592311 end 594555 time 2021-06-14 18:19:16
INSERT INTO `keycloak`.`REALM_SMTP_CONFIG`(`REALM_ID`, `VALUE`, `NAME`) VALUES ('baishancloud', 'true', 'auth'); #start 592311 end 594680 time 2021-06-14 18:19:16
INSERT INTO `keycloak`.`REALM_SMTP_CONFIG`(`REALM_ID`, `VALUE`, `NAME`) VALUES ('baishancloud', '587', 'port'); #start 592311 end 594804 time 2021-06-14 18:19:16
INSERT INTO `keycloak`.`REALM_SMTP_CONFIG`(`REALM_ID`, `VALUE`, `NAME`) VALUES ('baishancloud', 'smtp.partner.outlook.cn', 'host'); #start 592311 end 594948 time 2021-06-14 18:19:16
INSERT INTO `keycloak`.`REALM_SMTP_CONFIG`(`REALM_ID`, `VALUE`, `NAME`) VALUES ('baishancloud', 'orchsym-no-reply@baishan.com', 'from'); #start 592311 end 595097 time 2021-06-14 18:19:16
INSERT INTO `keycloak`.`REALM_SMTP_CONFIG`(`REALM_ID`, `VALUE`, `NAME`) VALUES ('baishancloud', 'false', 'ssl'); #start 592311 end 595222 time 2021-06-14 18:19:16
INSERT INTO `keycloak`.`REALM_SMTP_CONFIG`(`REALM_ID`, `VALUE`, `NAME`) VALUES ('baishancloud', 'orchsym-no-reply@baishan.com', 'user'); #start 592311 end 595371 time 2021-06-14 18:19:16
DELETE FROM `keycloak`.`REALM_SUPPORTED_LOCALES` WHERE `REALM_ID`='baishancloud' AND `VALUE`='zh-CN' LIMIT 1; #start 592311 end 595494 time 2021-06-14 18:19:16
INSERT INTO `keycloak`.`REALM_SUPPORTED_LOCALES`(`REALM_ID`, `VALUE`) VALUES ('baishancloud', 'zh-CN'); #start 592311 end 595617 time 2021-06-14 18:19:16
UPDATE `keycloak`.`REALM` SET `ID`='baishancloud', `ACCESS_CODE_LIFESPAN`=60, `USER_ACTION_LIFESPAN`=300, `ACCESS_TOKEN_LIFESPAN`=21600, `ACCOUNT_THEME`='orchsym-default', `ADMIN_THEME`='orchsym-default', `EMAIL_THEME`='orchsym-default', `ENABLED`='1', `EVENTS_ENABLED`='0', `EVENTS_EXPIRATION`=0, `LOGIN_THEME`='base', `NAME`='baishancloud', `NOT_BEFORE`=1601279651, `PASSWORD_POLICY`='length(8) and lowerCase(2) and passwordHistory(3)', `REGISTRATION_ALLOWED`='0', `REMEMBER_ME`='0', `RESET_PASSWORD_ALLOWED`='1', `SOCIAL`='0', `SSL_REQUIRED`='EXTERNAL', `SSO_IDLE_TIMEOUT`=60, `SSO_MAX_LIFESPAN`=60, `UPDATE_PROFILE_ON_SOC_LOGIN`='0', `VERIFY_EMAIL`='0', `MASTER_ADMIN_CLIENT`='3bf7095e-2036-45c0-83a4-46938329ba46', `LOGIN_LIFESPAN`=1800, `INTERNATIONALIZATION_ENABLED`='1', `DEFAULT_LOCALE`='zh-CN', `REG_EMAIL_AS_USERNAME`='0', `ADMIN_EVENTS_ENABLED`='0', `ADMIN_EVENTS_DETAILS_ENABLED`='0', `EDIT_USERNAME_ALLOWED`='0', `OTP_POLICY_COUNTER`=0, `OTP_POLICY_WINDOW`=1, `OTP_POLICY_PERIOD`=30, `OTP_POLICY_DIGITS`=6, `OTP_POLICY_ALG`='HmacSHA1', `OTP_POLICY_TYPE`='totp', `BROWSER_FLOW`='a1822d8d-9138-4311-b7c3-8b97c4f835a3', `REGISTRATION_FLOW`='bbec543a-adad-4575-9e15-9fe24c072a71', `DIRECT_GRANT_FLOW`='c5c2adf9-59b7-429b-a4a8-12eb4730768d', `RESET_CREDENTIALS_FLOW`='dc10c16f-0172-4f97-9964-e507ee9caa15', `CLIENT_AUTH_FLOW`='8bdb5cd5-6bbc-4bb2-94ae-3c25cc52f53d', `OFFLINE_SESSION_IDLE_TIMEOUT`=2592000, `REVOKE_REFRESH_TOKEN`='0', `ACCESS_TOKEN_LIFE_IMPLICIT`=7200, `LOGIN_WITH_EMAIL_ALLOWED`='1', `DUPLICATE_EMAILS_ALLOWED`='0', `DOCKER_AUTH_FLOW`='0f44f9bc-7219-487c-8b23-32f49a14d92d', `REFRESH_TOKEN_MAX_REUSE`=0, `ALLOW_USER_MANAGED_ACCESS`='0' WHERE `ID`='baishancloud' AND `ACCESS_CODE_LIFESPAN`=60 AND `USER_ACTION_LIFESPAN`=300 AND `ACCESS_TOKEN_LIFESPAN`=21600 AND `ACCOUNT_THEME`='orchsym-default' AND `ADMIN_THEME`='orchsym-default' AND `EMAIL_THEME`='orchsym-default' AND `ENABLED`='1' AND `EVENTS_ENABLED`='0' AND `EVENTS_EXPIRATION`=0 AND `LOGIN_THEME`='orchsym-default' AND `NAME`='baishancloud' AND `NOT_BEFORE`=1601279651 AND `PASSWORD_POLICY`='length(8) and lowerCase(2) and passwordHistory(3)' AND `REGISTRATION_ALLOWED`='0' AND `REMEMBER_ME`='0' AND `RESET_PASSWORD_ALLOWED`='1' AND `SOCIAL`='0' AND `SSL_REQUIRED`='EXTERNAL' AND `SSO_IDLE_TIMEOUT`=60 AND `SSO_MAX_LIFESPAN`=60 AND `UPDATE_PROFILE_ON_SOC_LOGIN`='0' AND `VERIFY_EMAIL`='0' AND `MASTER_ADMIN_CLIENT`='3bf7095e-2036-45c0-83a4-46938329ba46' AND `LOGIN_LIFESPAN`=1800 AND `INTERNATIONALIZATION_ENABLED`='1' AND `DEFAULT_LOCALE`='zh-CN' AND `REG_EMAIL_AS_USERNAME`='0' AND `ADMIN_EVENTS_ENABLED`='0' AND `ADMIN_EVENTS_DETAILS_ENABLED`='0' AND `EDIT_USERNAME_ALLOWED`='0' AND `OTP_POLICY_COUNTER`=0 AND `OTP_POLICY_WINDOW`=1 AND `OTP_POLICY_PERIOD`=30 AND `OTP_POLICY_DIGITS`=6 AND `OTP_POLICY_ALG`='HmacSHA1' AND `OTP_POLICY_TYPE`='totp' AND `BROWSER_FLOW`='a1822d8d-9138-4311-b7c3-8b97c4f835a3' AND `REGISTRATION_FLOW`='bbec543a-adad-4575-9e15-9fe24c072a71' AND `DIRECT_GRANT_FLOW`='c5c2adf9-59b7-429b-a4a8-12eb4730768d' AND `RESET_CREDENTIALS_FLOW`='dc10c16f-0172-4f97-9964-e507ee9caa15' AND `CLIENT_AUTH_FLOW`='8bdb5cd5-6bbc-4bb2-94ae-3c25cc52f53d' AND `OFFLINE_SESSION_IDLE_TIMEOUT`=2592000 AND `REVOKE_REFRESH_TOKEN`='0' AND `ACCESS_TOKEN_LIFE_IMPLICIT`=7200 AND `LOGIN_WITH_EMAIL_ALLOWED`='1' AND `DUPLICATE_EMAILS_ALLOWED`='0' AND `DOCKER_AUTH_FLOW`='0f44f9bc-7219-487c-8b23-32f49a14d92d' AND `REFRESH_TOKEN_MAX_REUSE`=0 AND `ALLOW_USER_MANAGED_ACCESS`='0' LIMIT 1; #start 595705 end 597023 time 2021-06-14 18:24:33
DELETE FROM `keycloak`.`REALM_EVENTS_LISTENERS` WHERE `REALM_ID`='baishancloud' AND `VALUE`='jboss-logging' LIMIT 1; #start 595705 end 597153 time 2021-06-14 18:24:33
INSERT INTO `keycloak`.`REALM_EVENTS_LISTENERS`(`REALM_ID`, `VALUE`) VALUES ('baishancloud', 'jboss-logging'); #start 595705 end 597283 time 2021-06-14 18:24:33
DELETE FROM `keycloak`.`REALM_SMTP_CONFIG` WHERE `REALM_ID`='baishancloud' AND `VALUE`='true' AND `NAME`='auth' LIMIT 1; #start 595705 end 597672 time 2021-06-14 18:24:33
DELETE FROM `keycloak`.`REALM_SMTP_CONFIG` WHERE `REALM_ID`='baishancloud' AND `VALUE`='orchsym-no-reply@baishan.com' AND `NAME`='from' LIMIT 1; #start 595705 end 597672 time 2021-06-14 18:24:33
DELETE FROM `keycloak`.`REALM_SMTP_CONFIG` WHERE `REALM_ID`='baishancloud' AND `VALUE`='smtp.partner.outlook.cn' AND `NAME`='host' LIMIT 1; #start 595705 end 597672 time 2021-06-14 18:24:33
DELETE FROM `keycloak`.`REALM_SMTP_CONFIG` WHERE `REALM_ID`='baishancloud' AND `VALUE`='b6$&qS7P6YYx' AND `NAME`='password' LIMIT 1; #start 595705 end 597672 time 2021-06-14 18:24:33
DELETE FROM `keycloak`.`REALM_SMTP_CONFIG` WHERE `REALM_ID`='baishancloud' AND `VALUE`='587' AND `NAME`='port' LIMIT 1; #start 595705 end 597672 time 2021-06-14 18:24:33
DELETE FROM `keycloak`.`REALM_SMTP_CONFIG` WHERE `REALM_ID`='baishancloud' AND `VALUE`='false' AND `NAME`='ssl' LIMIT 1; #start 595705 end 597672 time 2021-06-14 18:24:33
DELETE FROM `keycloak`.`REALM_SMTP_CONFIG` WHERE `REALM_ID`='baishancloud' AND `VALUE`='true' AND `NAME`='starttls' LIMIT 1; #start 595705 end 597672 time 2021-06-14 18:24:33
DELETE FROM `keycloak`.`REALM_SMTP_CONFIG` WHERE `REALM_ID`='baishancloud' AND `VALUE`='orchsym-no-reply@baishan.com' AND `NAME`='user' LIMIT 1; #start 595705 end 597672 time 2021-06-14 18:24:33
INSERT INTO `keycloak`.`REALM_SMTP_CONFIG`(`REALM_ID`, `VALUE`, `NAME`) VALUES ('baishancloud', 'b6$&qS7P6YYx', 'password'); #start 595705 end 597809 time 2021-06-14 18:24:33
INSERT INTO `keycloak`.`REALM_SMTP_CONFIG`(`REALM_ID`, `VALUE`, `NAME`) VALUES ('baishancloud', 'true', 'starttls'); #start 595705 end 597938 time 2021-06-14 18:24:33
INSERT INTO `keycloak`.`REALM_SMTP_CONFIG`(`REALM_ID`, `VALUE`, `NAME`) VALUES ('baishancloud', 'true', 'auth'); #start 595705 end 598063 time 2021-06-14 18:24:33
INSERT INTO `keycloak`.`REALM_SMTP_CONFIG`(`REALM_ID`, `VALUE`, `NAME`) VALUES ('baishancloud', '587', 'port'); #start 595705 end 598187 time 2021-06-14 18:24:33
INSERT INTO `keycloak`.`REALM_SMTP_CONFIG`(`REALM_ID`, `VALUE`, `NAME`) VALUES ('baishancloud', 'smtp.partner.outlook.cn', 'host'); #start 595705 end 598331 time 2021-06-14 18:24:33
INSERT INTO `keycloak`.`REALM_SMTP_CONFIG`(`REALM_ID`, `VALUE`, `NAME`) VALUES ('baishancloud', 'orchsym-no-reply@baishan.com', 'from'); #start 595705 end 598480 time 2021-06-14 18:24:33
INSERT INTO `keycloak`.`REALM_SMTP_CONFIG`(`REALM_ID`, `VALUE`, `NAME`) VALUES ('baishancloud', 'false', 'ssl'); #start 595705 end 598605 time 2021-06-14 18:24:33
INSERT INTO `keycloak`.`REALM_SMTP_CONFIG`(`REALM_ID`, `VALUE`, `NAME`) VALUES ('baishancloud', 'orchsym-no-reply@baishan.com', 'user'); #start 595705 end 598754 time 2021-06-14 18:24:33
DELETE FROM `keycloak`.`REALM_SUPPORTED_LOCALES` WHERE `REALM_ID`='baishancloud' AND `VALUE`='zh-CN' LIMIT 1; #start 595705 end 598877 time 2021-06-14 18:24:33
INSERT INTO `keycloak`.`REALM_SUPPORTED_LOCALES`(`REALM_ID`, `VALUE`) VALUES ('baishancloud', 'zh-CN'); #start 595705 end 599000 time 2021-06-14 18:24:33
UPDATE `keycloak`.`REALM` SET `ID`='baishancloud', `ACCESS_CODE_LIFESPAN`=60, `USER_ACTION_LIFESPAN`=300, `ACCESS_TOKEN_LIFESPAN`=21600, `ACCOUNT_THEME`='orchsym-default', `ADMIN_THEME`='orchsym-default', `EMAIL_THEME`='orchsym-default', `ENABLED`='1', `EVENTS_ENABLED`='0', `EVENTS_EXPIRATION`=0, `LOGIN_THEME`='keycloak', `NAME`='baishancloud', `NOT_BEFORE`=1601279651, `PASSWORD_POLICY`='length(8) and lowerCase(2) and passwordHistory(3)', `REGISTRATION_ALLOWED`='0', `REMEMBER_ME`='0', `RESET_PASSWORD_ALLOWED`='1', `SOCIAL`='0', `SSL_REQUIRED`='EXTERNAL', `SSO_IDLE_TIMEOUT`=60, `SSO_MAX_LIFESPAN`=60, `UPDATE_PROFILE_ON_SOC_LOGIN`='0', `VERIFY_EMAIL`='0', `MASTER_ADMIN_CLIENT`='3bf7095e-2036-45c0-83a4-46938329ba46', `LOGIN_LIFESPAN`=1800, `INTERNATIONALIZATION_ENABLED`='1', `DEFAULT_LOCALE`='zh-CN', `REG_EMAIL_AS_USERNAME`='0', `ADMIN_EVENTS_ENABLED`='0', `ADMIN_EVENTS_DETAILS_ENABLED`='0', `EDIT_USERNAME_ALLOWED`='0', `OTP_POLICY_COUNTER`=0, `OTP_POLICY_WINDOW`=1, `OTP_POLICY_PERIOD`=30, `OTP_POLICY_DIGITS`=6, `OTP_POLICY_ALG`='HmacSHA1', `OTP_POLICY_TYPE`='totp', `BROWSER_FLOW`='a1822d8d-9138-4311-b7c3-8b97c4f835a3', `REGISTRATION_FLOW`='bbec543a-adad-4575-9e15-9fe24c072a71', `DIRECT_GRANT_FLOW`='c5c2adf9-59b7-429b-a4a8-12eb4730768d', `RESET_CREDENTIALS_FLOW`='dc10c16f-0172-4f97-9964-e507ee9caa15', `CLIENT_AUTH_FLOW`='8bdb5cd5-6bbc-4bb2-94ae-3c25cc52f53d', `OFFLINE_SESSION_IDLE_TIMEOUT`=2592000, `REVOKE_REFRESH_TOKEN`='0', `ACCESS_TOKEN_LIFE_IMPLICIT`=7200, `LOGIN_WITH_EMAIL_ALLOWED`='1', `DUPLICATE_EMAILS_ALLOWED`='0', `DOCKER_AUTH_FLOW`='0f44f9bc-7219-487c-8b23-32f49a14d92d', `REFRESH_TOKEN_MAX_REUSE`=0, `ALLOW_USER_MANAGED_ACCESS`='0' WHERE `ID`='baishancloud' AND `ACCESS_CODE_LIFESPAN`=60 AND `USER_ACTION_LIFESPAN`=300 AND `ACCESS_TOKEN_LIFESPAN`=21600 AND `ACCOUNT_THEME`='orchsym-default' AND `ADMIN_THEME`='orchsym-default' AND `EMAIL_THEME`='orchsym-default' AND `ENABLED`='1' AND `EVENTS_ENABLED`='0' AND `EVENTS_EXPIRATION`=0 AND `LOGIN_THEME`='base' AND `NAME`='baishancloud' AND `NOT_BEFORE`=1601279651 AND `PASSWORD_POLICY`='length(8) and lowerCase(2) and passwordHistory(3)' AND `REGISTRATION_ALLOWED`='0' AND `REMEMBER_ME`='0' AND `RESET_PASSWORD_ALLOWED`='1' AND `SOCIAL`='0' AND `SSL_REQUIRED`='EXTERNAL' AND `SSO_IDLE_TIMEOUT`=60 AND `SSO_MAX_LIFESPAN`=60 AND `UPDATE_PROFILE_ON_SOC_LOGIN`='0' AND `VERIFY_EMAIL`='0' AND `MASTER_ADMIN_CLIENT`='3bf7095e-2036-45c0-83a4-46938329ba46' AND `LOGIN_LIFESPAN`=1800 AND `INTERNATIONALIZATION_ENABLED`='1' AND `DEFAULT_LOCALE`='zh-CN' AND `REG_EMAIL_AS_USERNAME`='0' AND `ADMIN_EVENTS_ENABLED`='0' AND `ADMIN_EVENTS_DETAILS_ENABLED`='0' AND `EDIT_USERNAME_ALLOWED`='0' AND `OTP_POLICY_COUNTER`=0 AND `OTP_POLICY_WINDOW`=1 AND `OTP_POLICY_PERIOD`=30 AND `OTP_POLICY_DIGITS`=6 AND `OTP_POLICY_ALG`='HmacSHA1' AND `OTP_POLICY_TYPE`='totp' AND `BROWSER_FLOW`='a1822d8d-9138-4311-b7c3-8b97c4f835a3' AND `REGISTRATION_FLOW`='bbec543a-adad-4575-9e15-9fe24c072a71' AND `DIRECT_GRANT_FLOW`='c5c2adf9-59b7-429b-a4a8-12eb4730768d' AND `RESET_CREDENTIALS_FLOW`='dc10c16f-0172-4f97-9964-e507ee9caa15' AND `CLIENT_AUTH_FLOW`='8bdb5cd5-6bbc-4bb2-94ae-3c25cc52f53d' AND `OFFLINE_SESSION_IDLE_TIMEOUT`=2592000 AND `REVOKE_REFRESH_TOKEN`='0' AND `ACCESS_TOKEN_LIFE_IMPLICIT`=7200 AND `LOGIN_WITH_EMAIL_ALLOWED`='1' AND `DUPLICATE_EMAILS_ALLOWED`='0' AND `DOCKER_AUTH_FLOW`='0f44f9bc-7219-487c-8b23-32f49a14d92d' AND `REFRESH_TOKEN_MAX_REUSE`=0 AND `ALLOW_USER_MANAGED_ACCESS`='0' LIMIT 1; #start 599088 end 600399 time 2021-06-14 18:24:57
DELETE FROM `keycloak`.`REALM_EVENTS_LISTENERS` WHERE `REALM_ID`='baishancloud' AND `VALUE`='jboss-logging' LIMIT 1; #start 599088 end 600529 time 2021-06-14 18:24:57
INSERT INTO `keycloak`.`REALM_EVENTS_LISTENERS`(`REALM_ID`, `VALUE`) VALUES ('baishancloud', 'jboss-logging'); #start 599088 end 600659 time 2021-06-14 18:24:57
DELETE FROM `keycloak`.`REALM_SMTP_CONFIG` WHERE `REALM_ID`='baishancloud' AND `VALUE`='true' AND `NAME`='auth' LIMIT 1; #start 599088 end 601048 time 2021-06-14 18:24:57
DELETE FROM `keycloak`.`REALM_SMTP_CONFIG` WHERE `REALM_ID`='baishancloud' AND `VALUE`='orchsym-no-reply@baishan.com' AND `NAME`='from' LIMIT 1; #start 599088 end 601048 time 2021-06-14 18:24:57
DELETE FROM `keycloak`.`REALM_SMTP_CONFIG` WHERE `REALM_ID`='baishancloud' AND `VALUE`='smtp.partner.outlook.cn' AND `NAME`='host' LIMIT 1; #start 599088 end 601048 time 2021-06-14 18:24:57
DELETE FROM `keycloak`.`REALM_SMTP_CONFIG` WHERE `REALM_ID`='baishancloud' AND `VALUE`='b6$&qS7P6YYx' AND `NAME`='password' LIMIT 1; #start 599088 end 601048 time 2021-06-14 18:24:57
DELETE FROM `keycloak`.`REALM_SMTP_CONFIG` WHERE `REALM_ID`='baishancloud' AND `VALUE`='587' AND `NAME`='port' LIMIT 1; #start 599088 end 601048 time 2021-06-14 18:24:57
DELETE FROM `keycloak`.`REALM_SMTP_CONFIG` WHERE `REALM_ID`='baishancloud' AND `VALUE`='false' AND `NAME`='ssl' LIMIT 1; #start 599088 end 601048 time 2021-06-14 18:24:57
DELETE FROM `keycloak`.`REALM_SMTP_CONFIG` WHERE `REALM_ID`='baishancloud' AND `VALUE`='true' AND `NAME`='starttls' LIMIT 1; #start 599088 end 601048 time 2021-06-14 18:24:57
DELETE FROM `keycloak`.`REALM_SMTP_CONFIG` WHERE `REALM_ID`='baishancloud' AND `VALUE`='orchsym-no-reply@baishan.com' AND `NAME`='user' LIMIT 1; #start 599088 end 601048 time 2021-06-14 18:24:57
INSERT INTO `keycloak`.`REALM_SMTP_CONFIG`(`REALM_ID`, `VALUE`, `NAME`) VALUES ('baishancloud', 'b6$&qS7P6YYx', 'password'); #start 599088 end 601185 time 2021-06-14 18:24:57
INSERT INTO `keycloak`.`REALM_SMTP_CONFIG`(`REALM_ID`, `VALUE`, `NAME`) VALUES ('baishancloud', 'true', 'starttls'); #start 599088 end 601314 time 2021-06-14 18:24:57
INSERT INTO `keycloak`.`REALM_SMTP_CONFIG`(`REALM_ID`, `VALUE`, `NAME`) VALUES ('baishancloud', 'true', 'auth'); #start 599088 end 601439 time 2021-06-14 18:24:57
INSERT INTO `keycloak`.`REALM_SMTP_CONFIG`(`REALM_ID`, `VALUE`, `NAME`) VALUES ('baishancloud', '587', 'port'); #start 599088 end 601563 time 2021-06-14 18:24:57
INSERT INTO `keycloak`.`REALM_SMTP_CONFIG`(`REALM_ID`, `VALUE`, `NAME`) VALUES ('baishancloud', 'smtp.partner.outlook.cn', 'host'); #start 599088 end 601707 time 2021-06-14 18:24:57
INSERT INTO `keycloak`.`REALM_SMTP_CONFIG`(`REALM_ID`, `VALUE`, `NAME`) VALUES ('baishancloud', 'orchsym-no-reply@baishan.com', 'from'); #start 599088 end 601856 time 2021-06-14 18:24:57
INSERT INTO `keycloak`.`REALM_SMTP_CONFIG`(`REALM_ID`, `VALUE`, `NAME`) VALUES ('baishancloud', 'false', 'ssl'); #start 599088 end 601981 time 2021-06-14 18:24:57
INSERT INTO `keycloak`.`REALM_SMTP_CONFIG`(`REALM_ID`, `VALUE`, `NAME`) VALUES ('baishancloud', 'orchsym-no-reply@baishan.com', 'user'); #start 599088 end 602130 time 2021-06-14 18:24:57
DELETE FROM `keycloak`.`REALM_SUPPORTED_LOCALES` WHERE `REALM_ID`='baishancloud' AND `VALUE`='zh-CN' LIMIT 1; #start 599088 end 602253 time 2021-06-14 18:24:57
INSERT INTO `keycloak`.`REALM_SUPPORTED_LOCALES`(`REALM_ID`, `VALUE`) VALUES ('baishancloud', 'zh-CN'); #start 599088 end 602376 time 2021-06-14 18:24:57
UPDATE `keycloak`.`REALM` SET `ID`='baishancloud', `ACCESS_CODE_LIFESPAN`=60, `USER_ACTION_LIFESPAN`=300, `ACCESS_TOKEN_LIFESPAN`=21600, `ACCOUNT_THEME`='orchsym-default', `ADMIN_THEME`='orchsym-default', `EMAIL_THEME`='orchsym-default', `ENABLED`='1', `EVENTS_ENABLED`='0', `EVENTS_EXPIRATION`=0, `LOGIN_THEME`='orchsym-default', `NAME`='baishancloud', `NOT_BEFORE`=1601279651, `PASSWORD_POLICY`='length(8) and lowerCase(2) and passwordHistory(3)', `REGISTRATION_ALLOWED`='0', `REMEMBER_ME`='0', `RESET_PASSWORD_ALLOWED`='1', `SOCIAL`='0', `SSL_REQUIRED`='EXTERNAL', `SSO_IDLE_TIMEOUT`=60, `SSO_MAX_LIFESPAN`=60, `UPDATE_PROFILE_ON_SOC_LOGIN`='0', `VERIFY_EMAIL`='0', `MASTER_ADMIN_CLIENT`='3bf7095e-2036-45c0-83a4-46938329ba46', `LOGIN_LIFESPAN`=1800, `INTERNATIONALIZATION_ENABLED`='1', `DEFAULT_LOCALE`='zh-CN', `REG_EMAIL_AS_USERNAME`='0', `ADMIN_EVENTS_ENABLED`='0', `ADMIN_EVENTS_DETAILS_ENABLED`='0', `EDIT_USERNAME_ALLOWED`='0', `OTP_POLICY_COUNTER`=0, `OTP_POLICY_WINDOW`=1, `OTP_POLICY_PERIOD`=30, `OTP_POLICY_DIGITS`=6, `OTP_POLICY_ALG`='HmacSHA1', `OTP_POLICY_TYPE`='totp', `BROWSER_FLOW`='a1822d8d-9138-4311-b7c3-8b97c4f835a3', `REGISTRATION_FLOW`='bbec543a-adad-4575-9e15-9fe24c072a71', `DIRECT_GRANT_FLOW`='c5c2adf9-59b7-429b-a4a8-12eb4730768d', `RESET_CREDENTIALS_FLOW`='dc10c16f-0172-4f97-9964-e507ee9caa15', `CLIENT_AUTH_FLOW`='8bdb5cd5-6bbc-4bb2-94ae-3c25cc52f53d', `OFFLINE_SESSION_IDLE_TIMEOUT`=2592000, `REVOKE_REFRESH_TOKEN`='0', `ACCESS_TOKEN_LIFE_IMPLICIT`=7200, `LOGIN_WITH_EMAIL_ALLOWED`='1', `DUPLICATE_EMAILS_ALLOWED`='0', `DOCKER_AUTH_FLOW`='0f44f9bc-7219-487c-8b23-32f49a14d92d', `REFRESH_TOKEN_MAX_REUSE`=0, `ALLOW_USER_MANAGED_ACCESS`='0' WHERE `ID`='baishancloud' AND `ACCESS_CODE_LIFESPAN`=60 AND `USER_ACTION_LIFESPAN`=300 AND `ACCESS_TOKEN_LIFESPAN`=21600 AND `ACCOUNT_THEME`='orchsym-default' AND `ADMIN_THEME`='orchsym-default' AND `EMAIL_THEME`='orchsym-default' AND `ENABLED`='1' AND `EVENTS_ENABLED`='0' AND `EVENTS_EXPIRATION`=0 AND `LOGIN_THEME`='keycloak' AND `NAME`='baishancloud' AND `NOT_BEFORE`=1601279651 AND `PASSWORD_POLICY`='length(8) and lowerCase(2) and passwordHistory(3)' AND `REGISTRATION_ALLOWED`='0' AND `REMEMBER_ME`='0' AND `RESET_PASSWORD_ALLOWED`='1' AND `SOCIAL`='0' AND `SSL_REQUIRED`='EXTERNAL' AND `SSO_IDLE_TIMEOUT`=60 AND `SSO_MAX_LIFESPAN`=60 AND `UPDATE_PROFILE_ON_SOC_LOGIN`='0' AND `VERIFY_EMAIL`='0' AND `MASTER_ADMIN_CLIENT`='3bf7095e-2036-45c0-83a4-46938329ba46' AND `LOGIN_LIFESPAN`=1800 AND `INTERNATIONALIZATION_ENABLED`='1' AND `DEFAULT_LOCALE`='zh-CN' AND `REG_EMAIL_AS_USERNAME`='0' AND `ADMIN_EVENTS_ENABLED`='0' AND `ADMIN_EVENTS_DETAILS_ENABLED`='0' AND `EDIT_USERNAME_ALLOWED`='0' AND `OTP_POLICY_COUNTER`=0 AND `OTP_POLICY_WINDOW`=1 AND `OTP_POLICY_PERIOD`=30 AND `OTP_POLICY_DIGITS`=6 AND `OTP_POLICY_ALG`='HmacSHA1' AND `OTP_POLICY_TYPE`='totp' AND `BROWSER_FLOW`='a1822d8d-9138-4311-b7c3-8b97c4f835a3' AND `REGISTRATION_FLOW`='bbec543a-adad-4575-9e15-9fe24c072a71' AND `DIRECT_GRANT_FLOW`='c5c2adf9-59b7-429b-a4a8-12eb4730768d' AND `RESET_CREDENTIALS_FLOW`='dc10c16f-0172-4f97-9964-e507ee9caa15' AND `CLIENT_AUTH_FLOW`='8bdb5cd5-6bbc-4bb2-94ae-3c25cc52f53d' AND `OFFLINE_SESSION_IDLE_TIMEOUT`=2592000 AND `REVOKE_REFRESH_TOKEN`='0' AND `ACCESS_TOKEN_LIFE_IMPLICIT`=7200 AND `LOGIN_WITH_EMAIL_ALLOWED`='1' AND `DUPLICATE_EMAILS_ALLOWED`='0' AND `DOCKER_AUTH_FLOW`='0f44f9bc-7219-487c-8b23-32f49a14d92d' AND `REFRESH_TOKEN_MAX_REUSE`=0 AND `ALLOW_USER_MANAGED_ACCESS`='0' LIMIT 1; #start 602464 end 603786 time 2021-06-14 18:25:17
DELETE FROM `keycloak`.`REALM_EVENTS_LISTENERS` WHERE `REALM_ID`='baishancloud' AND `VALUE`='jboss-logging' LIMIT 1; #start 602464 end 603916 time 2021-06-14 18:25:17
INSERT INTO `keycloak`.`REALM_EVENTS_LISTENERS`(`REALM_ID`, `VALUE`) VALUES ('baishancloud', 'jboss-logging'); #start 602464 end 604046 time 2021-06-14 18:25:17
DELETE FROM `keycloak`.`REALM_SMTP_CONFIG` WHERE `REALM_ID`='baishancloud' AND `VALUE`='true' AND `NAME`='auth' LIMIT 1; #start 602464 end 604435 time 2021-06-14 18:25:17
DELETE FROM `keycloak`.`REALM_SMTP_CONFIG` WHERE `REALM_ID`='baishancloud' AND `VALUE`='orchsym-no-reply@baishan.com' AND `NAME`='from' LIMIT 1; #start 602464 end 604435 time 2021-06-14 18:25:17
DELETE FROM `keycloak`.`REALM_SMTP_CONFIG` WHERE `REALM_ID`='baishancloud' AND `VALUE`='smtp.partner.outlook.cn' AND `NAME`='host' LIMIT 1; #start 602464 end 604435 time 2021-06-14 18:25:17
DELETE FROM `keycloak`.`REALM_SMTP_CONFIG` WHERE `REALM_ID`='baishancloud' AND `VALUE`='b6$&qS7P6YYx' AND `NAME`='password' LIMIT 1; #start 602464 end 604435 time 2021-06-14 18:25:17
DELETE FROM `keycloak`.`REALM_SMTP_CONFIG` WHERE `REALM_ID`='baishancloud' AND `VALUE`='587' AND `NAME`='port' LIMIT 1; #start 602464 end 604435 time 2021-06-14 18:25:17
DELETE FROM `keycloak`.`REALM_SMTP_CONFIG` WHERE `REALM_ID`='baishancloud' AND `VALUE`='false' AND `NAME`='ssl' LIMIT 1; #start 602464 end 604435 time 2021-06-14 18:25:17
DELETE FROM `keycloak`.`REALM_SMTP_CONFIG` WHERE `REALM_ID`='baishancloud' AND `VALUE`='true' AND `NAME`='starttls' LIMIT 1; #start 602464 end 604435 time 2021-06-14 18:25:17
DELETE FROM `keycloak`.`REALM_SMTP_CONFIG` WHERE `REALM_ID`='baishancloud' AND `VALUE`='orchsym-no-reply@baishan.com' AND `NAME`='user' LIMIT 1; #start 602464 end 604435 time 2021-06-14 18:25:17
INSERT INTO `keycloak`.`REALM_SMTP_CONFIG`(`REALM_ID`, `VALUE`, `NAME`) VALUES ('baishancloud', 'b6$&qS7P6YYx', 'password'); #start 602464 end 604572 time 2021-06-14 18:25:17
INSERT INTO `keycloak`.`REALM_SMTP_CONFIG`(`REALM_ID`, `VALUE`, `NAME`) VALUES ('baishancloud', 'true', 'starttls'); #start 602464 end 604701 time 2021-06-14 18:25:17
INSERT INTO `keycloak`.`REALM_SMTP_CONFIG`(`REALM_ID`, `VALUE`, `NAME`) VALUES ('baishancloud', 'true', 'auth'); #start 602464 end 604826 time 2021-06-14 18:25:17
INSERT INTO `keycloak`.`REALM_SMTP_CONFIG`(`REALM_ID`, `VALUE`, `NAME`) VALUES ('baishancloud', '587', 'port'); #start 602464 end 604950 time 2021-06-14 18:25:17
INSERT INTO `keycloak`.`REALM_SMTP_CONFIG`(`REALM_ID`, `VALUE`, `NAME`) VALUES ('baishancloud', 'smtp.partner.outlook.cn', 'host'); #start 602464 end 605094 time 2021-06-14 18:25:17
INSERT INTO `keycloak`.`REALM_SMTP_CONFIG`(`REALM_ID`, `VALUE`, `NAME`) VALUES ('baishancloud', 'orchsym-no-reply@baishan.com', 'from'); #start 602464 end 605243 time 2021-06-14 18:25:17
INSERT INTO `keycloak`.`REALM_SMTP_CONFIG`(`REALM_ID`, `VALUE`, `NAME`) VALUES ('baishancloud', 'false', 'ssl'); #start 602464 end 605368 time 2021-06-14 18:25:17
INSERT INTO `keycloak`.`REALM_SMTP_CONFIG`(`REALM_ID`, `VALUE`, `NAME`) VALUES ('baishancloud', 'orchsym-no-reply@baishan.com', 'user'); #start 602464 end 605517 time 2021-06-14 18:25:17
DELETE FROM `keycloak`.`REALM_SUPPORTED_LOCALES` WHERE `REALM_ID`='baishancloud' AND `VALUE`='zh-CN' LIMIT 1; #start 602464 end 605640 time 2021-06-14 18:25:17
INSERT INTO `keycloak`.`REALM_SUPPORTED_LOCALES`(`REALM_ID`, `VALUE`) VALUES ('baishancloud', 'zh-CN'); #start 602464 end 605763 time 2021-06-14 18:25:17
UPDATE `keycloak`.`REALM` SET `ID`='baishancloud', `ACCESS_CODE_LIFESPAN`=60, `USER_ACTION_LIFESPAN`=300, `ACCESS_TOKEN_LIFESPAN`=21600, `ACCOUNT_THEME`='orchsym-default', `ADMIN_THEME`='orchsym-default', `EMAIL_THEME`='orchsym-default', `ENABLED`='1', `EVENTS_ENABLED`='0', `EVENTS_EXPIRATION`=0, `LOGIN_THEME`='orchsym-default', `NAME`='baishancloud', `NOT_BEFORE`=1601279651, `PASSWORD_POLICY`='length(8) and lowerCase(2) and passwordHistory(3)', `REGISTRATION_ALLOWED`='0', `REMEMBER_ME`='0', `RESET_PASSWORD_ALLOWED`='1', `SOCIAL`='0', `SSL_REQUIRED`='EXTERNAL', `SSO_IDLE_TIMEOUT`=1800, `SSO_MAX_LIFESPAN`=86400, `UPDATE_PROFILE_ON_SOC_LOGIN`='0', `VERIFY_EMAIL`='0', `MASTER_ADMIN_CLIENT`='3bf7095e-2036-45c0-83a4-46938329ba46', `LOGIN_LIFESPAN`=1800, `INTERNATIONALIZATION_ENABLED`='1', `DEFAULT_LOCALE`='zh-CN', `REG_EMAIL_AS_USERNAME`='0', `ADMIN_EVENTS_ENABLED`='0', `ADMIN_EVENTS_DETAILS_ENABLED`='0', `EDIT_USERNAME_ALLOWED`='0', `OTP_POLICY_COUNTER`=0, `OTP_POLICY_WINDOW`=1, `OTP_POLICY_PERIOD`=30, `OTP_POLICY_DIGITS`=6, `OTP_POLICY_ALG`='HmacSHA1', `OTP_POLICY_TYPE`='totp', `BROWSER_FLOW`='a1822d8d-9138-4311-b7c3-8b97c4f835a3', `REGISTRATION_FLOW`='bbec543a-adad-4575-9e15-9fe24c072a71', `DIRECT_GRANT_FLOW`='c5c2adf9-59b7-429b-a4a8-12eb4730768d', `RESET_CREDENTIALS_FLOW`='dc10c16f-0172-4f97-9964-e507ee9caa15', `CLIENT_AUTH_FLOW`='8bdb5cd5-6bbc-4bb2-94ae-3c25cc52f53d', `OFFLINE_SESSION_IDLE_TIMEOUT`=2592000, `REVOKE_REFRESH_TOKEN`='0', `ACCESS_TOKEN_LIFE_IMPLICIT`=7200, `LOGIN_WITH_EMAIL_ALLOWED`='1', `DUPLICATE_EMAILS_ALLOWED`='0', `DOCKER_AUTH_FLOW`='0f44f9bc-7219-487c-8b23-32f49a14d92d', `REFRESH_TOKEN_MAX_REUSE`=0, `ALLOW_USER_MANAGED_ACCESS`='0' WHERE `ID`='baishancloud' AND `ACCESS_CODE_LIFESPAN`=60 AND `USER_ACTION_LIFESPAN`=300 AND `ACCESS_TOKEN_LIFESPAN`=21600 AND `ACCOUNT_THEME`='orchsym-default' AND `ADMIN_THEME`='orchsym-default' AND `EMAIL_THEME`='orchsym-default' AND `ENABLED`='1' AND `EVENTS_ENABLED`='0' AND `EVENTS_EXPIRATION`=0 AND `LOGIN_THEME`='orchsym-default' AND `NAME`='baishancloud' AND `NOT_BEFORE`=1601279651 AND `PASSWORD_POLICY`='length(8) and lowerCase(2) and passwordHistory(3)' AND `REGISTRATION_ALLOWED`='0' AND `REMEMBER_ME`='0' AND `RESET_PASSWORD_ALLOWED`='1' AND `SOCIAL`='0' AND `SSL_REQUIRED`='EXTERNAL' AND `SSO_IDLE_TIMEOUT`=60 AND `SSO_MAX_LIFESPAN`=60 AND `UPDATE_PROFILE_ON_SOC_LOGIN`='0' AND `VERIFY_EMAIL`='0' AND `MASTER_ADMIN_CLIENT`='3bf7095e-2036-45c0-83a4-46938329ba46' AND `LOGIN_LIFESPAN`=1800 AND `INTERNATIONALIZATION_ENABLED`='1' AND `DEFAULT_LOCALE`='zh-CN' AND `REG_EMAIL_AS_USERNAME`='0' AND `ADMIN_EVENTS_ENABLED`='0' AND `ADMIN_EVENTS_DETAILS_ENABLED`='0' AND `EDIT_USERNAME_ALLOWED`='0' AND `OTP_POLICY_COUNTER`=0 AND `OTP_POLICY_WINDOW`=1 AND `OTP_POLICY_PERIOD`=30 AND `OTP_POLICY_DIGITS`=6 AND `OTP_POLICY_ALG`='HmacSHA1' AND `OTP_POLICY_TYPE`='totp' AND `BROWSER_FLOW`='a1822d8d-9138-4311-b7c3-8b97c4f835a3' AND `REGISTRATION_FLOW`='bbec543a-adad-4575-9e15-9fe24c072a71' AND `DIRECT_GRANT_FLOW`='c5c2adf9-59b7-429b-a4a8-12eb4730768d' AND `RESET_CREDENTIALS_FLOW`='dc10c16f-0172-4f97-9964-e507ee9caa15' AND `CLIENT_AUTH_FLOW`='8bdb5cd5-6bbc-4bb2-94ae-3c25cc52f53d' AND `OFFLINE_SESSION_IDLE_TIMEOUT`=2592000 AND `REVOKE_REFRESH_TOKEN`='0' AND `ACCESS_TOKEN_LIFE_IMPLICIT`=7200 AND `LOGIN_WITH_EMAIL_ALLOWED`='1' AND `DUPLICATE_EMAILS_ALLOWED`='0' AND `DOCKER_AUTH_FLOW`='0f44f9bc-7219-487c-8b23-32f49a14d92d' AND `REFRESH_TOKEN_MAX_REUSE`=0 AND `ALLOW_USER_MANAGED_ACCESS`='0' LIMIT 1; #start 605851 end 607180 time 2021-06-14 18:26:22
DELETE FROM `keycloak`.`REALM_EVENTS_LISTENERS` WHERE `REALM_ID`='baishancloud' AND `VALUE`='jboss-logging' LIMIT 1; #start 605851 end 607310 time 2021-06-14 18:26:22
INSERT INTO `keycloak`.`REALM_EVENTS_LISTENERS`(`REALM_ID`, `VALUE`) VALUES ('baishancloud', 'jboss-logging'); #start 605851 end 607440 time 2021-06-14 18:26:22
DELETE FROM `keycloak`.`REALM_SMTP_CONFIG` WHERE `REALM_ID`='baishancloud' AND `VALUE`='true' AND `NAME`='auth' LIMIT 1; #start 605851 end 607829 time 2021-06-14 18:26:22
DELETE FROM `keycloak`.`REALM_SMTP_CONFIG` WHERE `REALM_ID`='baishancloud' AND `VALUE`='orchsym-no-reply@baishan.com' AND `NAME`='from' LIMIT 1; #start 605851 end 607829 time 2021-06-14 18:26:22
DELETE FROM `keycloak`.`REALM_SMTP_CONFIG` WHERE `REALM_ID`='baishancloud' AND `VALUE`='smtp.partner.outlook.cn' AND `NAME`='host' LIMIT 1; #start 605851 end 607829 time 2021-06-14 18:26:22
DELETE FROM `keycloak`.`REALM_SMTP_CONFIG` WHERE `REALM_ID`='baishancloud' AND `VALUE`='b6$&qS7P6YYx' AND `NAME`='password' LIMIT 1; #start 605851 end 607829 time 2021-06-14 18:26:22
DELETE FROM `keycloak`.`REALM_SMTP_CONFIG` WHERE `REALM_ID`='baishancloud' AND `VALUE`='587' AND `NAME`='port' LIMIT 1; #start 605851 end 607829 time 2021-06-14 18:26:22
DELETE FROM `keycloak`.`REALM_SMTP_CONFIG` WHERE `REALM_ID`='baishancloud' AND `VALUE`='false' AND `NAME`='ssl' LIMIT 1; #start 605851 end 607829 time 2021-06-14 18:26:22
DELETE FROM `keycloak`.`REALM_SMTP_CONFIG` WHERE `REALM_ID`='baishancloud' AND `VALUE`='true' AND `NAME`='starttls' LIMIT 1; #start 605851 end 607829 time 2021-06-14 18:26:22
DELETE FROM `keycloak`.`REALM_SMTP_CONFIG` WHERE `REALM_ID`='baishancloud' AND `VALUE`='orchsym-no-reply@baishan.com' AND `NAME`='user' LIMIT 1; #start 605851 end 607829 time 2021-06-14 18:26:22
INSERT INTO `keycloak`.`REALM_SMTP_CONFIG`(`REALM_ID`, `VALUE`, `NAME`) VALUES ('baishancloud', 'b6$&qS7P6YYx', 'password'); #start 605851 end 607966 time 2021-06-14 18:26:22
INSERT INTO `keycloak`.`REALM_SMTP_CONFIG`(`REALM_ID`, `VALUE`, `NAME`) VALUES ('baishancloud', 'true', 'starttls'); #start 605851 end 608095 time 2021-06-14 18:26:22
INSERT INTO `keycloak`.`REALM_SMTP_CONFIG`(`REALM_ID`, `VALUE`, `NAME`) VALUES ('baishancloud', 'true', 'auth'); #start 605851 end 608220 time 2021-06-14 18:26:22
INSERT INTO `keycloak`.`REALM_SMTP_CONFIG`(`REALM_ID`, `VALUE`, `NAME`) VALUES ('baishancloud', '587', 'port'); #start 605851 end 608344 time 2021-06-14 18:26:22
INSERT INTO `keycloak`.`REALM_SMTP_CONFIG`(`REALM_ID`, `VALUE`, `NAME`) VALUES ('baishancloud', 'smtp.partner.outlook.cn', 'host'); #start 605851 end 608488 time 2021-06-14 18:26:22
INSERT INTO `keycloak`.`REALM_SMTP_CONFIG`(`REALM_ID`, `VALUE`, `NAME`) VALUES ('baishancloud', 'orchsym-no-reply@baishan.com', 'from'); #start 605851 end 608637 time 2021-06-14 18:26:22
INSERT INTO `keycloak`.`REALM_SMTP_CONFIG`(`REALM_ID`, `VALUE`, `NAME`) VALUES ('baishancloud', 'false', 'ssl'); #start 605851 end 608762 time 2021-06-14 18:26:22
INSERT INTO `keycloak`.`REALM_SMTP_CONFIG`(`REALM_ID`, `VALUE`, `NAME`) VALUES ('baishancloud', 'orchsym-no-reply@baishan.com', 'user'); #start 605851 end 608911 time 2021-06-14 18:26:22
DELETE FROM `keycloak`.`REALM_SUPPORTED_LOCALES` WHERE `REALM_ID`='baishancloud' AND `VALUE`='zh-CN' LIMIT 1; #start 605851 end 609034 time 2021-06-14 18:26:22
INSERT INTO `keycloak`.`REALM_SUPPORTED_LOCALES`(`REALM_ID`, `VALUE`) VALUES ('baishancloud', 'zh-CN'); #start 605851 end 609157 time 2021-06-14 18:26:22
UPDATE `keycloak`.`REALM` SET `ID`='baishancloud', `ACCESS_CODE_LIFESPAN`=60, `USER_ACTION_LIFESPAN`=300, `ACCESS_TOKEN_LIFESPAN`=21600, `ACCOUNT_THEME`='orchsym-default', `ADMIN_THEME`='orchsym-default', `EMAIL_THEME`='orchsym-default', `ENABLED`='1', `EVENTS_ENABLED`='0', `EVENTS_EXPIRATION`=0, `LOGIN_THEME`='orchsym-default', `NAME`='baishancloud', `NOT_BEFORE`=1601279651, `PASSWORD_POLICY`='length(8) and lowerCase(2) and passwordHistory(3)', `REGISTRATION_ALLOWED`='0', `REMEMBER_ME`='0', `RESET_PASSWORD_ALLOWED`='1', `SOCIAL`='0', `SSL_REQUIRED`='EXTERNAL', `SSO_IDLE_TIMEOUT`=60, `SSO_MAX_LIFESPAN`=86400, `UPDATE_PROFILE_ON_SOC_LOGIN`='0', `VERIFY_EMAIL`='0', `MASTER_ADMIN_CLIENT`='3bf7095e-2036-45c0-83a4-46938329ba46', `LOGIN_LIFESPAN`=1800, `INTERNATIONALIZATION_ENABLED`='1', `DEFAULT_LOCALE`='zh-CN', `REG_EMAIL_AS_USERNAME`='0', `ADMIN_EVENTS_ENABLED`='0', `ADMIN_EVENTS_DETAILS_ENABLED`='0', `EDIT_USERNAME_ALLOWED`='0', `OTP_POLICY_COUNTER`=0, `OTP_POLICY_WINDOW`=1, `OTP_POLICY_PERIOD`=30, `OTP_POLICY_DIGITS`=6, `OTP_POLICY_ALG`='HmacSHA1', `OTP_POLICY_TYPE`='totp', `BROWSER_FLOW`='a1822d8d-9138-4311-b7c3-8b97c4f835a3', `REGISTRATION_FLOW`='bbec543a-adad-4575-9e15-9fe24c072a71', `DIRECT_GRANT_FLOW`='c5c2adf9-59b7-429b-a4a8-12eb4730768d', `RESET_CREDENTIALS_FLOW`='dc10c16f-0172-4f97-9964-e507ee9caa15', `CLIENT_AUTH_FLOW`='8bdb5cd5-6bbc-4bb2-94ae-3c25cc52f53d', `OFFLINE_SESSION_IDLE_TIMEOUT`=2592000, `REVOKE_REFRESH_TOKEN`='0', `ACCESS_TOKEN_LIFE_IMPLICIT`=7200, `LOGIN_WITH_EMAIL_ALLOWED`='1', `DUPLICATE_EMAILS_ALLOWED`='0', `DOCKER_AUTH_FLOW`='0f44f9bc-7219-487c-8b23-32f49a14d92d', `REFRESH_TOKEN_MAX_REUSE`=0, `ALLOW_USER_MANAGED_ACCESS`='0' WHERE `ID`='baishancloud' AND `ACCESS_CODE_LIFESPAN`=60 AND `USER_ACTION_LIFESPAN`=300 AND `ACCESS_TOKEN_LIFESPAN`=21600 AND `ACCOUNT_THEME`='orchsym-default' AND `ADMIN_THEME`='orchsym-default' AND `EMAIL_THEME`='orchsym-default' AND `ENABLED`='1' AND `EVENTS_ENABLED`='0' AND `EVENTS_EXPIRATION`=0 AND `LOGIN_THEME`='orchsym-default' AND `NAME`='baishancloud' AND `NOT_BEFORE`=1601279651 AND `PASSWORD_POLICY`='length(8) and lowerCase(2) and passwordHistory(3)' AND `REGISTRATION_ALLOWED`='0' AND `REMEMBER_ME`='0' AND `RESET_PASSWORD_ALLOWED`='1' AND `SOCIAL`='0' AND `SSL_REQUIRED`='EXTERNAL' AND `SSO_IDLE_TIMEOUT`=1800 AND `SSO_MAX_LIFESPAN`=86400 AND `UPDATE_PROFILE_ON_SOC_LOGIN`='0' AND `VERIFY_EMAIL`='0' AND `MASTER_ADMIN_CLIENT`='3bf7095e-2036-45c0-83a4-46938329ba46' AND `LOGIN_LIFESPAN`=1800 AND `INTERNATIONALIZATION_ENABLED`='1' AND `DEFAULT_LOCALE`='zh-CN' AND `REG_EMAIL_AS_USERNAME`='0' AND `ADMIN_EVENTS_ENABLED`='0' AND `ADMIN_EVENTS_DETAILS_ENABLED`='0' AND `EDIT_USERNAME_ALLOWED`='0' AND `OTP_POLICY_COUNTER`=0 AND `OTP_POLICY_WINDOW`=1 AND `OTP_POLICY_PERIOD`=30 AND `OTP_POLICY_DIGITS`=6 AND `OTP_POLICY_ALG`='HmacSHA1' AND `OTP_POLICY_TYPE`='totp' AND `BROWSER_FLOW`='a1822d8d-9138-4311-b7c3-8b97c4f835a3' AND `REGISTRATION_FLOW`='bbec543a-adad-4575-9e15-9fe24c072a71' AND `DIRECT_GRANT_FLOW`='c5c2adf9-59b7-429b-a4a8-12eb4730768d' AND `RESET_CREDENTIALS_FLOW`='dc10c16f-0172-4f97-9964-e507ee9caa15' AND `CLIENT_AUTH_FLOW`='8bdb5cd5-6bbc-4bb2-94ae-3c25cc52f53d' AND `OFFLINE_SESSION_IDLE_TIMEOUT`=2592000 AND `REVOKE_REFRESH_TOKEN`='0' AND `ACCESS_TOKEN_LIFE_IMPLICIT`=7200 AND `LOGIN_WITH_EMAIL_ALLOWED`='1' AND `DUPLICATE_EMAILS_ALLOWED`='0' AND `DOCKER_AUTH_FLOW`='0f44f9bc-7219-487c-8b23-32f49a14d92d' AND `REFRESH_TOKEN_MAX_REUSE`=0 AND `ALLOW_USER_MANAGED_ACCESS`='0' LIMIT 1; #start 609245 end 610574 time 2021-06-14 18:26:36
DELETE FROM `keycloak`.`REALM_EVENTS_LISTENERS` WHERE `REALM_ID`='baishancloud' AND `VALUE`='jboss-logging' LIMIT 1; #start 609245 end 610704 time 2021-06-14 18:26:36
INSERT INTO `keycloak`.`REALM_EVENTS_LISTENERS`(`REALM_ID`, `VALUE`) VALUES ('baishancloud', 'jboss-logging'); #start 609245 end 610834 time 2021-06-14 18:26:36
DELETE FROM `keycloak`.`REALM_SMTP_CONFIG` WHERE `REALM_ID`='baishancloud' AND `VALUE`='true' AND `NAME`='auth' LIMIT 1; #start 609245 end 611223 time 2021-06-14 18:26:36
DELETE FROM `keycloak`.`REALM_SMTP_CONFIG` WHERE `REALM_ID`='baishancloud' AND `VALUE`='orchsym-no-reply@baishan.com' AND `NAME`='from' LIMIT 1; #start 609245 end 611223 time 2021-06-14 18:26:36
DELETE FROM `keycloak`.`REALM_SMTP_CONFIG` WHERE `REALM_ID`='baishancloud' AND `VALUE`='smtp.partner.outlook.cn' AND `NAME`='host' LIMIT 1; #start 609245 end 611223 time 2021-06-14 18:26:36
DELETE FROM `keycloak`.`REALM_SMTP_CONFIG` WHERE `REALM_ID`='baishancloud' AND `VALUE`='b6$&qS7P6YYx' AND `NAME`='password' LIMIT 1; #start 609245 end 611223 time 2021-06-14 18:26:36
DELETE FROM `keycloak`.`REALM_SMTP_CONFIG` WHERE `REALM_ID`='baishancloud' AND `VALUE`='587' AND `NAME`='port' LIMIT 1; #start 609245 end 611223 time 2021-06-14 18:26:36
DELETE FROM `keycloak`.`REALM_SMTP_CONFIG` WHERE `REALM_ID`='baishancloud' AND `VALUE`='false' AND `NAME`='ssl' LIMIT 1; #start 609245 end 611223 time 2021-06-14 18:26:36
DELETE FROM `keycloak`.`REALM_SMTP_CONFIG` WHERE `REALM_ID`='baishancloud' AND `VALUE`='true' AND `NAME`='starttls' LIMIT 1; #start 609245 end 611223 time 2021-06-14 18:26:36
DELETE FROM `keycloak`.`REALM_SMTP_CONFIG` WHERE `REALM_ID`='baishancloud' AND `VALUE`='orchsym-no-reply@baishan.com' AND `NAME`='user' LIMIT 1; #start 609245 end 611223 time 2021-06-14 18:26:36
INSERT INTO `keycloak`.`REALM_SMTP_CONFIG`(`REALM_ID`, `VALUE`, `NAME`) VALUES ('baishancloud', 'b6$&qS7P6YYx', 'password'); #start 609245 end 611360 time 2021-06-14 18:26:36
INSERT INTO `keycloak`.`REALM_SMTP_CONFIG`(`REALM_ID`, `VALUE`, `NAME`) VALUES ('baishancloud', 'true', 'starttls'); #start 609245 end 611489 time 2021-06-14 18:26:36
INSERT INTO `keycloak`.`REALM_SMTP_CONFIG`(`REALM_ID`, `VALUE`, `NAME`) VALUES ('baishancloud', 'true', 'auth'); #start 609245 end 611614 time 2021-06-14 18:26:36
INSERT INTO `keycloak`.`REALM_SMTP_CONFIG`(`REALM_ID`, `VALUE`, `NAME`) VALUES ('baishancloud', '587', 'port'); #start 609245 end 611738 time 2021-06-14 18:26:36
INSERT INTO `keycloak`.`REALM_SMTP_CONFIG`(`REALM_ID`, `VALUE`, `NAME`) VALUES ('baishancloud', 'smtp.partner.outlook.cn', 'host'); #start 609245 end 611882 time 2021-06-14 18:26:36
INSERT INTO `keycloak`.`REALM_SMTP_CONFIG`(`REALM_ID`, `VALUE`, `NAME`) VALUES ('baishancloud', 'orchsym-no-reply@baishan.com', 'from'); #start 609245 end 612031 time 2021-06-14 18:26:36
INSERT INTO `keycloak`.`REALM_SMTP_CONFIG`(`REALM_ID`, `VALUE`, `NAME`) VALUES ('baishancloud', 'false', 'ssl'); #start 609245 end 612156 time 2021-06-14 18:26:36
INSERT INTO `keycloak`.`REALM_SMTP_CONFIG`(`REALM_ID`, `VALUE`, `NAME`) VALUES ('baishancloud', 'orchsym-no-reply@baishan.com', 'user'); #start 609245 end 612305 time 2021-06-14 18:26:36
DELETE FROM `keycloak`.`REALM_SUPPORTED_LOCALES` WHERE `REALM_ID`='baishancloud' AND `VALUE`='zh-CN' LIMIT 1; #start 609245 end 612428 time 2021-06-14 18:26:36
INSERT INTO `keycloak`.`REALM_SUPPORTED_LOCALES`(`REALM_ID`, `VALUE`) VALUES ('baishancloud', 'zh-CN'); #start 609245 end 612551 time 2021-06-14 18:26:36
UPDATE `keycloak`.`REALM` SET `ID`='baishancloud', `ACCESS_CODE_LIFESPAN`=60, `USER_ACTION_LIFESPAN`=300, `ACCESS_TOKEN_LIFESPAN`=60, `ACCOUNT_THEME`='orchsym-default', `ADMIN_THEME`='orchsym-default', `EMAIL_THEME`='orchsym-default', `ENABLED`='1', `EVENTS_ENABLED`='0', `EVENTS_EXPIRATION`=0, `LOGIN_THEME`='orchsym-default', `NAME`='baishancloud', `NOT_BEFORE`=1601279651, `PASSWORD_POLICY`='length(8) and lowerCase(2) and passwordHistory(3)', `REGISTRATION_ALLOWED`='0', `REMEMBER_ME`='0', `RESET_PASSWORD_ALLOWED`='1', `SOCIAL`='0', `SSL_REQUIRED`='EXTERNAL', `SSO_IDLE_TIMEOUT`=60, `SSO_MAX_LIFESPAN`=86400, `UPDATE_PROFILE_ON_SOC_LOGIN`='0', `VERIFY_EMAIL`='0', `MASTER_ADMIN_CLIENT`='3bf7095e-2036-45c0-83a4-46938329ba46', `LOGIN_LIFESPAN`=1800, `INTERNATIONALIZATION_ENABLED`='1', `DEFAULT_LOCALE`='zh-CN', `REG_EMAIL_AS_USERNAME`='0', `ADMIN_EVENTS_ENABLED`='0', `ADMIN_EVENTS_DETAILS_ENABLED`='0', `EDIT_USERNAME_ALLOWED`='0', `OTP_POLICY_COUNTER`=0, `OTP_POLICY_WINDOW`=1, `OTP_POLICY_PERIOD`=30, `OTP_POLICY_DIGITS`=6, `OTP_POLICY_ALG`='HmacSHA1', `OTP_POLICY_TYPE`='totp', `BROWSER_FLOW`='a1822d8d-9138-4311-b7c3-8b97c4f835a3', `REGISTRATION_FLOW`='bbec543a-adad-4575-9e15-9fe24c072a71', `DIRECT_GRANT_FLOW`='c5c2adf9-59b7-429b-a4a8-12eb4730768d', `RESET_CREDENTIALS_FLOW`='dc10c16f-0172-4f97-9964-e507ee9caa15', `CLIENT_AUTH_FLOW`='8bdb5cd5-6bbc-4bb2-94ae-3c25cc52f53d', `OFFLINE_SESSION_IDLE_TIMEOUT`=2592000, `REVOKE_REFRESH_TOKEN`='0', `ACCESS_TOKEN_LIFE_IMPLICIT`=7200, `LOGIN_WITH_EMAIL_ALLOWED`='1', `DUPLICATE_EMAILS_ALLOWED`='0', `DOCKER_AUTH_FLOW`='0f44f9bc-7219-487c-8b23-32f49a14d92d', `REFRESH_TOKEN_MAX_REUSE`=0, `ALLOW_USER_MANAGED_ACCESS`='0' WHERE `ID`='baishancloud' AND `ACCESS_CODE_LIFESPAN`=60 AND `USER_ACTION_LIFESPAN`=300 AND `ACCESS_TOKEN_LIFESPAN`=21600 AND `ACCOUNT_THEME`='orchsym-default' AND `ADMIN_THEME`='orchsym-default' AND `EMAIL_THEME`='orchsym-default' AND `ENABLED`='1' AND `EVENTS_ENABLED`='0' AND `EVENTS_EXPIRATION`=0 AND `LOGIN_THEME`='orchsym-default' AND `NAME`='baishancloud' AND `NOT_BEFORE`=1601279651 AND `PASSWORD_POLICY`='length(8) and lowerCase(2) and passwordHistory(3)' AND `REGISTRATION_ALLOWED`='0' AND `REMEMBER_ME`='0' AND `RESET_PASSWORD_ALLOWED`='1' AND `SOCIAL`='0' AND `SSL_REQUIRED`='EXTERNAL' AND `SSO_IDLE_TIMEOUT`=60 AND `SSO_MAX_LIFESPAN`=86400 AND `UPDATE_PROFILE_ON_SOC_LOGIN`='0' AND `VERIFY_EMAIL`='0' AND `MASTER_ADMIN_CLIENT`='3bf7095e-2036-45c0-83a4-46938329ba46' AND `LOGIN_LIFESPAN`=1800 AND `INTERNATIONALIZATION_ENABLED`='1' AND `DEFAULT_LOCALE`='zh-CN' AND `REG_EMAIL_AS_USERNAME`='0' AND `ADMIN_EVENTS_ENABLED`='0' AND `ADMIN_EVENTS_DETAILS_ENABLED`='0' AND `EDIT_USERNAME_ALLOWED`='0' AND `OTP_POLICY_COUNTER`=0 AND `OTP_POLICY_WINDOW`=1 AND `OTP_POLICY_PERIOD`=30 AND `OTP_POLICY_DIGITS`=6 AND `OTP_POLICY_ALG`='HmacSHA1' AND `OTP_POLICY_TYPE`='totp' AND `BROWSER_FLOW`='a1822d8d-9138-4311-b7c3-8b97c4f835a3' AND `REGISTRATION_FLOW`='bbec543a-adad-4575-9e15-9fe24c072a71' AND `DIRECT_GRANT_FLOW`='c5c2adf9-59b7-429b-a4a8-12eb4730768d' AND `RESET_CREDENTIALS_FLOW`='dc10c16f-0172-4f97-9964-e507ee9caa15' AND `CLIENT_AUTH_FLOW`='8bdb5cd5-6bbc-4bb2-94ae-3c25cc52f53d' AND `OFFLINE_SESSION_IDLE_TIMEOUT`=2592000 AND `REVOKE_REFRESH_TOKEN`='0' AND `ACCESS_TOKEN_LIFE_IMPLICIT`=7200 AND `LOGIN_WITH_EMAIL_ALLOWED`='1' AND `DUPLICATE_EMAILS_ALLOWED`='0' AND `DOCKER_AUTH_FLOW`='0f44f9bc-7219-487c-8b23-32f49a14d92d' AND `REFRESH_TOKEN_MAX_REUSE`=0 AND `ALLOW_USER_MANAGED_ACCESS`='0' LIMIT 1; #start 612639 end 613968 time 2021-06-14 18:31:15
DELETE FROM `keycloak`.`REALM_EVENTS_LISTENERS` WHERE `REALM_ID`='baishancloud' AND `VALUE`='jboss-logging' LIMIT 1; #start 612639 end 614098 time 2021-06-14 18:31:15
INSERT INTO `keycloak`.`REALM_EVENTS_LISTENERS`(`REALM_ID`, `VALUE`) VALUES ('baishancloud', 'jboss-logging'); #start 612639 end 614228 time 2021-06-14 18:31:15
DELETE FROM `keycloak`.`REALM_SMTP_CONFIG` WHERE `REALM_ID`='baishancloud' AND `VALUE`='true' AND `NAME`='auth' LIMIT 1; #start 612639 end 614617 time 2021-06-14 18:31:15
DELETE FROM `keycloak`.`REALM_SMTP_CONFIG` WHERE `REALM_ID`='baishancloud' AND `VALUE`='orchsym-no-reply@baishan.com' AND `NAME`='from' LIMIT 1; #start 612639 end 614617 time 2021-06-14 18:31:15
DELETE FROM `keycloak`.`REALM_SMTP_CONFIG` WHERE `REALM_ID`='baishancloud' AND `VALUE`='smtp.partner.outlook.cn' AND `NAME`='host' LIMIT 1; #start 612639 end 614617 time 2021-06-14 18:31:15
DELETE FROM `keycloak`.`REALM_SMTP_CONFIG` WHERE `REALM_ID`='baishancloud' AND `VALUE`='b6$&qS7P6YYx' AND `NAME`='password' LIMIT 1; #start 612639 end 614617 time 2021-06-14 18:31:15
DELETE FROM `keycloak`.`REALM_SMTP_CONFIG` WHERE `REALM_ID`='baishancloud' AND `VALUE`='587' AND `NAME`='port' LIMIT 1; #start 612639 end 614617 time 2021-06-14 18:31:15
DELETE FROM `keycloak`.`REALM_SMTP_CONFIG` WHERE `REALM_ID`='baishancloud' AND `VALUE`='false' AND `NAME`='ssl' LIMIT 1; #start 612639 end 614617 time 2021-06-14 18:31:15
DELETE FROM `keycloak`.`REALM_SMTP_CONFIG` WHERE `REALM_ID`='baishancloud' AND `VALUE`='true' AND `NAME`='starttls' LIMIT 1; #start 612639 end 614617 time 2021-06-14 18:31:15
DELETE FROM `keycloak`.`REALM_SMTP_CONFIG` WHERE `REALM_ID`='baishancloud' AND `VALUE`='orchsym-no-reply@baishan.com' AND `NAME`='user' LIMIT 1; #start 612639 end 614617 time 2021-06-14 18:31:15
INSERT INTO `keycloak`.`REALM_SMTP_CONFIG`(`REALM_ID`, `VALUE`, `NAME`) VALUES ('baishancloud', 'b6$&qS7P6YYx', 'password'); #start 612639 end 614754 time 2021-06-14 18:31:15
INSERT INTO `keycloak`.`REALM_SMTP_CONFIG`(`REALM_ID`, `VALUE`, `NAME`) VALUES ('baishancloud', 'true', 'starttls'); #start 612639 end 614883 time 2021-06-14 18:31:15
INSERT INTO `keycloak`.`REALM_SMTP_CONFIG`(`REALM_ID`, `VALUE`, `NAME`) VALUES ('baishancloud', 'true', 'auth'); #start 612639 end 615008 time 2021-06-14 18:31:15
INSERT INTO `keycloak`.`REALM_SMTP_CONFIG`(`REALM_ID`, `VALUE`, `NAME`) VALUES ('baishancloud', '587', 'port'); #start 612639 end 615132 time 2021-06-14 18:31:15
INSERT INTO `keycloak`.`REALM_SMTP_CONFIG`(`REALM_ID`, `VALUE`, `NAME`) VALUES ('baishancloud', 'smtp.partner.outlook.cn', 'host'); #start 612639 end 615276 time 2021-06-14 18:31:15
INSERT INTO `keycloak`.`REALM_SMTP_CONFIG`(`REALM_ID`, `VALUE`, `NAME`) VALUES ('baishancloud', 'orchsym-no-reply@baishan.com', 'from'); #start 612639 end 615425 time 2021-06-14 18:31:15
INSERT INTO `keycloak`.`REALM_SMTP_CONFIG`(`REALM_ID`, `VALUE`, `NAME`) VALUES ('baishancloud', 'false', 'ssl'); #start 612639 end 615550 time 2021-06-14 18:31:15
INSERT INTO `keycloak`.`REALM_SMTP_CONFIG`(`REALM_ID`, `VALUE`, `NAME`) VALUES ('baishancloud', 'orchsym-no-reply@baishan.com', 'user'); #start 612639 end 615699 time 2021-06-14 18:31:15
DELETE FROM `keycloak`.`REALM_SUPPORTED_LOCALES` WHERE `REALM_ID`='baishancloud' AND `VALUE`='zh-CN' LIMIT 1; #start 612639 end 615822 time 2021-06-14 18:31:15
INSERT INTO `keycloak`.`REALM_SUPPORTED_LOCALES`(`REALM_ID`, `VALUE`) VALUES ('baishancloud', 'zh-CN'); #start 612639 end 615945 time 2021-06-14 18:31:15
UPDATE `keycloak`.`REALM` SET `ID`='baishancloud', `ACCESS_CODE_LIFESPAN`=60, `USER_ACTION_LIFESPAN`=300, `ACCESS_TOKEN_LIFESPAN`=21600, `ACCOUNT_THEME`='orchsym-default', `ADMIN_THEME`='orchsym-default', `EMAIL_THEME`='orchsym-default', `ENABLED`='1', `EVENTS_ENABLED`='0', `EVENTS_EXPIRATION`=0, `LOGIN_THEME`='orchsym-default', `NAME`='baishancloud', `NOT_BEFORE`=1601279651, `PASSWORD_POLICY`='length(8) and lowerCase(2) and passwordHistory(3)', `REGISTRATION_ALLOWED`='0', `REMEMBER_ME`='0', `RESET_PASSWORD_ALLOWED`='1', `SOCIAL`='0', `SSL_REQUIRED`='EXTERNAL', `SSO_IDLE_TIMEOUT`=60, `SSO_MAX_LIFESPAN`=86400, `UPDATE_PROFILE_ON_SOC_LOGIN`='0', `VERIFY_EMAIL`='0', `MASTER_ADMIN_CLIENT`='3bf7095e-2036-45c0-83a4-46938329ba46', `LOGIN_LIFESPAN`=1800, `INTERNATIONALIZATION_ENABLED`='1', `DEFAULT_LOCALE`='zh-CN', `REG_EMAIL_AS_USERNAME`='0', `ADMIN_EVENTS_ENABLED`='0', `ADMIN_EVENTS_DETAILS_ENABLED`='0', `EDIT_USERNAME_ALLOWED`='0', `OTP_POLICY_COUNTER`=0, `OTP_POLICY_WINDOW`=1, `OTP_POLICY_PERIOD`=30, `OTP_POLICY_DIGITS`=6, `OTP_POLICY_ALG`='HmacSHA1', `OTP_POLICY_TYPE`='totp', `BROWSER_FLOW`='a1822d8d-9138-4311-b7c3-8b97c4f835a3', `REGISTRATION_FLOW`='bbec543a-adad-4575-9e15-9fe24c072a71', `DIRECT_GRANT_FLOW`='c5c2adf9-59b7-429b-a4a8-12eb4730768d', `RESET_CREDENTIALS_FLOW`='dc10c16f-0172-4f97-9964-e507ee9caa15', `CLIENT_AUTH_FLOW`='8bdb5cd5-6bbc-4bb2-94ae-3c25cc52f53d', `OFFLINE_SESSION_IDLE_TIMEOUT`=2592000, `REVOKE_REFRESH_TOKEN`='0', `ACCESS_TOKEN_LIFE_IMPLICIT`=7200, `LOGIN_WITH_EMAIL_ALLOWED`='1', `DUPLICATE_EMAILS_ALLOWED`='0', `DOCKER_AUTH_FLOW`='0f44f9bc-7219-487c-8b23-32f49a14d92d', `REFRESH_TOKEN_MAX_REUSE`=0, `ALLOW_USER_MANAGED_ACCESS`='0' WHERE `ID`='baishancloud' AND `ACCESS_CODE_LIFESPAN`=60 AND `USER_ACTION_LIFESPAN`=300 AND `ACCESS_TOKEN_LIFESPAN`=60 AND `ACCOUNT_THEME`='orchsym-default' AND `ADMIN_THEME`='orchsym-default' AND `EMAIL_THEME`='orchsym-default' AND `ENABLED`='1' AND `EVENTS_ENABLED`='0' AND `EVENTS_EXPIRATION`=0 AND `LOGIN_THEME`='orchsym-default' AND `NAME`='baishancloud' AND `NOT_BEFORE`=1601279651 AND `PASSWORD_POLICY`='length(8) and lowerCase(2) and passwordHistory(3)' AND `REGISTRATION_ALLOWED`='0' AND `REMEMBER_ME`='0' AND `RESET_PASSWORD_ALLOWED`='1' AND `SOCIAL`='0' AND `SSL_REQUIRED`='EXTERNAL' AND `SSO_IDLE_TIMEOUT`=60 AND `SSO_MAX_LIFESPAN`=86400 AND `UPDATE_PROFILE_ON_SOC_LOGIN`='0' AND `VERIFY_EMAIL`='0' AND `MASTER_ADMIN_CLIENT`='3bf7095e-2036-45c0-83a4-46938329ba46' AND `LOGIN_LIFESPAN`=1800 AND `INTERNATIONALIZATION_ENABLED`='1' AND `DEFAULT_LOCALE`='zh-CN' AND `REG_EMAIL_AS_USERNAME`='0' AND `ADMIN_EVENTS_ENABLED`='0' AND `ADMIN_EVENTS_DETAILS_ENABLED`='0' AND `EDIT_USERNAME_ALLOWED`='0' AND `OTP_POLICY_COUNTER`=0 AND `OTP_POLICY_WINDOW`=1 AND `OTP_POLICY_PERIOD`=30 AND `OTP_POLICY_DIGITS`=6 AND `OTP_POLICY_ALG`='HmacSHA1' AND `OTP_POLICY_TYPE`='totp' AND `BROWSER_FLOW`='a1822d8d-9138-4311-b7c3-8b97c4f835a3' AND `REGISTRATION_FLOW`='bbec543a-adad-4575-9e15-9fe24c072a71' AND `DIRECT_GRANT_FLOW`='c5c2adf9-59b7-429b-a4a8-12eb4730768d' AND `RESET_CREDENTIALS_FLOW`='dc10c16f-0172-4f97-9964-e507ee9caa15' AND `CLIENT_AUTH_FLOW`='8bdb5cd5-6bbc-4bb2-94ae-3c25cc52f53d' AND `OFFLINE_SESSION_IDLE_TIMEOUT`=2592000 AND `REVOKE_REFRESH_TOKEN`='0' AND `ACCESS_TOKEN_LIFE_IMPLICIT`=7200 AND `LOGIN_WITH_EMAIL_ALLOWED`='1' AND `DUPLICATE_EMAILS_ALLOWED`='0' AND `DOCKER_AUTH_FLOW`='0f44f9bc-7219-487c-8b23-32f49a14d92d' AND `REFRESH_TOKEN_MAX_REUSE`=0 AND `ALLOW_USER_MANAGED_ACCESS`='0' LIMIT 1; #start 616033 end 617362 time 2021-06-14 18:34:08
UPDATE `keycloak`.`REALM` SET `ID`='baishancloud', `ACCESS_CODE_LIFESPAN`=60, `USER_ACTION_LIFESPAN`=300, `ACCESS_TOKEN_LIFESPAN`=21600, `ACCOUNT_THEME`='orchsym-default', `ADMIN_THEME`='orchsym-default', `EMAIL_THEME`='orchsym-default', `ENABLED`='1', `EVENTS_ENABLED`='0', `EVENTS_EXPIRATION`=0, `LOGIN_THEME`='orchsym-default', `NAME`='baishancloud', `NOT_BEFORE`=1601279651, `PASSWORD_POLICY`='length(8) and lowerCase(2) and passwordHistory(3)', `REGISTRATION_ALLOWED`='0', `REMEMBER_ME`='0', `RESET_PASSWORD_ALLOWED`='1', `SOCIAL`='0', `SSL_REQUIRED`='EXTERNAL', `SSO_IDLE_TIMEOUT`=60, `SSO_MAX_LIFESPAN`=60, `UPDATE_PROFILE_ON_SOC_LOGIN`='0', `VERIFY_EMAIL`='0', `MASTER_ADMIN_CLIENT`='3bf7095e-2036-45c0-83a4-46938329ba46', `LOGIN_LIFESPAN`=1800, `INTERNATIONALIZATION_ENABLED`='1', `DEFAULT_LOCALE`='zh-CN', `REG_EMAIL_AS_USERNAME`='0', `ADMIN_EVENTS_ENABLED`='0', `ADMIN_EVENTS_DETAILS_ENABLED`='0', `EDIT_USERNAME_ALLOWED`='0', `OTP_POLICY_COUNTER`=0, `OTP_POLICY_WINDOW`=1, `OTP_POLICY_PERIOD`=30, `OTP_POLICY_DIGITS`=6, `OTP_POLICY_ALG`='HmacSHA1', `OTP_POLICY_TYPE`='totp', `BROWSER_FLOW`='a1822d8d-9138-4311-b7c3-8b97c4f835a3', `REGISTRATION_FLOW`='bbec543a-adad-4575-9e15-9fe24c072a71', `DIRECT_GRANT_FLOW`='c5c2adf9-59b7-429b-a4a8-12eb4730768d', `RESET_CREDENTIALS_FLOW`='dc10c16f-0172-4f97-9964-e507ee9caa15', `CLIENT_AUTH_FLOW`='8bdb5cd5-6bbc-4bb2-94ae-3c25cc52f53d', `OFFLINE_SESSION_IDLE_TIMEOUT`=2592000, `REVOKE_REFRESH_TOKEN`='0', `ACCESS_TOKEN_LIFE_IMPLICIT`=7200, `LOGIN_WITH_EMAIL_ALLOWED`='1', `DUPLICATE_EMAILS_ALLOWED`='0', `DOCKER_AUTH_FLOW`='0f44f9bc-7219-487c-8b23-32f49a14d92d', `REFRESH_TOKEN_MAX_REUSE`=0, `ALLOW_USER_MANAGED_ACCESS`='0' WHERE `ID`='baishancloud' AND `ACCESS_CODE_LIFESPAN`=60 AND `USER_ACTION_LIFESPAN`=300 AND `ACCESS_TOKEN_LIFESPAN`=21600 AND `ACCOUNT_THEME`='orchsym-default' AND `ADMIN_THEME`='orchsym-default' AND `EMAIL_THEME`='orchsym-default' AND `ENABLED`='1' AND `EVENTS_ENABLED`='0' AND `EVENTS_EXPIRATION`=0 AND `LOGIN_THEME`='orchsym-default' AND `NAME`='baishancloud' AND `NOT_BEFORE`=1601279651 AND `PASSWORD_POLICY`='length(8) and lowerCase(2) and passwordHistory(3)' AND `REGISTRATION_ALLOWED`='0' AND `REMEMBER_ME`='0' AND `RESET_PASSWORD_ALLOWED`='1' AND `SOCIAL`='0' AND `SSL_REQUIRED`='EXTERNAL' AND `SSO_IDLE_TIMEOUT`=60 AND `SSO_MAX_LIFESPAN`=86400 AND `UPDATE_PROFILE_ON_SOC_LOGIN`='0' AND `VERIFY_EMAIL`='0' AND `MASTER_ADMIN_CLIENT`='3bf7095e-2036-45c0-83a4-46938329ba46' AND `LOGIN_LIFESPAN`=1800 AND `INTERNATIONALIZATION_ENABLED`='1' AND `DEFAULT_LOCALE`='zh-CN' AND `REG_EMAIL_AS_USERNAME`='0' AND `ADMIN_EVENTS_ENABLED`='0' AND `ADMIN_EVENTS_DETAILS_ENABLED`='0' AND `EDIT_USERNAME_ALLOWED`='0' AND `OTP_POLICY_COUNTER`=0 AND `OTP_POLICY_WINDOW`=1 AND `OTP_POLICY_PERIOD`=30 AND `OTP_POLICY_DIGITS`=6 AND `OTP_POLICY_ALG`='HmacSHA1' AND `OTP_POLICY_TYPE`='totp' AND `BROWSER_FLOW`='a1822d8d-9138-4311-b7c3-8b97c4f835a3' AND `REGISTRATION_FLOW`='bbec543a-adad-4575-9e15-9fe24c072a71' AND `DIRECT_GRANT_FLOW`='c5c2adf9-59b7-429b-a4a8-12eb4730768d' AND `RESET_CREDENTIALS_FLOW`='dc10c16f-0172-4f97-9964-e507ee9caa15' AND `CLIENT_AUTH_FLOW`='8bdb5cd5-6bbc-4bb2-94ae-3c25cc52f53d' AND `OFFLINE_SESSION_IDLE_TIMEOUT`=2592000 AND `REVOKE_REFRESH_TOKEN`='0' AND `ACCESS_TOKEN_LIFE_IMPLICIT`=7200 AND `LOGIN_WITH_EMAIL_ALLOWED`='1' AND `DUPLICATE_EMAILS_ALLOWED`='0' AND `DOCKER_AUTH_FLOW`='0f44f9bc-7219-487c-8b23-32f49a14d92d' AND `REFRESH_TOKEN_MAX_REUSE`=0 AND `ALLOW_USER_MANAGED_ACCESS`='0' LIMIT 1; #start 616033 end 618627 time 2021-06-14 18:34:08
DELETE FROM `keycloak`.`REALM_EVENTS_LISTENERS` WHERE `REALM_ID`='baishancloud' AND `VALUE`='jboss-logging' LIMIT 1; #start 616033 end 618757 time 2021-06-14 18:34:08
INSERT INTO `keycloak`.`REALM_EVENTS_LISTENERS`(`REALM_ID`, `VALUE`) VALUES ('baishancloud', 'jboss-logging'); #start 616033 end 618887 time 2021-06-14 18:34:08
DELETE FROM `keycloak`.`REALM_SMTP_CONFIG` WHERE `REALM_ID`='baishancloud' AND `VALUE`='true' AND `NAME`='auth' LIMIT 1; #start 616033 end 619276 time 2021-06-14 18:34:08
DELETE FROM `keycloak`.`REALM_SMTP_CONFIG` WHERE `REALM_ID`='baishancloud' AND `VALUE`='orchsym-no-reply@baishan.com' AND `NAME`='from' LIMIT 1; #start 616033 end 619276 time 2021-06-14 18:34:08
DELETE FROM `keycloak`.`REALM_SMTP_CONFIG` WHERE `REALM_ID`='baishancloud' AND `VALUE`='smtp.partner.outlook.cn' AND `NAME`='host' LIMIT 1; #start 616033 end 619276 time 2021-06-14 18:34:08
DELETE FROM `keycloak`.`REALM_SMTP_CONFIG` WHERE `REALM_ID`='baishancloud' AND `VALUE`='b6$&qS7P6YYx' AND `NAME`='password' LIMIT 1; #start 616033 end 619276 time 2021-06-14 18:34:08
DELETE FROM `keycloak`.`REALM_SMTP_CONFIG` WHERE `REALM_ID`='baishancloud' AND `VALUE`='587' AND `NAME`='port' LIMIT 1; #start 616033 end 619276 time 2021-06-14 18:34:08
DELETE FROM `keycloak`.`REALM_SMTP_CONFIG` WHERE `REALM_ID`='baishancloud' AND `VALUE`='false' AND `NAME`='ssl' LIMIT 1; #start 616033 end 619276 time 2021-06-14 18:34:08
DELETE FROM `keycloak`.`REALM_SMTP_CONFIG` WHERE `REALM_ID`='baishancloud' AND `VALUE`='true' AND `NAME`='starttls' LIMIT 1; #start 616033 end 619276 time 2021-06-14 18:34:08
DELETE FROM `keycloak`.`REALM_SMTP_CONFIG` WHERE `REALM_ID`='baishancloud' AND `VALUE`='orchsym-no-reply@baishan.com' AND `NAME`='user' LIMIT 1; #start 616033 end 619276 time 2021-06-14 18:34:08
INSERT INTO `keycloak`.`REALM_SMTP_CONFIG`(`REALM_ID`, `VALUE`, `NAME`) VALUES ('baishancloud', 'b6$&qS7P6YYx', 'password'); #start 616033 end 619413 time 2021-06-14 18:34:08
INSERT INTO `keycloak`.`REALM_SMTP_CONFIG`(`REALM_ID`, `VALUE`, `NAME`) VALUES ('baishancloud', 'true', 'starttls'); #start 616033 end 619542 time 2021-06-14 18:34:08
INSERT INTO `keycloak`.`REALM_SMTP_CONFIG`(`REALM_ID`, `VALUE`, `NAME`) VALUES ('baishancloud', 'true', 'auth'); #start 616033 end 619667 time 2021-06-14 18:34:08
INSERT INTO `keycloak`.`REALM_SMTP_CONFIG`(`REALM_ID`, `VALUE`, `NAME`) VALUES ('baishancloud', '587', 'port'); #start 616033 end 619791 time 2021-06-14 18:34:08
INSERT INTO `keycloak`.`REALM_SMTP_CONFIG`(`REALM_ID`, `VALUE`, `NAME`) VALUES ('baishancloud', 'smtp.partner.outlook.cn', 'host'); #start 616033 end 619935 time 2021-06-14 18:34:08
INSERT INTO `keycloak`.`REALM_SMTP_CONFIG`(`REALM_ID`, `VALUE`, `NAME`) VALUES ('baishancloud', 'orchsym-no-reply@baishan.com', 'from'); #start 616033 end 620084 time 2021-06-14 18:34:08
INSERT INTO `keycloak`.`REALM_SMTP_CONFIG`(`REALM_ID`, `VALUE`, `NAME`) VALUES ('baishancloud', 'false', 'ssl'); #start 616033 end 620209 time 2021-06-14 18:34:08
INSERT INTO `keycloak`.`REALM_SMTP_CONFIG`(`REALM_ID`, `VALUE`, `NAME`) VALUES ('baishancloud', 'orchsym-no-reply@baishan.com', 'user'); #start 616033 end 620358 time 2021-06-14 18:34:08
DELETE FROM `keycloak`.`REALM_SUPPORTED_LOCALES` WHERE `REALM_ID`='baishancloud' AND `VALUE`='zh-CN' LIMIT 1; #start 616033 end 620481 time 2021-06-14 18:34:08
INSERT INTO `keycloak`.`REALM_SUPPORTED_LOCALES`(`REALM_ID`, `VALUE`) VALUES ('baishancloud', 'zh-CN'); #start 616033 end 620604 time 2021-06-14 18:34:08
UPDATE `keycloak`.`REALM` SET `ID`='baishancloud', `ACCESS_CODE_LIFESPAN`=60, `USER_ACTION_LIFESPAN`=300, `ACCESS_TOKEN_LIFESPAN`=21600, `ACCOUNT_THEME`='orchsym-default', `ADMIN_THEME`='orchsym-default', `EMAIL_THEME`='orchsym-default', `ENABLED`='1', `EVENTS_ENABLED`='0', `EVENTS_EXPIRATION`=0, `LOGIN_THEME`='orchsym-default', `NAME`='baishancloud', `NOT_BEFORE`=1601279651, `PASSWORD_POLICY`='length(8) and lowerCase(2) and passwordHistory(3)', `REGISTRATION_ALLOWED`='0', `REMEMBER_ME`='0', `RESET_PASSWORD_ALLOWED`='1', `SOCIAL`='0', `SSL_REQUIRED`='EXTERNAL', `SSO_IDLE_TIMEOUT`=60, `SSO_MAX_LIFESPAN`=60, `UPDATE_PROFILE_ON_SOC_LOGIN`='0', `VERIFY_EMAIL`='0', `MASTER_ADMIN_CLIENT`='3bf7095e-2036-45c0-83a4-46938329ba46', `LOGIN_LIFESPAN`=1800, `INTERNATIONALIZATION_ENABLED`='1', `DEFAULT_LOCALE`='zh-CN', `REG_EMAIL_AS_USERNAME`='0', `ADMIN_EVENTS_ENABLED`='0', `ADMIN_EVENTS_DETAILS_ENABLED`='0', `EDIT_USERNAME_ALLOWED`='0', `OTP_POLICY_COUNTER`=0, `OTP_POLICY_WINDOW`=1, `OTP_POLICY_PERIOD`=30, `OTP_POLICY_DIGITS`=6, `OTP_POLICY_ALG`='HmacSHA1', `OTP_POLICY_TYPE`='totp', `BROWSER_FLOW`='a1822d8d-9138-4311-b7c3-8b97c4f835a3', `REGISTRATION_FLOW`='bbec543a-adad-4575-9e15-9fe24c072a71', `DIRECT_GRANT_FLOW`='c5c2adf9-59b7-429b-a4a8-12eb4730768d', `RESET_CREDENTIALS_FLOW`='dc10c16f-0172-4f97-9964-e507ee9caa15', `CLIENT_AUTH_FLOW`='8bdb5cd5-6bbc-4bb2-94ae-3c25cc52f53d', `OFFLINE_SESSION_IDLE_TIMEOUT`=2592000, `REVOKE_REFRESH_TOKEN`='1', `ACCESS_TOKEN_LIFE_IMPLICIT`=7200, `LOGIN_WITH_EMAIL_ALLOWED`='1', `DUPLICATE_EMAILS_ALLOWED`='0', `DOCKER_AUTH_FLOW`='0f44f9bc-7219-487c-8b23-32f49a14d92d', `REFRESH_TOKEN_MAX_REUSE`=0, `ALLOW_USER_MANAGED_ACCESS`='0' WHERE `ID`='baishancloud' AND `ACCESS_CODE_LIFESPAN`=60 AND `USER_ACTION_LIFESPAN`=300 AND `ACCESS_TOKEN_LIFESPAN`=21600 AND `ACCOUNT_THEME`='orchsym-default' AND `ADMIN_THEME`='orchsym-default' AND `EMAIL_THEME`='orchsym-default' AND `ENABLED`='1' AND `EVENTS_ENABLED`='0' AND `EVENTS_EXPIRATION`=0 AND `LOGIN_THEME`='orchsym-default' AND `NAME`='baishancloud' AND `NOT_BEFORE`=1601279651 AND `PASSWORD_POLICY`='length(8) and lowerCase(2) and passwordHistory(3)' AND `REGISTRATION_ALLOWED`='0' AND `REMEMBER_ME`='0' AND `RESET_PASSWORD_ALLOWED`='1' AND `SOCIAL`='0' AND `SSL_REQUIRED`='EXTERNAL' AND `SSO_IDLE_TIMEOUT`=60 AND `SSO_MAX_LIFESPAN`=60 AND `UPDATE_PROFILE_ON_SOC_LOGIN`='0' AND `VERIFY_EMAIL`='0' AND `MASTER_ADMIN_CLIENT`='3bf7095e-2036-45c0-83a4-46938329ba46' AND `LOGIN_LIFESPAN`=1800 AND `INTERNATIONALIZATION_ENABLED`='1' AND `DEFAULT_LOCALE`='zh-CN' AND `REG_EMAIL_AS_USERNAME`='0' AND `ADMIN_EVENTS_ENABLED`='0' AND `ADMIN_EVENTS_DETAILS_ENABLED`='0' AND `EDIT_USERNAME_ALLOWED`='0' AND `OTP_POLICY_COUNTER`=0 AND `OTP_POLICY_WINDOW`=1 AND `OTP_POLICY_PERIOD`=30 AND `OTP_POLICY_DIGITS`=6 AND `OTP_POLICY_ALG`='HmacSHA1' AND `OTP_POLICY_TYPE`='totp' AND `BROWSER_FLOW`='a1822d8d-9138-4311-b7c3-8b97c4f835a3' AND `REGISTRATION_FLOW`='bbec543a-adad-4575-9e15-9fe24c072a71' AND `DIRECT_GRANT_FLOW`='c5c2adf9-59b7-429b-a4a8-12eb4730768d' AND `RESET_CREDENTIALS_FLOW`='dc10c16f-0172-4f97-9964-e507ee9caa15' AND `CLIENT_AUTH_FLOW`='8bdb5cd5-6bbc-4bb2-94ae-3c25cc52f53d' AND `OFFLINE_SESSION_IDLE_TIMEOUT`=2592000 AND `REVOKE_REFRESH_TOKEN`='0' AND `ACCESS_TOKEN_LIFE_IMPLICIT`=7200 AND `LOGIN_WITH_EMAIL_ALLOWED`='1' AND `DUPLICATE_EMAILS_ALLOWED`='0' AND `DOCKER_AUTH_FLOW`='0f44f9bc-7219-487c-8b23-32f49a14d92d' AND `REFRESH_TOKEN_MAX_REUSE`=0 AND `ALLOW_USER_MANAGED_ACCESS`='0' LIMIT 1; #start 620692 end 622021 time 2021-06-14 18:38:32
DELETE FROM `keycloak`.`REALM_EVENTS_LISTENERS` WHERE `REALM_ID`='baishancloud' AND `VALUE`='jboss-logging' LIMIT 1; #start 620692 end 622151 time 2021-06-14 18:38:33
INSERT INTO `keycloak`.`REALM_EVENTS_LISTENERS`(`REALM_ID`, `VALUE`) VALUES ('baishancloud', 'jboss-logging'); #start 620692 end 622281 time 2021-06-14 18:38:33
DELETE FROM `keycloak`.`REALM_SMTP_CONFIG` WHERE `REALM_ID`='baishancloud' AND `VALUE`='true' AND `NAME`='auth' LIMIT 1; #start 620692 end 622670 time 2021-06-14 18:38:33
DELETE FROM `keycloak`.`REALM_SMTP_CONFIG` WHERE `REALM_ID`='baishancloud' AND `VALUE`='orchsym-no-reply@baishan.com' AND `NAME`='from' LIMIT 1; #start 620692 end 622670 time 2021-06-14 18:38:33
DELETE FROM `keycloak`.`REALM_SMTP_CONFIG` WHERE `REALM_ID`='baishancloud' AND `VALUE`='smtp.partner.outlook.cn' AND `NAME`='host' LIMIT 1; #start 620692 end 622670 time 2021-06-14 18:38:33
DELETE FROM `keycloak`.`REALM_SMTP_CONFIG` WHERE `REALM_ID`='baishancloud' AND `VALUE`='b6$&qS7P6YYx' AND `NAME`='password' LIMIT 1; #start 620692 end 622670 time 2021-06-14 18:38:33
DELETE FROM `keycloak`.`REALM_SMTP_CONFIG` WHERE `REALM_ID`='baishancloud' AND `VALUE`='587' AND `NAME`='port' LIMIT 1; #start 620692 end 622670 time 2021-06-14 18:38:33
DELETE FROM `keycloak`.`REALM_SMTP_CONFIG` WHERE `REALM_ID`='baishancloud' AND `VALUE`='false' AND `NAME`='ssl' LIMIT 1; #start 620692 end 622670 time 2021-06-14 18:38:33
DELETE FROM `keycloak`.`REALM_SMTP_CONFIG` WHERE `REALM_ID`='baishancloud' AND `VALUE`='true' AND `NAME`='starttls' LIMIT 1; #start 620692 end 622670 time 2021-06-14 18:38:33
DELETE FROM `keycloak`.`REALM_SMTP_CONFIG` WHERE `REALM_ID`='baishancloud' AND `VALUE`='orchsym-no-reply@baishan.com' AND `NAME`='user' LIMIT 1; #start 620692 end 622670 time 2021-06-14 18:38:33
INSERT INTO `keycloak`.`REALM_SMTP_CONFIG`(`REALM_ID`, `VALUE`, `NAME`) VALUES ('baishancloud', 'b6$&qS7P6YYx', 'password'); #start 620692 end 622807 time 2021-06-14 18:38:33
INSERT INTO `keycloak`.`REALM_SMTP_CONFIG`(`REALM_ID`, `VALUE`, `NAME`) VALUES ('baishancloud', 'true', 'starttls'); #start 620692 end 622936 time 2021-06-14 18:38:33
INSERT INTO `keycloak`.`REALM_SMTP_CONFIG`(`REALM_ID`, `VALUE`, `NAME`) VALUES ('baishancloud', 'true', 'auth'); #start 620692 end 623061 time 2021-06-14 18:38:33
INSERT INTO `keycloak`.`REALM_SMTP_CONFIG`(`REALM_ID`, `VALUE`, `NAME`) VALUES ('baishancloud', '587', 'port'); #start 620692 end 623185 time 2021-06-14 18:38:33
INSERT INTO `keycloak`.`REALM_SMTP_CONFIG`(`REALM_ID`, `VALUE`, `NAME`) VALUES ('baishancloud', 'smtp.partner.outlook.cn', 'host'); #start 620692 end 623329 time 2021-06-14 18:38:33
INSERT INTO `keycloak`.`REALM_SMTP_CONFIG`(`REALM_ID`, `VALUE`, `NAME`) VALUES ('baishancloud', 'orchsym-no-reply@baishan.com', 'from'); #start 620692 end 623478 time 2021-06-14 18:38:33
INSERT INTO `keycloak`.`REALM_SMTP_CONFIG`(`REALM_ID`, `VALUE`, `NAME`) VALUES ('baishancloud', 'false', 'ssl'); #start 620692 end 623603 time 2021-06-14 18:38:33
INSERT INTO `keycloak`.`REALM_SMTP_CONFIG`(`REALM_ID`, `VALUE`, `NAME`) VALUES ('baishancloud', 'orchsym-no-reply@baishan.com', 'user'); #start 620692 end 623752 time 2021-06-14 18:38:33
DELETE FROM `keycloak`.`REALM_SUPPORTED_LOCALES` WHERE `REALM_ID`='baishancloud' AND `VALUE`='zh-CN' LIMIT 1; #start 620692 end 623875 time 2021-06-14 18:38:33
INSERT INTO `keycloak`.`REALM_SUPPORTED_LOCALES`(`REALM_ID`, `VALUE`) VALUES ('baishancloud', 'zh-CN'); #start 620692 end 623998 time 2021-06-14 18:38:33
UPDATE `keycloak`.`REALM` SET `ID`='baishancloud', `ACCESS_CODE_LIFESPAN`=60, `USER_ACTION_LIFESPAN`=300, `ACCESS_TOKEN_LIFESPAN`=21600, `ACCOUNT_THEME`='orchsym-default', `ADMIN_THEME`='orchsym-default', `EMAIL_THEME`='orchsym-default', `ENABLED`='1', `EVENTS_ENABLED`='0', `EVENTS_EXPIRATION`=0, `LOGIN_THEME`='orchsym-default', `NAME`='baishancloud', `NOT_BEFORE`=1601279651, `PASSWORD_POLICY`='length(8) and lowerCase(2) and passwordHistory(3)', `REGISTRATION_ALLOWED`='0', `REMEMBER_ME`='0', `RESET_PASSWORD_ALLOWED`='1', `SOCIAL`='0', `SSL_REQUIRED`='EXTERNAL', `SSO_IDLE_TIMEOUT`=60, `SSO_MAX_LIFESPAN`=60, `UPDATE_PROFILE_ON_SOC_LOGIN`='0', `VERIFY_EMAIL`='0', `MASTER_ADMIN_CLIENT`='3bf7095e-2036-45c0-83a4-46938329ba46', `LOGIN_LIFESPAN`=1800, `INTERNATIONALIZATION_ENABLED`='1', `DEFAULT_LOCALE`='zh-CN', `REG_EMAIL_AS_USERNAME`='0', `ADMIN_EVENTS_ENABLED`='0', `ADMIN_EVENTS_DETAILS_ENABLED`='0', `EDIT_USERNAME_ALLOWED`='0', `OTP_POLICY_COUNTER`=0, `OTP_POLICY_WINDOW`=1, `OTP_POLICY_PERIOD`=30, `OTP_POLICY_DIGITS`=6, `OTP_POLICY_ALG`='HmacSHA1', `OTP_POLICY_TYPE`='totp', `BROWSER_FLOW`='a1822d8d-9138-4311-b7c3-8b97c4f835a3', `REGISTRATION_FLOW`='bbec543a-adad-4575-9e15-9fe24c072a71', `DIRECT_GRANT_FLOW`='c5c2adf9-59b7-429b-a4a8-12eb4730768d', `RESET_CREDENTIALS_FLOW`='dc10c16f-0172-4f97-9964-e507ee9caa15', `CLIENT_AUTH_FLOW`='8bdb5cd5-6bbc-4bb2-94ae-3c25cc52f53d', `OFFLINE_SESSION_IDLE_TIMEOUT`=2592000, `REVOKE_REFRESH_TOKEN`='0', `ACCESS_TOKEN_LIFE_IMPLICIT`=7200, `LOGIN_WITH_EMAIL_ALLOWED`='1', `DUPLICATE_EMAILS_ALLOWED`='0', `DOCKER_AUTH_FLOW`='0f44f9bc-7219-487c-8b23-32f49a14d92d', `REFRESH_TOKEN_MAX_REUSE`=0, `ALLOW_USER_MANAGED_ACCESS`='0' WHERE `ID`='baishancloud' AND `ACCESS_CODE_LIFESPAN`=60 AND `USER_ACTION_LIFESPAN`=300 AND `ACCESS_TOKEN_LIFESPAN`=21600 AND `ACCOUNT_THEME`='orchsym-default' AND `ADMIN_THEME`='orchsym-default' AND `EMAIL_THEME`='orchsym-default' AND `ENABLED`='1' AND `EVENTS_ENABLED`='0' AND `EVENTS_EXPIRATION`=0 AND `LOGIN_THEME`='orchsym-default' AND `NAME`='baishancloud' AND `NOT_BEFORE`=1601279651 AND `PASSWORD_POLICY`='length(8) and lowerCase(2) and passwordHistory(3)' AND `REGISTRATION_ALLOWED`='0' AND `REMEMBER_ME`='0' AND `RESET_PASSWORD_ALLOWED`='1' AND `SOCIAL`='0' AND `SSL_REQUIRED`='EXTERNAL' AND `SSO_IDLE_TIMEOUT`=60 AND `SSO_MAX_LIFESPAN`=60 AND `UPDATE_PROFILE_ON_SOC_LOGIN`='0' AND `VERIFY_EMAIL`='0' AND `MASTER_ADMIN_CLIENT`='3bf7095e-2036-45c0-83a4-46938329ba46' AND `LOGIN_LIFESPAN`=1800 AND `INTERNATIONALIZATION_ENABLED`='1' AND `DEFAULT_LOCALE`='zh-CN' AND `REG_EMAIL_AS_USERNAME`='0' AND `ADMIN_EVENTS_ENABLED`='0' AND `ADMIN_EVENTS_DETAILS_ENABLED`='0' AND `EDIT_USERNAME_ALLOWED`='0' AND `OTP_POLICY_COUNTER`=0 AND `OTP_POLICY_WINDOW`=1 AND `OTP_POLICY_PERIOD`=30 AND `OTP_POLICY_DIGITS`=6 AND `OTP_POLICY_ALG`='HmacSHA1' AND `OTP_POLICY_TYPE`='totp' AND `BROWSER_FLOW`='a1822d8d-9138-4311-b7c3-8b97c4f835a3' AND `REGISTRATION_FLOW`='bbec543a-adad-4575-9e15-9fe24c072a71' AND `DIRECT_GRANT_FLOW`='c5c2adf9-59b7-429b-a4a8-12eb4730768d' AND `RESET_CREDENTIALS_FLOW`='dc10c16f-0172-4f97-9964-e507ee9caa15' AND `CLIENT_AUTH_FLOW`='8bdb5cd5-6bbc-4bb2-94ae-3c25cc52f53d' AND `OFFLINE_SESSION_IDLE_TIMEOUT`=2592000 AND `REVOKE_REFRESH_TOKEN`='1' AND `ACCESS_TOKEN_LIFE_IMPLICIT`=7200 AND `LOGIN_WITH_EMAIL_ALLOWED`='1' AND `DUPLICATE_EMAILS_ALLOWED`='0' AND `DOCKER_AUTH_FLOW`='0f44f9bc-7219-487c-8b23-32f49a14d92d' AND `REFRESH_TOKEN_MAX_REUSE`=0 AND `ALLOW_USER_MANAGED_ACCESS`='0' LIMIT 1; #start 624086 end 625415 time 2021-06-14 18:40:27
DELETE FROM `keycloak`.`REALM_EVENTS_LISTENERS` WHERE `REALM_ID`='baishancloud' AND `VALUE`='jboss-logging' LIMIT 1; #start 624086 end 625545 time 2021-06-14 18:40:27
INSERT INTO `keycloak`.`REALM_EVENTS_LISTENERS`(`REALM_ID`, `VALUE`) VALUES ('baishancloud', 'jboss-logging'); #start 624086 end 625675 time 2021-06-14 18:40:27
DELETE FROM `keycloak`.`REALM_SMTP_CONFIG` WHERE `REALM_ID`='baishancloud' AND `VALUE`='true' AND `NAME`='auth' LIMIT 1; #start 624086 end 626064 time 2021-06-14 18:40:27
DELETE FROM `keycloak`.`REALM_SMTP_CONFIG` WHERE `REALM_ID`='baishancloud' AND `VALUE`='orchsym-no-reply@baishan.com' AND `NAME`='from' LIMIT 1; #start 624086 end 626064 time 2021-06-14 18:40:27
DELETE FROM `keycloak`.`REALM_SMTP_CONFIG` WHERE `REALM_ID`='baishancloud' AND `VALUE`='smtp.partner.outlook.cn' AND `NAME`='host' LIMIT 1; #start 624086 end 626064 time 2021-06-14 18:40:27
DELETE FROM `keycloak`.`REALM_SMTP_CONFIG` WHERE `REALM_ID`='baishancloud' AND `VALUE`='b6$&qS7P6YYx' AND `NAME`='password' LIMIT 1; #start 624086 end 626064 time 2021-06-14 18:40:27
DELETE FROM `keycloak`.`REALM_SMTP_CONFIG` WHERE `REALM_ID`='baishancloud' AND `VALUE`='587' AND `NAME`='port' LIMIT 1; #start 624086 end 626064 time 2021-06-14 18:40:27
DELETE FROM `keycloak`.`REALM_SMTP_CONFIG` WHERE `REALM_ID`='baishancloud' AND `VALUE`='false' AND `NAME`='ssl' LIMIT 1; #start 624086 end 626064 time 2021-06-14 18:40:27
DELETE FROM `keycloak`.`REALM_SMTP_CONFIG` WHERE `REALM_ID`='baishancloud' AND `VALUE`='true' AND `NAME`='starttls' LIMIT 1; #start 624086 end 626064 time 2021-06-14 18:40:27
DELETE FROM `keycloak`.`REALM_SMTP_CONFIG` WHERE `REALM_ID`='baishancloud' AND `VALUE`='orchsym-no-reply@baishan.com' AND `NAME`='user' LIMIT 1; #start 624086 end 626064 time 2021-06-14 18:40:27
INSERT INTO `keycloak`.`REALM_SMTP_CONFIG`(`REALM_ID`, `VALUE`, `NAME`) VALUES ('baishancloud', 'b6$&qS7P6YYx', 'password'); #start 624086 end 626201 time 2021-06-14 18:40:27
INSERT INTO `keycloak`.`REALM_SMTP_CONFIG`(`REALM_ID`, `VALUE`, `NAME`) VALUES ('baishancloud', 'true', 'starttls'); #start 624086 end 626330 time 2021-06-14 18:40:27
INSERT INTO `keycloak`.`REALM_SMTP_CONFIG`(`REALM_ID`, `VALUE`, `NAME`) VALUES ('baishancloud', 'true', 'auth'); #start 624086 end 626455 time 2021-06-14 18:40:27
INSERT INTO `keycloak`.`REALM_SMTP_CONFIG`(`REALM_ID`, `VALUE`, `NAME`) VALUES ('baishancloud', '587', 'port'); #start 624086 end 626579 time 2021-06-14 18:40:27
INSERT INTO `keycloak`.`REALM_SMTP_CONFIG`(`REALM_ID`, `VALUE`, `NAME`) VALUES ('baishancloud', 'smtp.partner.outlook.cn', 'host'); #start 624086 end 626723 time 2021-06-14 18:40:27
INSERT INTO `keycloak`.`REALM_SMTP_CONFIG`(`REALM_ID`, `VALUE`, `NAME`) VALUES ('baishancloud', 'orchsym-no-reply@baishan.com', 'from'); #start 624086 end 626872 time 2021-06-14 18:40:27
INSERT INTO `keycloak`.`REALM_SMTP_CONFIG`(`REALM_ID`, `VALUE`, `NAME`) VALUES ('baishancloud', 'false', 'ssl'); #start 624086 end 626997 time 2021-06-14 18:40:27
INSERT INTO `keycloak`.`REALM_SMTP_CONFIG`(`REALM_ID`, `VALUE`, `NAME`) VALUES ('baishancloud', 'orchsym-no-reply@baishan.com', 'user'); #start 624086 end 627146 time 2021-06-14 18:40:27
DELETE FROM `keycloak`.`REALM_SUPPORTED_LOCALES` WHERE `REALM_ID`='baishancloud' AND `VALUE`='zh-CN' LIMIT 1; #start 624086 end 627269 time 2021-06-14 18:40:27
INSERT INTO `keycloak`.`REALM_SUPPORTED_LOCALES`(`REALM_ID`, `VALUE`) VALUES ('baishancloud', 'zh-CN'); #start 624086 end 627392 time 2021-06-14 18:40:27
UPDATE `keycloak`.`REALM` SET `ID`='baishancloud', `ACCESS_CODE_LIFESPAN`=60, `USER_ACTION_LIFESPAN`=300, `ACCESS_TOKEN_LIFESPAN`=21600, `ACCOUNT_THEME`='orchsym-default', `ADMIN_THEME`='orchsym-default', `EMAIL_THEME`='orchsym-default', `ENABLED`='1', `EVENTS_ENABLED`='0', `EVENTS_EXPIRATION`=0, `LOGIN_THEME`='orchsym-default', `NAME`='baishancloud', `NOT_BEFORE`=1601279651, `PASSWORD_POLICY`='length(8) and lowerCase(2) and passwordHistory(3)', `REGISTRATION_ALLOWED`='0', `REMEMBER_ME`='0', `RESET_PASSWORD_ALLOWED`='1', `SOCIAL`='0', `SSL_REQUIRED`='EXTERNAL', `SSO_IDLE_TIMEOUT`=60, `SSO_MAX_LIFESPAN`=300, `UPDATE_PROFILE_ON_SOC_LOGIN`='0', `VERIFY_EMAIL`='0', `MASTER_ADMIN_CLIENT`='3bf7095e-2036-45c0-83a4-46938329ba46', `LOGIN_LIFESPAN`=1800, `INTERNATIONALIZATION_ENABLED`='1', `DEFAULT_LOCALE`='zh-CN', `REG_EMAIL_AS_USERNAME`='0', `ADMIN_EVENTS_ENABLED`='0', `ADMIN_EVENTS_DETAILS_ENABLED`='0', `EDIT_USERNAME_ALLOWED`='0', `OTP_POLICY_COUNTER`=0, `OTP_POLICY_WINDOW`=1, `OTP_POLICY_PERIOD`=30, `OTP_POLICY_DIGITS`=6, `OTP_POLICY_ALG`='HmacSHA1', `OTP_POLICY_TYPE`='totp', `BROWSER_FLOW`='a1822d8d-9138-4311-b7c3-8b97c4f835a3', `REGISTRATION_FLOW`='bbec543a-adad-4575-9e15-9fe24c072a71', `DIRECT_GRANT_FLOW`='c5c2adf9-59b7-429b-a4a8-12eb4730768d', `RESET_CREDENTIALS_FLOW`='dc10c16f-0172-4f97-9964-e507ee9caa15', `CLIENT_AUTH_FLOW`='8bdb5cd5-6bbc-4bb2-94ae-3c25cc52f53d', `OFFLINE_SESSION_IDLE_TIMEOUT`=2592000, `REVOKE_REFRESH_TOKEN`='0', `ACCESS_TOKEN_LIFE_IMPLICIT`=7200, `LOGIN_WITH_EMAIL_ALLOWED`='1', `DUPLICATE_EMAILS_ALLOWED`='0', `DOCKER_AUTH_FLOW`='0f44f9bc-7219-487c-8b23-32f49a14d92d', `REFRESH_TOKEN_MAX_REUSE`=0, `ALLOW_USER_MANAGED_ACCESS`='0' WHERE `ID`='baishancloud' AND `ACCESS_CODE_LIFESPAN`=60 AND `USER_ACTION_LIFESPAN`=300 AND `ACCESS_TOKEN_LIFESPAN`=21600 AND `ACCOUNT_THEME`='orchsym-default' AND `ADMIN_THEME`='orchsym-default' AND `EMAIL_THEME`='orchsym-default' AND `ENABLED`='1' AND `EVENTS_ENABLED`='0' AND `EVENTS_EXPIRATION`=0 AND `LOGIN_THEME`='orchsym-default' AND `NAME`='baishancloud' AND `NOT_BEFORE`=1601279651 AND `PASSWORD_POLICY`='length(8) and lowerCase(2) and passwordHistory(3)' AND `REGISTRATION_ALLOWED`='0' AND `REMEMBER_ME`='0' AND `RESET_PASSWORD_ALLOWED`='1' AND `SOCIAL`='0' AND `SSL_REQUIRED`='EXTERNAL' AND `SSO_IDLE_TIMEOUT`=60 AND `SSO_MAX_LIFESPAN`=60 AND `UPDATE_PROFILE_ON_SOC_LOGIN`='0' AND `VERIFY_EMAIL`='0' AND `MASTER_ADMIN_CLIENT`='3bf7095e-2036-45c0-83a4-46938329ba46' AND `LOGIN_LIFESPAN`=1800 AND `INTERNATIONALIZATION_ENABLED`='1' AND `DEFAULT_LOCALE`='zh-CN' AND `REG_EMAIL_AS_USERNAME`='0' AND `ADMIN_EVENTS_ENABLED`='0' AND `ADMIN_EVENTS_DETAILS_ENABLED`='0' AND `EDIT_USERNAME_ALLOWED`='0' AND `OTP_POLICY_COUNTER`=0 AND `OTP_POLICY_WINDOW`=1 AND `OTP_POLICY_PERIOD`=30 AND `OTP_POLICY_DIGITS`=6 AND `OTP_POLICY_ALG`='HmacSHA1' AND `OTP_POLICY_TYPE`='totp' AND `BROWSER_FLOW`='a1822d8d-9138-4311-b7c3-8b97c4f835a3' AND `REGISTRATION_FLOW`='bbec543a-adad-4575-9e15-9fe24c072a71' AND `DIRECT_GRANT_FLOW`='c5c2adf9-59b7-429b-a4a8-12eb4730768d' AND `RESET_CREDENTIALS_FLOW`='dc10c16f-0172-4f97-9964-e507ee9caa15' AND `CLIENT_AUTH_FLOW`='8bdb5cd5-6bbc-4bb2-94ae-3c25cc52f53d' AND `OFFLINE_SESSION_IDLE_TIMEOUT`=2592000 AND `REVOKE_REFRESH_TOKEN`='0' AND `ACCESS_TOKEN_LIFE_IMPLICIT`=7200 AND `LOGIN_WITH_EMAIL_ALLOWED`='1' AND `DUPLICATE_EMAILS_ALLOWED`='0' AND `DOCKER_AUTH_FLOW`='0f44f9bc-7219-487c-8b23-32f49a14d92d' AND `REFRESH_TOKEN_MAX_REUSE`=0 AND `ALLOW_USER_MANAGED_ACCESS`='0' LIMIT 1; #start 627480 end 628809 time 2021-06-14 18:49:58
DELETE FROM `keycloak`.`REALM_EVENTS_LISTENERS` WHERE `REALM_ID`='baishancloud' AND `VALUE`='jboss-logging' LIMIT 1; #start 627480 end 628939 time 2021-06-14 18:49:58
INSERT INTO `keycloak`.`REALM_EVENTS_LISTENERS`(`REALM_ID`, `VALUE`) VALUES ('baishancloud', 'jboss-logging'); #start 627480 end 629069 time 2021-06-14 18:49:58
DELETE FROM `keycloak`.`REALM_SMTP_CONFIG` WHERE `REALM_ID`='baishancloud' AND `VALUE`='true' AND `NAME`='auth' LIMIT 1; #start 627480 end 629458 time 2021-06-14 18:49:58
DELETE FROM `keycloak`.`REALM_SMTP_CONFIG` WHERE `REALM_ID`='baishancloud' AND `VALUE`='orchsym-no-reply@baishan.com' AND `NAME`='from' LIMIT 1; #start 627480 end 629458 time 2021-06-14 18:49:58
DELETE FROM `keycloak`.`REALM_SMTP_CONFIG` WHERE `REALM_ID`='baishancloud' AND `VALUE`='smtp.partner.outlook.cn' AND `NAME`='host' LIMIT 1; #start 627480 end 629458 time 2021-06-14 18:49:58
DELETE FROM `keycloak`.`REALM_SMTP_CONFIG` WHERE `REALM_ID`='baishancloud' AND `VALUE`='b6$&qS7P6YYx' AND `NAME`='password' LIMIT 1; #start 627480 end 629458 time 2021-06-14 18:49:58
DELETE FROM `keycloak`.`REALM_SMTP_CONFIG` WHERE `REALM_ID`='baishancloud' AND `VALUE`='587' AND `NAME`='port' LIMIT 1; #start 627480 end 629458 time 2021-06-14 18:49:58
DELETE FROM `keycloak`.`REALM_SMTP_CONFIG` WHERE `REALM_ID`='baishancloud' AND `VALUE`='false' AND `NAME`='ssl' LIMIT 1; #start 627480 end 629458 time 2021-06-14 18:49:58
DELETE FROM `keycloak`.`REALM_SMTP_CONFIG` WHERE `REALM_ID`='baishancloud' AND `VALUE`='true' AND `NAME`='starttls' LIMIT 1; #start 627480 end 629458 time 2021-06-14 18:49:58
DELETE FROM `keycloak`.`REALM_SMTP_CONFIG` WHERE `REALM_ID`='baishancloud' AND `VALUE`='orchsym-no-reply@baishan.com' AND `NAME`='user' LIMIT 1; #start 627480 end 629458 time 2021-06-14 18:49:58
INSERT INTO `keycloak`.`REALM_SMTP_CONFIG`(`REALM_ID`, `VALUE`, `NAME`) VALUES ('baishancloud', 'b6$&qS7P6YYx', 'password'); #start 627480 end 629595 time 2021-06-14 18:49:58
INSERT INTO `keycloak`.`REALM_SMTP_CONFIG`(`REALM_ID`, `VALUE`, `NAME`) VALUES ('baishancloud', 'true', 'starttls'); #start 627480 end 629724 time 2021-06-14 18:49:58
INSERT INTO `keycloak`.`REALM_SMTP_CONFIG`(`REALM_ID`, `VALUE`, `NAME`) VALUES ('baishancloud', 'true', 'auth'); #start 627480 end 629849 time 2021-06-14 18:49:58
INSERT INTO `keycloak`.`REALM_SMTP_CONFIG`(`REALM_ID`, `VALUE`, `NAME`) VALUES ('baishancloud', '587', 'port'); #start 627480 end 629973 time 2021-06-14 18:49:58
INSERT INTO `keycloak`.`REALM_SMTP_CONFIG`(`REALM_ID`, `VALUE`, `NAME`) VALUES ('baishancloud', 'smtp.partner.outlook.cn', 'host'); #start 627480 end 630117 time 2021-06-14 18:49:58
INSERT INTO `keycloak`.`REALM_SMTP_CONFIG`(`REALM_ID`, `VALUE`, `NAME`) VALUES ('baishancloud', 'orchsym-no-reply@baishan.com', 'from'); #start 627480 end 630266 time 2021-06-14 18:49:58
INSERT INTO `keycloak`.`REALM_SMTP_CONFIG`(`REALM_ID`, `VALUE`, `NAME`) VALUES ('baishancloud', 'false', 'ssl'); #start 627480 end 630391 time 2021-06-14 18:49:58
INSERT INTO `keycloak`.`REALM_SMTP_CONFIG`(`REALM_ID`, `VALUE`, `NAME`) VALUES ('baishancloud', 'orchsym-no-reply@baishan.com', 'user'); #start 627480 end 630540 time 2021-06-14 18:49:58
DELETE FROM `keycloak`.`REALM_SUPPORTED_LOCALES` WHERE `REALM_ID`='baishancloud' AND `VALUE`='zh-CN' LIMIT 1; #start 627480 end 630663 time 2021-06-14 18:49:58
INSERT INTO `keycloak`.`REALM_SUPPORTED_LOCALES`(`REALM_ID`, `VALUE`) VALUES ('baishancloud', 'zh-CN'); #start 627480 end 630786 time 2021-06-14 18:49:58
UPDATE `keycloak`.`REALM` SET `ID`='baishancloud', `ACCESS_CODE_LIFESPAN`=60, `USER_ACTION_LIFESPAN`=300, `ACCESS_TOKEN_LIFESPAN`=21600, `ACCOUNT_THEME`='orchsym-default', `ADMIN_THEME`='orchsym-default', `EMAIL_THEME`='orchsym-default', `ENABLED`='1', `EVENTS_ENABLED`='0', `EVENTS_EXPIRATION`=0, `LOGIN_THEME`='orchsym-default', `NAME`='baishancloud', `NOT_BEFORE`=1601279651, `PASSWORD_POLICY`='length(8) and lowerCase(2) and passwordHistory(3)', `REGISTRATION_ALLOWED`='0', `REMEMBER_ME`='0', `RESET_PASSWORD_ALLOWED`='1', `SOCIAL`='0', `SSL_REQUIRED`='EXTERNAL', `SSO_IDLE_TIMEOUT`=1800, `SSO_MAX_LIFESPAN`=86400, `UPDATE_PROFILE_ON_SOC_LOGIN`='0', `VERIFY_EMAIL`='0', `MASTER_ADMIN_CLIENT`='3bf7095e-2036-45c0-83a4-46938329ba46', `LOGIN_LIFESPAN`=1800, `INTERNATIONALIZATION_ENABLED`='1', `DEFAULT_LOCALE`='zh-CN', `REG_EMAIL_AS_USERNAME`='0', `ADMIN_EVENTS_ENABLED`='0', `ADMIN_EVENTS_DETAILS_ENABLED`='0', `EDIT_USERNAME_ALLOWED`='0', `OTP_POLICY_COUNTER`=0, `OTP_POLICY_WINDOW`=1, `OTP_POLICY_PERIOD`=30, `OTP_POLICY_DIGITS`=6, `OTP_POLICY_ALG`='HmacSHA1', `OTP_POLICY_TYPE`='totp', `BROWSER_FLOW`='a1822d8d-9138-4311-b7c3-8b97c4f835a3', `REGISTRATION_FLOW`='bbec543a-adad-4575-9e15-9fe24c072a71', `DIRECT_GRANT_FLOW`='c5c2adf9-59b7-429b-a4a8-12eb4730768d', `RESET_CREDENTIALS_FLOW`='dc10c16f-0172-4f97-9964-e507ee9caa15', `CLIENT_AUTH_FLOW`='8bdb5cd5-6bbc-4bb2-94ae-3c25cc52f53d', `OFFLINE_SESSION_IDLE_TIMEOUT`=2592000, `REVOKE_REFRESH_TOKEN`='0', `ACCESS_TOKEN_LIFE_IMPLICIT`=7200, `LOGIN_WITH_EMAIL_ALLOWED`='1', `DUPLICATE_EMAILS_ALLOWED`='0', `DOCKER_AUTH_FLOW`='0f44f9bc-7219-487c-8b23-32f49a14d92d', `REFRESH_TOKEN_MAX_REUSE`=0, `ALLOW_USER_MANAGED_ACCESS`='0' WHERE `ID`='baishancloud' AND `ACCESS_CODE_LIFESPAN`=60 AND `USER_ACTION_LIFESPAN`=300 AND `ACCESS_TOKEN_LIFESPAN`=21600 AND `ACCOUNT_THEME`='orchsym-default' AND `ADMIN_THEME`='orchsym-default' AND `EMAIL_THEME`='orchsym-default' AND `ENABLED`='1' AND `EVENTS_ENABLED`='0' AND `EVENTS_EXPIRATION`=0 AND `LOGIN_THEME`='orchsym-default' AND `NAME`='baishancloud' AND `NOT_BEFORE`=1601279651 AND `PASSWORD_POLICY`='length(8) and lowerCase(2) and passwordHistory(3)' AND `REGISTRATION_ALLOWED`='0' AND `REMEMBER_ME`='0' AND `RESET_PASSWORD_ALLOWED`='1' AND `SOCIAL`='0' AND `SSL_REQUIRED`='EXTERNAL' AND `SSO_IDLE_TIMEOUT`=60 AND `SSO_MAX_LIFESPAN`=300 AND `UPDATE_PROFILE_ON_SOC_LOGIN`='0' AND `VERIFY_EMAIL`='0' AND `MASTER_ADMIN_CLIENT`='3bf7095e-2036-45c0-83a4-46938329ba46' AND `LOGIN_LIFESPAN`=1800 AND `INTERNATIONALIZATION_ENABLED`='1' AND `DEFAULT_LOCALE`='zh-CN' AND `REG_EMAIL_AS_USERNAME`='0' AND `ADMIN_EVENTS_ENABLED`='0' AND `ADMIN_EVENTS_DETAILS_ENABLED`='0' AND `EDIT_USERNAME_ALLOWED`='0' AND `OTP_POLICY_COUNTER`=0 AND `OTP_POLICY_WINDOW`=1 AND `OTP_POLICY_PERIOD`=30 AND `OTP_POLICY_DIGITS`=6 AND `OTP_POLICY_ALG`='HmacSHA1' AND `OTP_POLICY_TYPE`='totp' AND `BROWSER_FLOW`='a1822d8d-9138-4311-b7c3-8b97c4f835a3' AND `REGISTRATION_FLOW`='bbec543a-adad-4575-9e15-9fe24c072a71' AND `DIRECT_GRANT_FLOW`='c5c2adf9-59b7-429b-a4a8-12eb4730768d' AND `RESET_CREDENTIALS_FLOW`='dc10c16f-0172-4f97-9964-e507ee9caa15' AND `CLIENT_AUTH_FLOW`='8bdb5cd5-6bbc-4bb2-94ae-3c25cc52f53d' AND `OFFLINE_SESSION_IDLE_TIMEOUT`=2592000 AND `REVOKE_REFRESH_TOKEN`='0' AND `ACCESS_TOKEN_LIFE_IMPLICIT`=7200 AND `LOGIN_WITH_EMAIL_ALLOWED`='1' AND `DUPLICATE_EMAILS_ALLOWED`='0' AND `DOCKER_AUTH_FLOW`='0f44f9bc-7219-487c-8b23-32f49a14d92d' AND `REFRESH_TOKEN_MAX_REUSE`=0 AND `ALLOW_USER_MANAGED_ACCESS`='0' LIMIT 1; #start 631688 end 633017 time 2021-06-14 18:53:55
DELETE FROM `keycloak`.`REALM_EVENTS_LISTENERS` WHERE `REALM_ID`='baishancloud' AND `VALUE`='jboss-logging' LIMIT 1; #start 631688 end 633147 time 2021-06-14 18:53:55
INSERT INTO `keycloak`.`REALM_EVENTS_LISTENERS`(`REALM_ID`, `VALUE`) VALUES ('baishancloud', 'jboss-logging'); #start 631688 end 633277 time 2021-06-14 18:53:55
DELETE FROM `keycloak`.`REALM_SMTP_CONFIG` WHERE `REALM_ID`='baishancloud' AND `VALUE`='true' AND `NAME`='auth' LIMIT 1; #start 631688 end 633666 time 2021-06-14 18:53:55
DELETE FROM `keycloak`.`REALM_SMTP_CONFIG` WHERE `REALM_ID`='baishancloud' AND `VALUE`='orchsym-no-reply@baishan.com' AND `NAME`='from' LIMIT 1; #start 631688 end 633666 time 2021-06-14 18:53:55
DELETE FROM `keycloak`.`REALM_SMTP_CONFIG` WHERE `REALM_ID`='baishancloud' AND `VALUE`='smtp.partner.outlook.cn' AND `NAME`='host' LIMIT 1; #start 631688 end 633666 time 2021-06-14 18:53:55
DELETE FROM `keycloak`.`REALM_SMTP_CONFIG` WHERE `REALM_ID`='baishancloud' AND `VALUE`='b6$&qS7P6YYx' AND `NAME`='password' LIMIT 1; #start 631688 end 633666 time 2021-06-14 18:53:55
DELETE FROM `keycloak`.`REALM_SMTP_CONFIG` WHERE `REALM_ID`='baishancloud' AND `VALUE`='587' AND `NAME`='port' LIMIT 1; #start 631688 end 633666 time 2021-06-14 18:53:55
DELETE FROM `keycloak`.`REALM_SMTP_CONFIG` WHERE `REALM_ID`='baishancloud' AND `VALUE`='false' AND `NAME`='ssl' LIMIT 1; #start 631688 end 633666 time 2021-06-14 18:53:55
DELETE FROM `keycloak`.`REALM_SMTP_CONFIG` WHERE `REALM_ID`='baishancloud' AND `VALUE`='true' AND `NAME`='starttls' LIMIT 1; #start 631688 end 633666 time 2021-06-14 18:53:55
DELETE FROM `keycloak`.`REALM_SMTP_CONFIG` WHERE `REALM_ID`='baishancloud' AND `VALUE`='orchsym-no-reply@baishan.com' AND `NAME`='user' LIMIT 1; #start 631688 end 633666 time 2021-06-14 18:53:55
INSERT INTO `keycloak`.`REALM_SMTP_CONFIG`(`REALM_ID`, `VALUE`, `NAME`) VALUES ('baishancloud', 'b6$&qS7P6YYx', 'password'); #start 631688 end 633803 time 2021-06-14 18:53:55
INSERT INTO `keycloak`.`REALM_SMTP_CONFIG`(`REALM_ID`, `VALUE`, `NAME`) VALUES ('baishancloud', 'true', 'starttls'); #start 631688 end 633932 time 2021-06-14 18:53:55
INSERT INTO `keycloak`.`REALM_SMTP_CONFIG`(`REALM_ID`, `VALUE`, `NAME`) VALUES ('baishancloud', 'true', 'auth'); #start 631688 end 634057 time 2021-06-14 18:53:55
INSERT INTO `keycloak`.`REALM_SMTP_CONFIG`(`REALM_ID`, `VALUE`, `NAME`) VALUES ('baishancloud', '587', 'port'); #start 631688 end 634181 time 2021-06-14 18:53:55
INSERT INTO `keycloak`.`REALM_SMTP_CONFIG`(`REALM_ID`, `VALUE`, `NAME`) VALUES ('baishancloud', 'smtp.partner.outlook.cn', 'host'); #start 631688 end 634325 time 2021-06-14 18:53:55
INSERT INTO `keycloak`.`REALM_SMTP_CONFIG`(`REALM_ID`, `VALUE`, `NAME`) VALUES ('baishancloud', 'orchsym-no-reply@baishan.com', 'from'); #start 631688 end 634474 time 2021-06-14 18:53:55
INSERT INTO `keycloak`.`REALM_SMTP_CONFIG`(`REALM_ID`, `VALUE`, `NAME`) VALUES ('baishancloud', 'false', 'ssl'); #start 631688 end 634599 time 2021-06-14 18:53:55
INSERT INTO `keycloak`.`REALM_SMTP_CONFIG`(`REALM_ID`, `VALUE`, `NAME`) VALUES ('baishancloud', 'orchsym-no-reply@baishan.com', 'user'); #start 631688 end 634748 time 2021-06-14 18:53:55
DELETE FROM `keycloak`.`REALM_SUPPORTED_LOCALES` WHERE `REALM_ID`='baishancloud' AND `VALUE`='zh-CN' LIMIT 1; #start 631688 end 634871 time 2021-06-14 18:53:55
INSERT INTO `keycloak`.`REALM_SUPPORTED_LOCALES`(`REALM_ID`, `VALUE`) VALUES ('baishancloud', 'zh-CN'); #start 631688 end 634994 time 2021-06-14 18:53:55
UPDATE `keycloak`.`REALM` SET `ID`='baishancloud', `ACCESS_CODE_LIFESPAN`=60, `USER_ACTION_LIFESPAN`=300, `ACCESS_TOKEN_LIFESPAN`=21600, `ACCOUNT_THEME`='orchsym-default', `ADMIN_THEME`='orchsym-default', `EMAIL_THEME`='orchsym-default', `ENABLED`='1', `EVENTS_ENABLED`='0', `EVENTS_EXPIRATION`=0, `LOGIN_THEME`='orchsym-default', `NAME`='baishancloud', `NOT_BEFORE`=0, `PASSWORD_POLICY`='length(8) and lowerCase(2) and passwordHistory(3)', `REGISTRATION_ALLOWED`='0', `REMEMBER_ME`='0', `RESET_PASSWORD_ALLOWED`='1', `SOCIAL`='0', `SSL_REQUIRED`='EXTERNAL', `SSO_IDLE_TIMEOUT`=1800, `SSO_MAX_LIFESPAN`=86400, `UPDATE_PROFILE_ON_SOC_LOGIN`='0', `VERIFY_EMAIL`='0', `MASTER_ADMIN_CLIENT`='3bf7095e-2036-45c0-83a4-46938329ba46', `LOGIN_LIFESPAN`=1800, `INTERNATIONALIZATION_ENABLED`='1', `DEFAULT_LOCALE`='zh-CN', `REG_EMAIL_AS_USERNAME`='0', `ADMIN_EVENTS_ENABLED`='0', `ADMIN_EVENTS_DETAILS_ENABLED`='0', `EDIT_USERNAME_ALLOWED`='0', `OTP_POLICY_COUNTER`=0, `OTP_POLICY_WINDOW`=1, `OTP_POLICY_PERIOD`=30, `OTP_POLICY_DIGITS`=6, `OTP_POLICY_ALG`='HmacSHA1', `OTP_POLICY_TYPE`='totp', `BROWSER_FLOW`='a1822d8d-9138-4311-b7c3-8b97c4f835a3', `REGISTRATION_FLOW`='bbec543a-adad-4575-9e15-9fe24c072a71', `DIRECT_GRANT_FLOW`='c5c2adf9-59b7-429b-a4a8-12eb4730768d', `RESET_CREDENTIALS_FLOW`='dc10c16f-0172-4f97-9964-e507ee9caa15', `CLIENT_AUTH_FLOW`='8bdb5cd5-6bbc-4bb2-94ae-3c25cc52f53d', `OFFLINE_SESSION_IDLE_TIMEOUT`=2592000, `REVOKE_REFRESH_TOKEN`='0', `ACCESS_TOKEN_LIFE_IMPLICIT`=7200, `LOGIN_WITH_EMAIL_ALLOWED`='1', `DUPLICATE_EMAILS_ALLOWED`='0', `DOCKER_AUTH_FLOW`='0f44f9bc-7219-487c-8b23-32f49a14d92d', `REFRESH_TOKEN_MAX_REUSE`=0, `ALLOW_USER_MANAGED_ACCESS`='0' WHERE `ID`='baishancloud' AND `ACCESS_CODE_LIFESPAN`=60 AND `USER_ACTION_LIFESPAN`=300 AND `ACCESS_TOKEN_LIFESPAN`=21600 AND `ACCOUNT_THEME`='orchsym-default' AND `ADMIN_THEME`='orchsym-default' AND `EMAIL_THEME`='orchsym-default' AND `ENABLED`='1' AND `EVENTS_ENABLED`='0' AND `EVENTS_EXPIRATION`=0 AND `LOGIN_THEME`='orchsym-default' AND `NAME`='baishancloud' AND `NOT_BEFORE`=1601279651 AND `PASSWORD_POLICY`='length(8) and lowerCase(2) and passwordHistory(3)' AND `REGISTRATION_ALLOWED`='0' AND `REMEMBER_ME`='0' AND `RESET_PASSWORD_ALLOWED`='1' AND `SOCIAL`='0' AND `SSL_REQUIRED`='EXTERNAL' AND `SSO_IDLE_TIMEOUT`=1800 AND `SSO_MAX_LIFESPAN`=86400 AND `UPDATE_PROFILE_ON_SOC_LOGIN`='0' AND `VERIFY_EMAIL`='0' AND `MASTER_ADMIN_CLIENT`='3bf7095e-2036-45c0-83a4-46938329ba46' AND `LOGIN_LIFESPAN`=1800 AND `INTERNATIONALIZATION_ENABLED`='1' AND `DEFAULT_LOCALE`='zh-CN' AND `REG_EMAIL_AS_USERNAME`='0' AND `ADMIN_EVENTS_ENABLED`='0' AND `ADMIN_EVENTS_DETAILS_ENABLED`='0' AND `EDIT_USERNAME_ALLOWED`='0' AND `OTP_POLICY_COUNTER`=0 AND `OTP_POLICY_WINDOW`=1 AND `OTP_POLICY_PERIOD`=30 AND `OTP_POLICY_DIGITS`=6 AND `OTP_POLICY_ALG`='HmacSHA1' AND `OTP_POLICY_TYPE`='totp' AND `BROWSER_FLOW`='a1822d8d-9138-4311-b7c3-8b97c4f835a3' AND `REGISTRATION_FLOW`='bbec543a-adad-4575-9e15-9fe24c072a71' AND `DIRECT_GRANT_FLOW`='c5c2adf9-59b7-429b-a4a8-12eb4730768d' AND `RESET_CREDENTIALS_FLOW`='dc10c16f-0172-4f97-9964-e507ee9caa15' AND `CLIENT_AUTH_FLOW`='8bdb5cd5-6bbc-4bb2-94ae-3c25cc52f53d' AND `OFFLINE_SESSION_IDLE_TIMEOUT`=2592000 AND `REVOKE_REFRESH_TOKEN`='0' AND `ACCESS_TOKEN_LIFE_IMPLICIT`=7200 AND `LOGIN_WITH_EMAIL_ALLOWED`='1' AND `DUPLICATE_EMAILS_ALLOWED`='0' AND `DOCKER_AUTH_FLOW`='0f44f9bc-7219-487c-8b23-32f49a14d92d' AND `REFRESH_TOKEN_MAX_REUSE`=0 AND `ALLOW_USER_MANAGED_ACCESS`='0' LIMIT 1; #start 635082 end 636411 time 2021-06-14 18:55:07
UPDATE `keycloak`.`REALM` SET `ID`='baishancloud', `ACCESS_CODE_LIFESPAN`=60, `USER_ACTION_LIFESPAN`=300, `ACCESS_TOKEN_LIFESPAN`=21600, `ACCOUNT_THEME`='orchsym-default', `ADMIN_THEME`='orchsym-default', `EMAIL_THEME`='orchsym-default', `ENABLED`='1', `EVENTS_ENABLED`='0', `EVENTS_EXPIRATION`=0, `LOGIN_THEME`='orchsym-default', `NAME`='baishancloud', `NOT_BEFORE`=1623668115, `PASSWORD_POLICY`='length(8) and lowerCase(2) and passwordHistory(3)', `REGISTRATION_ALLOWED`='0', `REMEMBER_ME`='0', `RESET_PASSWORD_ALLOWED`='1', `SOCIAL`='0', `SSL_REQUIRED`='EXTERNAL', `SSO_IDLE_TIMEOUT`=1800, `SSO_MAX_LIFESPAN`=86400, `UPDATE_PROFILE_ON_SOC_LOGIN`='0', `VERIFY_EMAIL`='0', `MASTER_ADMIN_CLIENT`='3bf7095e-2036-45c0-83a4-46938329ba46', `LOGIN_LIFESPAN`=1800, `INTERNATIONALIZATION_ENABLED`='1', `DEFAULT_LOCALE`='zh-CN', `REG_EMAIL_AS_USERNAME`='0', `ADMIN_EVENTS_ENABLED`='0', `ADMIN_EVENTS_DETAILS_ENABLED`='0', `EDIT_USERNAME_ALLOWED`='0', `OTP_POLICY_COUNTER`=0, `OTP_POLICY_WINDOW`=1, `OTP_POLICY_PERIOD`=30, `OTP_POLICY_DIGITS`=6, `OTP_POLICY_ALG`='HmacSHA1', `OTP_POLICY_TYPE`='totp', `BROWSER_FLOW`='a1822d8d-9138-4311-b7c3-8b97c4f835a3', `REGISTRATION_FLOW`='bbec543a-adad-4575-9e15-9fe24c072a71', `DIRECT_GRANT_FLOW`='c5c2adf9-59b7-429b-a4a8-12eb4730768d', `RESET_CREDENTIALS_FLOW`='dc10c16f-0172-4f97-9964-e507ee9caa15', `CLIENT_AUTH_FLOW`='8bdb5cd5-6bbc-4bb2-94ae-3c25cc52f53d', `OFFLINE_SESSION_IDLE_TIMEOUT`=2592000, `REVOKE_REFRESH_TOKEN`='0', `ACCESS_TOKEN_LIFE_IMPLICIT`=7200, `LOGIN_WITH_EMAIL_ALLOWED`='1', `DUPLICATE_EMAILS_ALLOWED`='0', `DOCKER_AUTH_FLOW`='0f44f9bc-7219-487c-8b23-32f49a14d92d', `REFRESH_TOKEN_MAX_REUSE`=0, `ALLOW_USER_MANAGED_ACCESS`='0' WHERE `ID`='baishancloud' AND `ACCESS_CODE_LIFESPAN`=60 AND `USER_ACTION_LIFESPAN`=300 AND `ACCESS_TOKEN_LIFESPAN`=21600 AND `ACCOUNT_THEME`='orchsym-default' AND `ADMIN_THEME`='orchsym-default' AND `EMAIL_THEME`='orchsym-default' AND `ENABLED`='1' AND `EVENTS_ENABLED`='0' AND `EVENTS_EXPIRATION`=0 AND `LOGIN_THEME`='orchsym-default' AND `NAME`='baishancloud' AND `NOT_BEFORE`=0 AND `PASSWORD_POLICY`='length(8) and lowerCase(2) and passwordHistory(3)' AND `REGISTRATION_ALLOWED`='0' AND `REMEMBER_ME`='0' AND `RESET_PASSWORD_ALLOWED`='1' AND `SOCIAL`='0' AND `SSL_REQUIRED`='EXTERNAL' AND `SSO_IDLE_TIMEOUT`=1800 AND `SSO_MAX_LIFESPAN`=86400 AND `UPDATE_PROFILE_ON_SOC_LOGIN`='0' AND `VERIFY_EMAIL`='0' AND `MASTER_ADMIN_CLIENT`='3bf7095e-2036-45c0-83a4-46938329ba46' AND `LOGIN_LIFESPAN`=1800 AND `INTERNATIONALIZATION_ENABLED`='1' AND `DEFAULT_LOCALE`='zh-CN' AND `REG_EMAIL_AS_USERNAME`='0' AND `ADMIN_EVENTS_ENABLED`='0' AND `ADMIN_EVENTS_DETAILS_ENABLED`='0' AND `EDIT_USERNAME_ALLOWED`='0' AND `OTP_POLICY_COUNTER`=0 AND `OTP_POLICY_WINDOW`=1 AND `OTP_POLICY_PERIOD`=30 AND `OTP_POLICY_DIGITS`=6 AND `OTP_POLICY_ALG`='HmacSHA1' AND `OTP_POLICY_TYPE`='totp' AND `BROWSER_FLOW`='a1822d8d-9138-4311-b7c3-8b97c4f835a3' AND `REGISTRATION_FLOW`='bbec543a-adad-4575-9e15-9fe24c072a71' AND `DIRECT_GRANT_FLOW`='c5c2adf9-59b7-429b-a4a8-12eb4730768d' AND `RESET_CREDENTIALS_FLOW`='dc10c16f-0172-4f97-9964-e507ee9caa15' AND `CLIENT_AUTH_FLOW`='8bdb5cd5-6bbc-4bb2-94ae-3c25cc52f53d' AND `OFFLINE_SESSION_IDLE_TIMEOUT`=2592000 AND `REVOKE_REFRESH_TOKEN`='0' AND `ACCESS_TOKEN_LIFE_IMPLICIT`=7200 AND `LOGIN_WITH_EMAIL_ALLOWED`='1' AND `DUPLICATE_EMAILS_ALLOWED`='0' AND `DOCKER_AUTH_FLOW`='0f44f9bc-7219-487c-8b23-32f49a14d92d' AND `REFRESH_TOKEN_MAX_REUSE`=0 AND `ALLOW_USER_MANAGED_ACCESS`='0' LIMIT 1; #start 636499 end 637828 time 2021-06-14 18:55:16
UPDATE `keycloak`.`REALM` SET `ID`='baishancloud', `ACCESS_CODE_LIFESPAN`=60, `USER_ACTION_LIFESPAN`=300, `ACCESS_TOKEN_LIFESPAN`=21600, `ACCOUNT_THEME`='orchsym-default', `ADMIN_THEME`='orchsym-default', `EMAIL_THEME`='orchsym-default', `ENABLED`='1', `EVENTS_ENABLED`='0', `EVENTS_EXPIRATION`=0, `LOGIN_THEME`='orchsym-default', `NAME`='baishancloud', `NOT_BEFORE`=1623668122, `PASSWORD_POLICY`='length(8) and lowerCase(2) and passwordHistory(3)', `REGISTRATION_ALLOWED`='0', `REMEMBER_ME`='0', `RESET_PASSWORD_ALLOWED`='1', `SOCIAL`='0', `SSL_REQUIRED`='EXTERNAL', `SSO_IDLE_TIMEOUT`=1800, `SSO_MAX_LIFESPAN`=86400, `UPDATE_PROFILE_ON_SOC_LOGIN`='0', `VERIFY_EMAIL`='0', `MASTER_ADMIN_CLIENT`='3bf7095e-2036-45c0-83a4-46938329ba46', `LOGIN_LIFESPAN`=1800, `INTERNATIONALIZATION_ENABLED`='1', `DEFAULT_LOCALE`='zh-CN', `REG_EMAIL_AS_USERNAME`='0', `ADMIN_EVENTS_ENABLED`='0', `ADMIN_EVENTS_DETAILS_ENABLED`='0', `EDIT_USERNAME_ALLOWED`='0', `OTP_POLICY_COUNTER`=0, `OTP_POLICY_WINDOW`=1, `OTP_POLICY_PERIOD`=30, `OTP_POLICY_DIGITS`=6, `OTP_POLICY_ALG`='HmacSHA1', `OTP_POLICY_TYPE`='totp', `BROWSER_FLOW`='a1822d8d-9138-4311-b7c3-8b97c4f835a3', `REGISTRATION_FLOW`='bbec543a-adad-4575-9e15-9fe24c072a71', `DIRECT_GRANT_FLOW`='c5c2adf9-59b7-429b-a4a8-12eb4730768d', `RESET_CREDENTIALS_FLOW`='dc10c16f-0172-4f97-9964-e507ee9caa15', `CLIENT_AUTH_FLOW`='8bdb5cd5-6bbc-4bb2-94ae-3c25cc52f53d', `OFFLINE_SESSION_IDLE_TIMEOUT`=2592000, `REVOKE_REFRESH_TOKEN`='0', `ACCESS_TOKEN_LIFE_IMPLICIT`=7200, `LOGIN_WITH_EMAIL_ALLOWED`='1', `DUPLICATE_EMAILS_ALLOWED`='0', `DOCKER_AUTH_FLOW`='0f44f9bc-7219-487c-8b23-32f49a14d92d', `REFRESH_TOKEN_MAX_REUSE`=0, `ALLOW_USER_MANAGED_ACCESS`='0' WHERE `ID`='baishancloud' AND `ACCESS_CODE_LIFESPAN`=60 AND `USER_ACTION_LIFESPAN`=300 AND `ACCESS_TOKEN_LIFESPAN`=21600 AND `ACCOUNT_THEME`='orchsym-default' AND `ADMIN_THEME`='orchsym-default' AND `EMAIL_THEME`='orchsym-default' AND `ENABLED`='1' AND `EVENTS_ENABLED`='0' AND `EVENTS_EXPIRATION`=0 AND `LOGIN_THEME`='orchsym-default' AND `NAME`='baishancloud' AND `NOT_BEFORE`=1623668115 AND `PASSWORD_POLICY`='length(8) and lowerCase(2) and passwordHistory(3)' AND `REGISTRATION_ALLOWED`='0' AND `REMEMBER_ME`='0' AND `RESET_PASSWORD_ALLOWED`='1' AND `SOCIAL`='0' AND `SSL_REQUIRED`='EXTERNAL' AND `SSO_IDLE_TIMEOUT`=1800 AND `SSO_MAX_LIFESPAN`=86400 AND `UPDATE_PROFILE_ON_SOC_LOGIN`='0' AND `VERIFY_EMAIL`='0' AND `MASTER_ADMIN_CLIENT`='3bf7095e-2036-45c0-83a4-46938329ba46' AND `LOGIN_LIFESPAN`=1800 AND `INTERNATIONALIZATION_ENABLED`='1' AND `DEFAULT_LOCALE`='zh-CN' AND `REG_EMAIL_AS_USERNAME`='0' AND `ADMIN_EVENTS_ENABLED`='0' AND `ADMIN_EVENTS_DETAILS_ENABLED`='0' AND `EDIT_USERNAME_ALLOWED`='0' AND `OTP_POLICY_COUNTER`=0 AND `OTP_POLICY_WINDOW`=1 AND `OTP_POLICY_PERIOD`=30 AND `OTP_POLICY_DIGITS`=6 AND `OTP_POLICY_ALG`='HmacSHA1' AND `OTP_POLICY_TYPE`='totp' AND `BROWSER_FLOW`='a1822d8d-9138-4311-b7c3-8b97c4f835a3' AND `REGISTRATION_FLOW`='bbec543a-adad-4575-9e15-9fe24c072a71' AND `DIRECT_GRANT_FLOW`='c5c2adf9-59b7-429b-a4a8-12eb4730768d' AND `RESET_CREDENTIALS_FLOW`='dc10c16f-0172-4f97-9964-e507ee9caa15' AND `CLIENT_AUTH_FLOW`='8bdb5cd5-6bbc-4bb2-94ae-3c25cc52f53d' AND `OFFLINE_SESSION_IDLE_TIMEOUT`=2592000 AND `REVOKE_REFRESH_TOKEN`='0' AND `ACCESS_TOKEN_LIFE_IMPLICIT`=7200 AND `LOGIN_WITH_EMAIL_ALLOWED`='1' AND `DUPLICATE_EMAILS_ALLOWED`='0' AND `DOCKER_AUTH_FLOW`='0f44f9bc-7219-487c-8b23-32f49a14d92d' AND `REFRESH_TOKEN_MAX_REUSE`=0 AND `ALLOW_USER_MANAGED_ACCESS`='0' LIMIT 1; #start 637916 end 639245 time 2021-06-14 18:55:23
UPDATE `keycloak`.`REALM` SET `ID`='baishancloud', `ACCESS_CODE_LIFESPAN`=60, `USER_ACTION_LIFESPAN`=300, `ACCESS_TOKEN_LIFESPAN`=21600, `ACCOUNT_THEME`='orchsym-default', `ADMIN_THEME`='orchsym-default', `EMAIL_THEME`='orchsym-default', `ENABLED`='1', `EVENTS_ENABLED`='0', `EVENTS_EXPIRATION`=0, `LOGIN_THEME`='orchsym-default', `NAME`='baishancloud', `NOT_BEFORE`=1623668173, `PASSWORD_POLICY`='length(8) and lowerCase(2) and passwordHistory(3)', `REGISTRATION_ALLOWED`='0', `REMEMBER_ME`='0', `RESET_PASSWORD_ALLOWED`='1', `SOCIAL`='0', `SSL_REQUIRED`='EXTERNAL', `SSO_IDLE_TIMEOUT`=1800, `SSO_MAX_LIFESPAN`=86400, `UPDATE_PROFILE_ON_SOC_LOGIN`='0', `VERIFY_EMAIL`='0', `MASTER_ADMIN_CLIENT`='3bf7095e-2036-45c0-83a4-46938329ba46', `LOGIN_LIFESPAN`=1800, `INTERNATIONALIZATION_ENABLED`='1', `DEFAULT_LOCALE`='zh-CN', `REG_EMAIL_AS_USERNAME`='0', `ADMIN_EVENTS_ENABLED`='0', `ADMIN_EVENTS_DETAILS_ENABLED`='0', `EDIT_USERNAME_ALLOWED`='0', `OTP_POLICY_COUNTER`=0, `OTP_POLICY_WINDOW`=1, `OTP_POLICY_PERIOD`=30, `OTP_POLICY_DIGITS`=6, `OTP_POLICY_ALG`='HmacSHA1', `OTP_POLICY_TYPE`='totp', `BROWSER_FLOW`='a1822d8d-9138-4311-b7c3-8b97c4f835a3', `REGISTRATION_FLOW`='bbec543a-adad-4575-9e15-9fe24c072a71', `DIRECT_GRANT_FLOW`='c5c2adf9-59b7-429b-a4a8-12eb4730768d', `RESET_CREDENTIALS_FLOW`='dc10c16f-0172-4f97-9964-e507ee9caa15', `CLIENT_AUTH_FLOW`='8bdb5cd5-6bbc-4bb2-94ae-3c25cc52f53d', `OFFLINE_SESSION_IDLE_TIMEOUT`=2592000, `REVOKE_REFRESH_TOKEN`='0', `ACCESS_TOKEN_LIFE_IMPLICIT`=7200, `LOGIN_WITH_EMAIL_ALLOWED`='1', `DUPLICATE_EMAILS_ALLOWED`='0', `DOCKER_AUTH_FLOW`='0f44f9bc-7219-487c-8b23-32f49a14d92d', `REFRESH_TOKEN_MAX_REUSE`=0, `ALLOW_USER_MANAGED_ACCESS`='0' WHERE `ID`='baishancloud' AND `ACCESS_CODE_LIFESPAN`=60 AND `USER_ACTION_LIFESPAN`=300 AND `ACCESS_TOKEN_LIFESPAN`=21600 AND `ACCOUNT_THEME`='orchsym-default' AND `ADMIN_THEME`='orchsym-default' AND `EMAIL_THEME`='orchsym-default' AND `ENABLED`='1' AND `EVENTS_ENABLED`='0' AND `EVENTS_EXPIRATION`=0 AND `LOGIN_THEME`='orchsym-default' AND `NAME`='baishancloud' AND `NOT_BEFORE`=1623668122 AND `PASSWORD_POLICY`='length(8) and lowerCase(2) and passwordHistory(3)' AND `REGISTRATION_ALLOWED`='0' AND `REMEMBER_ME`='0' AND `RESET_PASSWORD_ALLOWED`='1' AND `SOCIAL`='0' AND `SSL_REQUIRED`='EXTERNAL' AND `SSO_IDLE_TIMEOUT`=1800 AND `SSO_MAX_LIFESPAN`=86400 AND `UPDATE_PROFILE_ON_SOC_LOGIN`='0' AND `VERIFY_EMAIL`='0' AND `MASTER_ADMIN_CLIENT`='3bf7095e-2036-45c0-83a4-46938329ba46' AND `LOGIN_LIFESPAN`=1800 AND `INTERNATIONALIZATION_ENABLED`='1' AND `DEFAULT_LOCALE`='zh-CN' AND `REG_EMAIL_AS_USERNAME`='0' AND `ADMIN_EVENTS_ENABLED`='0' AND `ADMIN_EVENTS_DETAILS_ENABLED`='0' AND `EDIT_USERNAME_ALLOWED`='0' AND `OTP_POLICY_COUNTER`=0 AND `OTP_POLICY_WINDOW`=1 AND `OTP_POLICY_PERIOD`=30 AND `OTP_POLICY_DIGITS`=6 AND `OTP_POLICY_ALG`='HmacSHA1' AND `OTP_POLICY_TYPE`='totp' AND `BROWSER_FLOW`='a1822d8d-9138-4311-b7c3-8b97c4f835a3' AND `REGISTRATION_FLOW`='bbec543a-adad-4575-9e15-9fe24c072a71' AND `DIRECT_GRANT_FLOW`='c5c2adf9-59b7-429b-a4a8-12eb4730768d' AND `RESET_CREDENTIALS_FLOW`='dc10c16f-0172-4f97-9964-e507ee9caa15' AND `CLIENT_AUTH_FLOW`='8bdb5cd5-6bbc-4bb2-94ae-3c25cc52f53d' AND `OFFLINE_SESSION_IDLE_TIMEOUT`=2592000 AND `REVOKE_REFRESH_TOKEN`='0' AND `ACCESS_TOKEN_LIFE_IMPLICIT`=7200 AND `LOGIN_WITH_EMAIL_ALLOWED`='1' AND `DUPLICATE_EMAILS_ALLOWED`='0' AND `DOCKER_AUTH_FLOW`='0f44f9bc-7219-487c-8b23-32f49a14d92d' AND `REFRESH_TOKEN_MAX_REUSE`=0 AND `ALLOW_USER_MANAGED_ACCESS`='0' LIMIT 1; #start 639333 end 640662 time 2021-06-14 18:56:13
UPDATE `keycloak`.`REALM` SET `ID`='baishancloud', `ACCESS_CODE_LIFESPAN`=60, `USER_ACTION_LIFESPAN`=300, `ACCESS_TOKEN_LIFESPAN`=21600, `ACCOUNT_THEME`='orchsym-default', `ADMIN_THEME`='orchsym-default', `EMAIL_THEME`='orchsym-default', `ENABLED`='1', `EVENTS_ENABLED`='0', `EVENTS_EXPIRATION`=0, `LOGIN_THEME`='orchsym-default', `NAME`='baishancloud', `NOT_BEFORE`=1623668196, `PASSWORD_POLICY`='length(8) and lowerCase(2) and passwordHistory(3)', `REGISTRATION_ALLOWED`='0', `REMEMBER_ME`='0', `RESET_PASSWORD_ALLOWED`='1', `SOCIAL`='0', `SSL_REQUIRED`='EXTERNAL', `SSO_IDLE_TIMEOUT`=1800, `SSO_MAX_LIFESPAN`=86400, `UPDATE_PROFILE_ON_SOC_LOGIN`='0', `VERIFY_EMAIL`='0', `MASTER_ADMIN_CLIENT`='3bf7095e-2036-45c0-83a4-46938329ba46', `LOGIN_LIFESPAN`=1800, `INTERNATIONALIZATION_ENABLED`='1', `DEFAULT_LOCALE`='zh-CN', `REG_EMAIL_AS_USERNAME`='0', `ADMIN_EVENTS_ENABLED`='0', `ADMIN_EVENTS_DETAILS_ENABLED`='0', `EDIT_USERNAME_ALLOWED`='0', `OTP_POLICY_COUNTER`=0, `OTP_POLICY_WINDOW`=1, `OTP_POLICY_PERIOD`=30, `OTP_POLICY_DIGITS`=6, `OTP_POLICY_ALG`='HmacSHA1', `OTP_POLICY_TYPE`='totp', `BROWSER_FLOW`='a1822d8d-9138-4311-b7c3-8b97c4f835a3', `REGISTRATION_FLOW`='bbec543a-adad-4575-9e15-9fe24c072a71', `DIRECT_GRANT_FLOW`='c5c2adf9-59b7-429b-a4a8-12eb4730768d', `RESET_CREDENTIALS_FLOW`='dc10c16f-0172-4f97-9964-e507ee9caa15', `CLIENT_AUTH_FLOW`='8bdb5cd5-6bbc-4bb2-94ae-3c25cc52f53d', `OFFLINE_SESSION_IDLE_TIMEOUT`=2592000, `REVOKE_REFRESH_TOKEN`='0', `ACCESS_TOKEN_LIFE_IMPLICIT`=7200, `LOGIN_WITH_EMAIL_ALLOWED`='1', `DUPLICATE_EMAILS_ALLOWED`='0', `DOCKER_AUTH_FLOW`='0f44f9bc-7219-487c-8b23-32f49a14d92d', `REFRESH_TOKEN_MAX_REUSE`=0, `ALLOW_USER_MANAGED_ACCESS`='0' WHERE `ID`='baishancloud' AND `ACCESS_CODE_LIFESPAN`=60 AND `USER_ACTION_LIFESPAN`=300 AND `ACCESS_TOKEN_LIFESPAN`=21600 AND `ACCOUNT_THEME`='orchsym-default' AND `ADMIN_THEME`='orchsym-default' AND `EMAIL_THEME`='orchsym-default' AND `ENABLED`='1' AND `EVENTS_ENABLED`='0' AND `EVENTS_EXPIRATION`=0 AND `LOGIN_THEME`='orchsym-default' AND `NAME`='baishancloud' AND `NOT_BEFORE`=1623668173 AND `PASSWORD_POLICY`='length(8) and lowerCase(2) and passwordHistory(3)' AND `REGISTRATION_ALLOWED`='0' AND `REMEMBER_ME`='0' AND `RESET_PASSWORD_ALLOWED`='1' AND `SOCIAL`='0' AND `SSL_REQUIRED`='EXTERNAL' AND `SSO_IDLE_TIMEOUT`=1800 AND `SSO_MAX_LIFESPAN`=86400 AND `UPDATE_PROFILE_ON_SOC_LOGIN`='0' AND `VERIFY_EMAIL`='0' AND `MASTER_ADMIN_CLIENT`='3bf7095e-2036-45c0-83a4-46938329ba46' AND `LOGIN_LIFESPAN`=1800 AND `INTERNATIONALIZATION_ENABLED`='1' AND `DEFAULT_LOCALE`='zh-CN' AND `REG_EMAIL_AS_USERNAME`='0' AND `ADMIN_EVENTS_ENABLED`='0' AND `ADMIN_EVENTS_DETAILS_ENABLED`='0' AND `EDIT_USERNAME_ALLOWED`='0' AND `OTP_POLICY_COUNTER`=0 AND `OTP_POLICY_WINDOW`=1 AND `OTP_POLICY_PERIOD`=30 AND `OTP_POLICY_DIGITS`=6 AND `OTP_POLICY_ALG`='HmacSHA1' AND `OTP_POLICY_TYPE`='totp' AND `BROWSER_FLOW`='a1822d8d-9138-4311-b7c3-8b97c4f835a3' AND `REGISTRATION_FLOW`='bbec543a-adad-4575-9e15-9fe24c072a71' AND `DIRECT_GRANT_FLOW`='c5c2adf9-59b7-429b-a4a8-12eb4730768d' AND `RESET_CREDENTIALS_FLOW`='dc10c16f-0172-4f97-9964-e507ee9caa15' AND `CLIENT_AUTH_FLOW`='8bdb5cd5-6bbc-4bb2-94ae-3c25cc52f53d' AND `OFFLINE_SESSION_IDLE_TIMEOUT`=2592000 AND `REVOKE_REFRESH_TOKEN`='0' AND `ACCESS_TOKEN_LIFE_IMPLICIT`=7200 AND `LOGIN_WITH_EMAIL_ALLOWED`='1' AND `DUPLICATE_EMAILS_ALLOWED`='0' AND `DOCKER_AUTH_FLOW`='0f44f9bc-7219-487c-8b23-32f49a14d92d' AND `REFRESH_TOKEN_MAX_REUSE`=0 AND `ALLOW_USER_MANAGED_ACCESS`='0' LIMIT 1; #start 640750 end 642079 time 2021-06-14 18:56:36
UPDATE `keycloak`.`REALM` SET `ID`='baishancloud', `ACCESS_CODE_LIFESPAN`=60, `USER_ACTION_LIFESPAN`=300, `ACCESS_TOKEN_LIFESPAN`=21600, `ACCOUNT_THEME`='orchsym-default', `ADMIN_THEME`='orchsym-default', `EMAIL_THEME`='orchsym-default', `ENABLED`='1', `EVENTS_ENABLED`='0', `EVENTS_EXPIRATION`=0, `LOGIN_THEME`='orchsym-default', `NAME`='baishancloud', `NOT_BEFORE`=0, `PASSWORD_POLICY`='length(8) and lowerCase(2) and passwordHistory(3)', `REGISTRATION_ALLOWED`='0', `REMEMBER_ME`='0', `RESET_PASSWORD_ALLOWED`='1', `SOCIAL`='0', `SSL_REQUIRED`='EXTERNAL', `SSO_IDLE_TIMEOUT`=1800, `SSO_MAX_LIFESPAN`=86400, `UPDATE_PROFILE_ON_SOC_LOGIN`='0', `VERIFY_EMAIL`='0', `MASTER_ADMIN_CLIENT`='3bf7095e-2036-45c0-83a4-46938329ba46', `LOGIN_LIFESPAN`=1800, `INTERNATIONALIZATION_ENABLED`='1', `DEFAULT_LOCALE`='zh-CN', `REG_EMAIL_AS_USERNAME`='0', `ADMIN_EVENTS_ENABLED`='0', `ADMIN_EVENTS_DETAILS_ENABLED`='0', `EDIT_USERNAME_ALLOWED`='0', `OTP_POLICY_COUNTER`=0, `OTP_POLICY_WINDOW`=1, `OTP_POLICY_PERIOD`=30, `OTP_POLICY_DIGITS`=6, `OTP_POLICY_ALG`='HmacSHA1', `OTP_POLICY_TYPE`='totp', `BROWSER_FLOW`='a1822d8d-9138-4311-b7c3-8b97c4f835a3', `REGISTRATION_FLOW`='bbec543a-adad-4575-9e15-9fe24c072a71', `DIRECT_GRANT_FLOW`='c5c2adf9-59b7-429b-a4a8-12eb4730768d', `RESET_CREDENTIALS_FLOW`='dc10c16f-0172-4f97-9964-e507ee9caa15', `CLIENT_AUTH_FLOW`='8bdb5cd5-6bbc-4bb2-94ae-3c25cc52f53d', `OFFLINE_SESSION_IDLE_TIMEOUT`=2592000, `REVOKE_REFRESH_TOKEN`='0', `ACCESS_TOKEN_LIFE_IMPLICIT`=7200, `LOGIN_WITH_EMAIL_ALLOWED`='1', `DUPLICATE_EMAILS_ALLOWED`='0', `DOCKER_AUTH_FLOW`='0f44f9bc-7219-487c-8b23-32f49a14d92d', `REFRESH_TOKEN_MAX_REUSE`=0, `ALLOW_USER_MANAGED_ACCESS`='0' WHERE `ID`='baishancloud' AND `ACCESS_CODE_LIFESPAN`=60 AND `USER_ACTION_LIFESPAN`=300 AND `ACCESS_TOKEN_LIFESPAN`=21600 AND `ACCOUNT_THEME`='orchsym-default' AND `ADMIN_THEME`='orchsym-default' AND `EMAIL_THEME`='orchsym-default' AND `ENABLED`='1' AND `EVENTS_ENABLED`='0' AND `EVENTS_EXPIRATION`=0 AND `LOGIN_THEME`='orchsym-default' AND `NAME`='baishancloud' AND `NOT_BEFORE`=1623668196 AND `PASSWORD_POLICY`='length(8) and lowerCase(2) and passwordHistory(3)' AND `REGISTRATION_ALLOWED`='0' AND `REMEMBER_ME`='0' AND `RESET_PASSWORD_ALLOWED`='1' AND `SOCIAL`='0' AND `SSL_REQUIRED`='EXTERNAL' AND `SSO_IDLE_TIMEOUT`=1800 AND `SSO_MAX_LIFESPAN`=86400 AND `UPDATE_PROFILE_ON_SOC_LOGIN`='0' AND `VERIFY_EMAIL`='0' AND `MASTER_ADMIN_CLIENT`='3bf7095e-2036-45c0-83a4-46938329ba46' AND `LOGIN_LIFESPAN`=1800 AND `INTERNATIONALIZATION_ENABLED`='1' AND `DEFAULT_LOCALE`='zh-CN' AND `REG_EMAIL_AS_USERNAME`='0' AND `ADMIN_EVENTS_ENABLED`='0' AND `ADMIN_EVENTS_DETAILS_ENABLED`='0' AND `EDIT_USERNAME_ALLOWED`='0' AND `OTP_POLICY_COUNTER`=0 AND `OTP_POLICY_WINDOW`=1 AND `OTP_POLICY_PERIOD`=30 AND `OTP_POLICY_DIGITS`=6 AND `OTP_POLICY_ALG`='HmacSHA1' AND `OTP_POLICY_TYPE`='totp' AND `BROWSER_FLOW`='a1822d8d-9138-4311-b7c3-8b97c4f835a3' AND `REGISTRATION_FLOW`='bbec543a-adad-4575-9e15-9fe24c072a71' AND `DIRECT_GRANT_FLOW`='c5c2adf9-59b7-429b-a4a8-12eb4730768d' AND `RESET_CREDENTIALS_FLOW`='dc10c16f-0172-4f97-9964-e507ee9caa15' AND `CLIENT_AUTH_FLOW`='8bdb5cd5-6bbc-4bb2-94ae-3c25cc52f53d' AND `OFFLINE_SESSION_IDLE_TIMEOUT`=2592000 AND `REVOKE_REFRESH_TOKEN`='0' AND `ACCESS_TOKEN_LIFE_IMPLICIT`=7200 AND `LOGIN_WITH_EMAIL_ALLOWED`='1' AND `DUPLICATE_EMAILS_ALLOWED`='0' AND `DOCKER_AUTH_FLOW`='0f44f9bc-7219-487c-8b23-32f49a14d92d' AND `REFRESH_TOKEN_MAX_REUSE`=0 AND `ALLOW_USER_MANAGED_ACCESS`='0' LIMIT 1; #start 642167 end 643496 time 2021-06-14 18:56:43
UPDATE `keycloak`.`REALM` SET `ID`='baishancloud', `ACCESS_CODE_LIFESPAN`=60, `USER_ACTION_LIFESPAN`=300, `ACCESS_TOKEN_LIFESPAN`=21600, `ACCOUNT_THEME`='orchsym-default', `ADMIN_THEME`='orchsym-default', `EMAIL_THEME`='orchsym-default', `ENABLED`='1', `EVENTS_ENABLED`='0', `EVENTS_EXPIRATION`=0, `LOGIN_THEME`='orchsym-default', `NAME`='baishancloud', `NOT_BEFORE`=1623668257, `PASSWORD_POLICY`='length(8) and lowerCase(2) and passwordHistory(3)', `REGISTRATION_ALLOWED`='0', `REMEMBER_ME`='0', `RESET_PASSWORD_ALLOWED`='1', `SOCIAL`='0', `SSL_REQUIRED`='EXTERNAL', `SSO_IDLE_TIMEOUT`=1800, `SSO_MAX_LIFESPAN`=86400, `UPDATE_PROFILE_ON_SOC_LOGIN`='0', `VERIFY_EMAIL`='0', `MASTER_ADMIN_CLIENT`='3bf7095e-2036-45c0-83a4-46938329ba46', `LOGIN_LIFESPAN`=1800, `INTERNATIONALIZATION_ENABLED`='1', `DEFAULT_LOCALE`='zh-CN', `REG_EMAIL_AS_USERNAME`='0', `ADMIN_EVENTS_ENABLED`='0', `ADMIN_EVENTS_DETAILS_ENABLED`='0', `EDIT_USERNAME_ALLOWED`='0', `OTP_POLICY_COUNTER`=0, `OTP_POLICY_WINDOW`=1, `OTP_POLICY_PERIOD`=30, `OTP_POLICY_DIGITS`=6, `OTP_POLICY_ALG`='HmacSHA1', `OTP_POLICY_TYPE`='totp', `BROWSER_FLOW`='a1822d8d-9138-4311-b7c3-8b97c4f835a3', `REGISTRATION_FLOW`='bbec543a-adad-4575-9e15-9fe24c072a71', `DIRECT_GRANT_FLOW`='c5c2adf9-59b7-429b-a4a8-12eb4730768d', `RESET_CREDENTIALS_FLOW`='dc10c16f-0172-4f97-9964-e507ee9caa15', `CLIENT_AUTH_FLOW`='8bdb5cd5-6bbc-4bb2-94ae-3c25cc52f53d', `OFFLINE_SESSION_IDLE_TIMEOUT`=2592000, `REVOKE_REFRESH_TOKEN`='0', `ACCESS_TOKEN_LIFE_IMPLICIT`=7200, `LOGIN_WITH_EMAIL_ALLOWED`='1', `DUPLICATE_EMAILS_ALLOWED`='0', `DOCKER_AUTH_FLOW`='0f44f9bc-7219-487c-8b23-32f49a14d92d', `REFRESH_TOKEN_MAX_REUSE`=0, `ALLOW_USER_MANAGED_ACCESS`='0' WHERE `ID`='baishancloud' AND `ACCESS_CODE_LIFESPAN`=60 AND `USER_ACTION_LIFESPAN`=300 AND `ACCESS_TOKEN_LIFESPAN`=21600 AND `ACCOUNT_THEME`='orchsym-default' AND `ADMIN_THEME`='orchsym-default' AND `EMAIL_THEME`='orchsym-default' AND `ENABLED`='1' AND `EVENTS_ENABLED`='0' AND `EVENTS_EXPIRATION`=0 AND `LOGIN_THEME`='orchsym-default' AND `NAME`='baishancloud' AND `NOT_BEFORE`=0 AND `PASSWORD_POLICY`='length(8) and lowerCase(2) and passwordHistory(3)' AND `REGISTRATION_ALLOWED`='0' AND `REMEMBER_ME`='0' AND `RESET_PASSWORD_ALLOWED`='1' AND `SOCIAL`='0' AND `SSL_REQUIRED`='EXTERNAL' AND `SSO_IDLE_TIMEOUT`=1800 AND `SSO_MAX_LIFESPAN`=86400 AND `UPDATE_PROFILE_ON_SOC_LOGIN`='0' AND `VERIFY_EMAIL`='0' AND `MASTER_ADMIN_CLIENT`='3bf7095e-2036-45c0-83a4-46938329ba46' AND `LOGIN_LIFESPAN`=1800 AND `INTERNATIONALIZATION_ENABLED`='1' AND `DEFAULT_LOCALE`='zh-CN' AND `REG_EMAIL_AS_USERNAME`='0' AND `ADMIN_EVENTS_ENABLED`='0' AND `ADMIN_EVENTS_DETAILS_ENABLED`='0' AND `EDIT_USERNAME_ALLOWED`='0' AND `OTP_POLICY_COUNTER`=0 AND `OTP_POLICY_WINDOW`=1 AND `OTP_POLICY_PERIOD`=30 AND `OTP_POLICY_DIGITS`=6 AND `OTP_POLICY_ALG`='HmacSHA1' AND `OTP_POLICY_TYPE`='totp' AND `BROWSER_FLOW`='a1822d8d-9138-4311-b7c3-8b97c4f835a3' AND `REGISTRATION_FLOW`='bbec543a-adad-4575-9e15-9fe24c072a71' AND `DIRECT_GRANT_FLOW`='c5c2adf9-59b7-429b-a4a8-12eb4730768d' AND `RESET_CREDENTIALS_FLOW`='dc10c16f-0172-4f97-9964-e507ee9caa15' AND `CLIENT_AUTH_FLOW`='8bdb5cd5-6bbc-4bb2-94ae-3c25cc52f53d' AND `OFFLINE_SESSION_IDLE_TIMEOUT`=2592000 AND `REVOKE_REFRESH_TOKEN`='0' AND `ACCESS_TOKEN_LIFE_IMPLICIT`=7200 AND `LOGIN_WITH_EMAIL_ALLOWED`='1' AND `DUPLICATE_EMAILS_ALLOWED`='0' AND `DOCKER_AUTH_FLOW`='0f44f9bc-7219-487c-8b23-32f49a14d92d' AND `REFRESH_TOKEN_MAX_REUSE`=0 AND `ALLOW_USER_MANAGED_ACCESS`='0' LIMIT 1; #start 643584 end 644913 time 2021-06-14 18:57:38
UPDATE `keycloak`.`REALM` SET `ID`='baishancloud', `ACCESS_CODE_LIFESPAN`=60, `USER_ACTION_LIFESPAN`=300, `ACCESS_TOKEN_LIFESPAN`=21600, `ACCOUNT_THEME`='orchsym-default', `ADMIN_THEME`='orchsym-default', `EMAIL_THEME`='orchsym-default', `ENABLED`='1', `EVENTS_ENABLED`='0', `EVENTS_EXPIRATION`=0, `LOGIN_THEME`='orchsym-default', `NAME`='baishancloud', `NOT_BEFORE`=1623668244, `PASSWORD_POLICY`='length(8) and lowerCase(2) and passwordHistory(3)', `REGISTRATION_ALLOWED`='0', `REMEMBER_ME`='0', `RESET_PASSWORD_ALLOWED`='1', `SOCIAL`='0', `SSL_REQUIRED`='EXTERNAL', `SSO_IDLE_TIMEOUT`=1800, `SSO_MAX_LIFESPAN`=86400, `UPDATE_PROFILE_ON_SOC_LOGIN`='0', `VERIFY_EMAIL`='0', `MASTER_ADMIN_CLIENT`='3bf7095e-2036-45c0-83a4-46938329ba46', `LOGIN_LIFESPAN`=1800, `INTERNATIONALIZATION_ENABLED`='1', `DEFAULT_LOCALE`='zh-CN', `REG_EMAIL_AS_USERNAME`='0', `ADMIN_EVENTS_ENABLED`='0', `ADMIN_EVENTS_DETAILS_ENABLED`='0', `EDIT_USERNAME_ALLOWED`='0', `OTP_POLICY_COUNTER`=0, `OTP_POLICY_WINDOW`=1, `OTP_POLICY_PERIOD`=30, `OTP_POLICY_DIGITS`=6, `OTP_POLICY_ALG`='HmacSHA1', `OTP_POLICY_TYPE`='totp', `BROWSER_FLOW`='a1822d8d-9138-4311-b7c3-8b97c4f835a3', `REGISTRATION_FLOW`='bbec543a-adad-4575-9e15-9fe24c072a71', `DIRECT_GRANT_FLOW`='c5c2adf9-59b7-429b-a4a8-12eb4730768d', `RESET_CREDENTIALS_FLOW`='dc10c16f-0172-4f97-9964-e507ee9caa15', `CLIENT_AUTH_FLOW`='8bdb5cd5-6bbc-4bb2-94ae-3c25cc52f53d', `OFFLINE_SESSION_IDLE_TIMEOUT`=2592000, `REVOKE_REFRESH_TOKEN`='0', `ACCESS_TOKEN_LIFE_IMPLICIT`=7200, `LOGIN_WITH_EMAIL_ALLOWED`='1', `DUPLICATE_EMAILS_ALLOWED`='0', `DOCKER_AUTH_FLOW`='0f44f9bc-7219-487c-8b23-32f49a14d92d', `REFRESH_TOKEN_MAX_REUSE`=0, `ALLOW_USER_MANAGED_ACCESS`='0' WHERE `ID`='baishancloud' AND `ACCESS_CODE_LIFESPAN`=60 AND `USER_ACTION_LIFESPAN`=300 AND `ACCESS_TOKEN_LIFESPAN`=21600 AND `ACCOUNT_THEME`='orchsym-default' AND `ADMIN_THEME`='orchsym-default' AND `EMAIL_THEME`='orchsym-default' AND `ENABLED`='1' AND `EVENTS_ENABLED`='0' AND `EVENTS_EXPIRATION`=0 AND `LOGIN_THEME`='orchsym-default' AND `NAME`='baishancloud' AND `NOT_BEFORE`=1623668257 AND `PASSWORD_POLICY`='length(8) and lowerCase(2) and passwordHistory(3)' AND `REGISTRATION_ALLOWED`='0' AND `REMEMBER_ME`='0' AND `RESET_PASSWORD_ALLOWED`='1' AND `SOCIAL`='0' AND `SSL_REQUIRED`='EXTERNAL' AND `SSO_IDLE_TIMEOUT`=1800 AND `SSO_MAX_LIFESPAN`=86400 AND `UPDATE_PROFILE_ON_SOC_LOGIN`='0' AND `VERIFY_EMAIL`='0' AND `MASTER_ADMIN_CLIENT`='3bf7095e-2036-45c0-83a4-46938329ba46' AND `LOGIN_LIFESPAN`=1800 AND `INTERNATIONALIZATION_ENABLED`='1' AND `DEFAULT_LOCALE`='zh-CN' AND `REG_EMAIL_AS_USERNAME`='0' AND `ADMIN_EVENTS_ENABLED`='0' AND `ADMIN_EVENTS_DETAILS_ENABLED`='0' AND `EDIT_USERNAME_ALLOWED`='0' AND `OTP_POLICY_COUNTER`=0 AND `OTP_POLICY_WINDOW`=1 AND `OTP_POLICY_PERIOD`=30 AND `OTP_POLICY_DIGITS`=6 AND `OTP_POLICY_ALG`='HmacSHA1' AND `OTP_POLICY_TYPE`='totp' AND `BROWSER_FLOW`='a1822d8d-9138-4311-b7c3-8b97c4f835a3' AND `REGISTRATION_FLOW`='bbec543a-adad-4575-9e15-9fe24c072a71' AND `DIRECT_GRANT_FLOW`='c5c2adf9-59b7-429b-a4a8-12eb4730768d' AND `RESET_CREDENTIALS_FLOW`='dc10c16f-0172-4f97-9964-e507ee9caa15' AND `CLIENT_AUTH_FLOW`='8bdb5cd5-6bbc-4bb2-94ae-3c25cc52f53d' AND `OFFLINE_SESSION_IDLE_TIMEOUT`=2592000 AND `REVOKE_REFRESH_TOKEN`='0' AND `ACCESS_TOKEN_LIFE_IMPLICIT`=7200 AND `LOGIN_WITH_EMAIL_ALLOWED`='1' AND `DUPLICATE_EMAILS_ALLOWED`='0' AND `DOCKER_AUTH_FLOW`='0f44f9bc-7219-487c-8b23-32f49a14d92d' AND `REFRESH_TOKEN_MAX_REUSE`=0 AND `ALLOW_USER_MANAGED_ACCESS`='0' LIMIT 1; #start 645001 end 646330 time 2021-06-14 18:57:47
UPDATE `keycloak`.`REALM` SET `ID`='baishancloud', `ACCESS_CODE_LIFESPAN`=60, `USER_ACTION_LIFESPAN`=300, `ACCESS_TOKEN_LIFESPAN`=21600, `ACCOUNT_THEME`='orchsym-default', `ADMIN_THEME`='orchsym-default', `EMAIL_THEME`='orchsym-default', `ENABLED`='1', `EVENTS_ENABLED`='0', `EVENTS_EXPIRATION`=0, `LOGIN_THEME`='orchsym-default', `NAME`='baishancloud', `NOT_BEFORE`=0, `PASSWORD_POLICY`='length(8) and lowerCase(2) and passwordHistory(3)', `REGISTRATION_ALLOWED`='0', `REMEMBER_ME`='0', `RESET_PASSWORD_ALLOWED`='1', `SOCIAL`='0', `SSL_REQUIRED`='EXTERNAL', `SSO_IDLE_TIMEOUT`=1800, `SSO_MAX_LIFESPAN`=86400, `UPDATE_PROFILE_ON_SOC_LOGIN`='0', `VERIFY_EMAIL`='0', `MASTER_ADMIN_CLIENT`='3bf7095e-2036-45c0-83a4-46938329ba46', `LOGIN_LIFESPAN`=1800, `INTERNATIONALIZATION_ENABLED`='1', `DEFAULT_LOCALE`='zh-CN', `REG_EMAIL_AS_USERNAME`='0', `ADMIN_EVENTS_ENABLED`='0', `ADMIN_EVENTS_DETAILS_ENABLED`='0', `EDIT_USERNAME_ALLOWED`='0', `OTP_POLICY_COUNTER`=0, `OTP_POLICY_WINDOW`=1, `OTP_POLICY_PERIOD`=30, `OTP_POLICY_DIGITS`=6, `OTP_POLICY_ALG`='HmacSHA1', `OTP_POLICY_TYPE`='totp', `BROWSER_FLOW`='a1822d8d-9138-4311-b7c3-8b97c4f835a3', `REGISTRATION_FLOW`='bbec543a-adad-4575-9e15-9fe24c072a71', `DIRECT_GRANT_FLOW`='c5c2adf9-59b7-429b-a4a8-12eb4730768d', `RESET_CREDENTIALS_FLOW`='dc10c16f-0172-4f97-9964-e507ee9caa15', `CLIENT_AUTH_FLOW`='8bdb5cd5-6bbc-4bb2-94ae-3c25cc52f53d', `OFFLINE_SESSION_IDLE_TIMEOUT`=2592000, `REVOKE_REFRESH_TOKEN`='0', `ACCESS_TOKEN_LIFE_IMPLICIT`=7200, `LOGIN_WITH_EMAIL_ALLOWED`='1', `DUPLICATE_EMAILS_ALLOWED`='0', `DOCKER_AUTH_FLOW`='0f44f9bc-7219-487c-8b23-32f49a14d92d', `REFRESH_TOKEN_MAX_REUSE`=0, `ALLOW_USER_MANAGED_ACCESS`='0' WHERE `ID`='baishancloud' AND `ACCESS_CODE_LIFESPAN`=60 AND `USER_ACTION_LIFESPAN`=300 AND `ACCESS_TOKEN_LIFESPAN`=21600 AND `ACCOUNT_THEME`='orchsym-default' AND `ADMIN_THEME`='orchsym-default' AND `EMAIL_THEME`='orchsym-default' AND `ENABLED`='1' AND `EVENTS_ENABLED`='0' AND `EVENTS_EXPIRATION`=0 AND `LOGIN_THEME`='orchsym-default' AND `NAME`='baishancloud' AND `NOT_BEFORE`=1623668244 AND `PASSWORD_POLICY`='length(8) and lowerCase(2) and passwordHistory(3)' AND `REGISTRATION_ALLOWED`='0' AND `REMEMBER_ME`='0' AND `RESET_PASSWORD_ALLOWED`='1' AND `SOCIAL`='0' AND `SSL_REQUIRED`='EXTERNAL' AND `SSO_IDLE_TIMEOUT`=1800 AND `SSO_MAX_LIFESPAN`=86400 AND `UPDATE_PROFILE_ON_SOC_LOGIN`='0' AND `VERIFY_EMAIL`='0' AND `MASTER_ADMIN_CLIENT`='3bf7095e-2036-45c0-83a4-46938329ba46' AND `LOGIN_LIFESPAN`=1800 AND `INTERNATIONALIZATION_ENABLED`='1' AND `DEFAULT_LOCALE`='zh-CN' AND `REG_EMAIL_AS_USERNAME`='0' AND `ADMIN_EVENTS_ENABLED`='0' AND `ADMIN_EVENTS_DETAILS_ENABLED`='0' AND `EDIT_USERNAME_ALLOWED`='0' AND `OTP_POLICY_COUNTER`=0 AND `OTP_POLICY_WINDOW`=1 AND `OTP_POLICY_PERIOD`=30 AND `OTP_POLICY_DIGITS`=6 AND `OTP_POLICY_ALG`='HmacSHA1' AND `OTP_POLICY_TYPE`='totp' AND `BROWSER_FLOW`='a1822d8d-9138-4311-b7c3-8b97c4f835a3' AND `REGISTRATION_FLOW`='bbec543a-adad-4575-9e15-9fe24c072a71' AND `DIRECT_GRANT_FLOW`='c5c2adf9-59b7-429b-a4a8-12eb4730768d' AND `RESET_CREDENTIALS_FLOW`='dc10c16f-0172-4f97-9964-e507ee9caa15' AND `CLIENT_AUTH_FLOW`='8bdb5cd5-6bbc-4bb2-94ae-3c25cc52f53d' AND `OFFLINE_SESSION_IDLE_TIMEOUT`=2592000 AND `REVOKE_REFRESH_TOKEN`='0' AND `ACCESS_TOKEN_LIFE_IMPLICIT`=7200 AND `LOGIN_WITH_EMAIL_ALLOWED`='1' AND `DUPLICATE_EMAILS_ALLOWED`='0' AND `DOCKER_AUTH_FLOW`='0f44f9bc-7219-487c-8b23-32f49a14d92d' AND `REFRESH_TOKEN_MAX_REUSE`=0 AND `ALLOW_USER_MANAGED_ACCESS`='0' LIMIT 1; #start 646418 end 647747 time 2021-06-14 18:57:52
UPDATE `keycloak`.`REALM` SET `ID`='baishancloud', `ACCESS_CODE_LIFESPAN`=60, `USER_ACTION_LIFESPAN`=300, `ACCESS_TOKEN_LIFESPAN`=21600, `ACCOUNT_THEME`='orchsym-default', `ADMIN_THEME`='orchsym-default', `EMAIL_THEME`='orchsym-default', `ENABLED`='1', `EVENTS_ENABLED`='0', `EVENTS_EXPIRATION`=0, `LOGIN_THEME`='orchsym-default', `NAME`='baishancloud', `NOT_BEFORE`=1623668250, `PASSWORD_POLICY`='length(8) and lowerCase(2) and passwordHistory(3)', `REGISTRATION_ALLOWED`='0', `REMEMBER_ME`='0', `RESET_PASSWORD_ALLOWED`='1', `SOCIAL`='0', `SSL_REQUIRED`='EXTERNAL', `SSO_IDLE_TIMEOUT`=1800, `SSO_MAX_LIFESPAN`=86400, `UPDATE_PROFILE_ON_SOC_LOGIN`='0', `VERIFY_EMAIL`='0', `MASTER_ADMIN_CLIENT`='3bf7095e-2036-45c0-83a4-46938329ba46', `LOGIN_LIFESPAN`=1800, `INTERNATIONALIZATION_ENABLED`='1', `DEFAULT_LOCALE`='zh-CN', `REG_EMAIL_AS_USERNAME`='0', `ADMIN_EVENTS_ENABLED`='0', `ADMIN_EVENTS_DETAILS_ENABLED`='0', `EDIT_USERNAME_ALLOWED`='0', `OTP_POLICY_COUNTER`=0, `OTP_POLICY_WINDOW`=1, `OTP_POLICY_PERIOD`=30, `OTP_POLICY_DIGITS`=6, `OTP_POLICY_ALG`='HmacSHA1', `OTP_POLICY_TYPE`='totp', `BROWSER_FLOW`='a1822d8d-9138-4311-b7c3-8b97c4f835a3', `REGISTRATION_FLOW`='bbec543a-adad-4575-9e15-9fe24c072a71', `DIRECT_GRANT_FLOW`='c5c2adf9-59b7-429b-a4a8-12eb4730768d', `RESET_CREDENTIALS_FLOW`='dc10c16f-0172-4f97-9964-e507ee9caa15', `CLIENT_AUTH_FLOW`='8bdb5cd5-6bbc-4bb2-94ae-3c25cc52f53d', `OFFLINE_SESSION_IDLE_TIMEOUT`=2592000, `REVOKE_REFRESH_TOKEN`='0', `ACCESS_TOKEN_LIFE_IMPLICIT`=7200, `LOGIN_WITH_EMAIL_ALLOWED`='1', `DUPLICATE_EMAILS_ALLOWED`='0', `DOCKER_AUTH_FLOW`='0f44f9bc-7219-487c-8b23-32f49a14d92d', `REFRESH_TOKEN_MAX_REUSE`=0, `ALLOW_USER_MANAGED_ACCESS`='0' WHERE `ID`='baishancloud' AND `ACCESS_CODE_LIFESPAN`=60 AND `USER_ACTION_LIFESPAN`=300 AND `ACCESS_TOKEN_LIFESPAN`=21600 AND `ACCOUNT_THEME`='orchsym-default' AND `ADMIN_THEME`='orchsym-default' AND `EMAIL_THEME`='orchsym-default' AND `ENABLED`='1' AND `EVENTS_ENABLED`='0' AND `EVENTS_EXPIRATION`=0 AND `LOGIN_THEME`='orchsym-default' AND `NAME`='baishancloud' AND `NOT_BEFORE`=0 AND `PASSWORD_POLICY`='length(8) and lowerCase(2) and passwordHistory(3)' AND `REGISTRATION_ALLOWED`='0' AND `REMEMBER_ME`='0' AND `RESET_PASSWORD_ALLOWED`='1' AND `SOCIAL`='0' AND `SSL_REQUIRED`='EXTERNAL' AND `SSO_IDLE_TIMEOUT`=1800 AND `SSO_MAX_LIFESPAN`=86400 AND `UPDATE_PROFILE_ON_SOC_LOGIN`='0' AND `VERIFY_EMAIL`='0' AND `MASTER_ADMIN_CLIENT`='3bf7095e-2036-45c0-83a4-46938329ba46' AND `LOGIN_LIFESPAN`=1800 AND `INTERNATIONALIZATION_ENABLED`='1' AND `DEFAULT_LOCALE`='zh-CN' AND `REG_EMAIL_AS_USERNAME`='0' AND `ADMIN_EVENTS_ENABLED`='0' AND `ADMIN_EVENTS_DETAILS_ENABLED`='0' AND `EDIT_USERNAME_ALLOWED`='0' AND `OTP_POLICY_COUNTER`=0 AND `OTP_POLICY_WINDOW`=1 AND `OTP_POLICY_PERIOD`=30 AND `OTP_POLICY_DIGITS`=6 AND `OTP_POLICY_ALG`='HmacSHA1' AND `OTP_POLICY_TYPE`='totp' AND `BROWSER_FLOW`='a1822d8d-9138-4311-b7c3-8b97c4f835a3' AND `REGISTRATION_FLOW`='bbec543a-adad-4575-9e15-9fe24c072a71' AND `DIRECT_GRANT_FLOW`='c5c2adf9-59b7-429b-a4a8-12eb4730768d' AND `RESET_CREDENTIALS_FLOW`='dc10c16f-0172-4f97-9964-e507ee9caa15' AND `CLIENT_AUTH_FLOW`='8bdb5cd5-6bbc-4bb2-94ae-3c25cc52f53d' AND `OFFLINE_SESSION_IDLE_TIMEOUT`=2592000 AND `REVOKE_REFRESH_TOKEN`='0' AND `ACCESS_TOKEN_LIFE_IMPLICIT`=7200 AND `LOGIN_WITH_EMAIL_ALLOWED`='1' AND `DUPLICATE_EMAILS_ALLOWED`='0' AND `DOCKER_AUTH_FLOW`='0f44f9bc-7219-487c-8b23-32f49a14d92d' AND `REFRESH_TOKEN_MAX_REUSE`=0 AND `ALLOW_USER_MANAGED_ACCESS`='0' LIMIT 1; #start 647835 end 649164 time 2021-06-14 18:57:53
UPDATE `keycloak`.`CLIENT` SET `ID`='8337130d-3c7d-43e9-a226-26840b81ac96', `ENABLED`='1', `FULL_SCOPE_ALLOWED`='1', `CLIENT_ID`='portal', `NOT_BEFORE`=1623668324, `PUBLIC_CLIENT`='1', `SECRET`='7f320780-4d5b-4abe-9ab7-d2a9b287a25e', `BASE_URL`=NULL, `BEARER_ONLY`='0', `MANAGEMENT_URL`=NULL, `SURROGATE_AUTH_REQUIRED`='0', `REALM_ID`='baishancloud', `PROTOCOL`='openid-connect', `NODE_REREG_TIMEOUT`=-1, `FRONTCHANNEL_LOGOUT`='0', `CONSENT_REQUIRED`='0', `NAME`=NULL, `SERVICE_ACCOUNTS_ENABLED`='0', `CLIENT_AUTHENTICATOR_TYPE`='client-secret', `ROOT_URL`='https://172.18.28.240:8887', `DESCRIPTION`=NULL, `REGISTRATION_TOKEN`=NULL, `STANDARD_FLOW_ENABLED`='1', `IMPLICIT_FLOW_ENABLED`='0', `DIRECT_ACCESS_GRANTS_ENABLED`='0' WHERE `ID`='8337130d-3c7d-43e9-a226-26840b81ac96' AND `ENABLED`='1' AND `FULL_SCOPE_ALLOWED`='1' AND `CLIENT_ID`='portal' AND `NOT_BEFORE`=0 AND `PUBLIC_CLIENT`='1' AND `SECRET`='7f320780-4d5b-4abe-9ab7-d2a9b287a25e' AND `BASE_URL` IS NULL AND `BEARER_ONLY`='0' AND `MANAGEMENT_URL` IS NULL AND `SURROGATE_AUTH_REQUIRED`='0' AND `REALM_ID`='baishancloud' AND `PROTOCOL`='openid-connect' AND `NODE_REREG_TIMEOUT`=-1 AND `FRONTCHANNEL_LOGOUT`='0' AND `CONSENT_REQUIRED`='0' AND `NAME` IS NULL AND `SERVICE_ACCOUNTS_ENABLED`='0' AND `CLIENT_AUTHENTICATOR_TYPE`='client-secret' AND `ROOT_URL`='https://172.18.28.240:8887' AND `DESCRIPTION` IS NULL AND `REGISTRATION_TOKEN` IS NULL AND `STANDARD_FLOW_ENABLED`='1' AND `IMPLICIT_FLOW_ENABLED`='0' AND `DIRECT_ACCESS_GRANTS_ENABLED`='0' LIMIT 1; #start 649252 end 649832 time 2021-06-14 18:59:08
DELETE FROM `keycloak`.`REDIRECT_URIS` WHERE `CLIENT_ID`='8337130d-3c7d-43e9-a226-26840b81ac96' AND `VALUE`='https://172.18.28.240:8887/*' LIMIT 1; #start 649252 end 649992 time 2021-06-14 18:59:08
DELETE FROM `keycloak`.`WEB_ORIGINS` WHERE `CLIENT_ID`='8337130d-3c7d-43e9-a226-26840b81ac96' AND `VALUE`='*' LIMIT 1; #start 649252 end 650123 time 2021-06-14 18:59:08
INSERT INTO `keycloak`.`REDIRECT_URIS`(`CLIENT_ID`, `VALUE`) VALUES ('8337130d-3c7d-43e9-a226-26840b81ac96', 'https://172.18.28.240:8887/*'); #start 649252 end 650283 time 2021-06-14 18:59:08
INSERT INTO `keycloak`.`WEB_ORIGINS`(`CLIENT_ID`, `VALUE`) VALUES ('8337130d-3c7d-43e9-a226-26840b81ac96', '*'); #start 649252 end 650414 time 2021-06-14 18:59:08
UPDATE `keycloak`.`CLIENT` SET `ID`='8337130d-3c7d-43e9-a226-26840b81ac96', `ENABLED`='1', `FULL_SCOPE_ALLOWED`='1', `CLIENT_ID`='portal', `NOT_BEFORE`=1623668326, `PUBLIC_CLIENT`='1', `SECRET`='7f320780-4d5b-4abe-9ab7-d2a9b287a25e', `BASE_URL`=NULL, `BEARER_ONLY`='0', `MANAGEMENT_URL`=NULL, `SURROGATE_AUTH_REQUIRED`='0', `REALM_ID`='baishancloud', `PROTOCOL`='openid-connect', `NODE_REREG_TIMEOUT`=-1, `FRONTCHANNEL_LOGOUT`='0', `CONSENT_REQUIRED`='0', `NAME`=NULL, `SERVICE_ACCOUNTS_ENABLED`='0', `CLIENT_AUTHENTICATOR_TYPE`='client-secret', `ROOT_URL`='https://172.18.28.240:8887', `DESCRIPTION`=NULL, `REGISTRATION_TOKEN`=NULL, `STANDARD_FLOW_ENABLED`='1', `IMPLICIT_FLOW_ENABLED`='0', `DIRECT_ACCESS_GRANTS_ENABLED`='0' WHERE `ID`='8337130d-3c7d-43e9-a226-26840b81ac96' AND `ENABLED`='1' AND `FULL_SCOPE_ALLOWED`='1' AND `CLIENT_ID`='portal' AND `NOT_BEFORE`=1623668324 AND `PUBLIC_CLIENT`='1' AND `SECRET`='7f320780-4d5b-4abe-9ab7-d2a9b287a25e' AND `BASE_URL` IS NULL AND `BEARER_ONLY`='0' AND `MANAGEMENT_URL` IS NULL AND `SURROGATE_AUTH_REQUIRED`='0' AND `REALM_ID`='baishancloud' AND `PROTOCOL`='openid-connect' AND `NODE_REREG_TIMEOUT`=-1 AND `FRONTCHANNEL_LOGOUT`='0' AND `CONSENT_REQUIRED`='0' AND `NAME` IS NULL AND `SERVICE_ACCOUNTS_ENABLED`='0' AND `CLIENT_AUTHENTICATOR_TYPE`='client-secret' AND `ROOT_URL`='https://172.18.28.240:8887' AND `DESCRIPTION` IS NULL AND `REGISTRATION_TOKEN` IS NULL AND `STANDARD_FLOW_ENABLED`='1' AND `IMPLICIT_FLOW_ENABLED`='0' AND `DIRECT_ACCESS_GRANTS_ENABLED`='0' LIMIT 1; #start 650502 end 651082 time 2021-06-14 18:59:09
DELETE FROM `keycloak`.`REDIRECT_URIS` WHERE `CLIENT_ID`='8337130d-3c7d-43e9-a226-26840b81ac96' AND `VALUE`='https://172.18.28.240:8887/*' LIMIT 1; #start 650502 end 651242 time 2021-06-14 18:59:10
DELETE FROM `keycloak`.`WEB_ORIGINS` WHERE `CLIENT_ID`='8337130d-3c7d-43e9-a226-26840b81ac96' AND `VALUE`='*' LIMIT 1; #start 650502 end 651373 time 2021-06-14 18:59:10
INSERT INTO `keycloak`.`REDIRECT_URIS`(`CLIENT_ID`, `VALUE`) VALUES ('8337130d-3c7d-43e9-a226-26840b81ac96', 'https://172.18.28.240:8887/*'); #start 650502 end 651533 time 2021-06-14 18:59:10
INSERT INTO `keycloak`.`WEB_ORIGINS`(`CLIENT_ID`, `VALUE`) VALUES ('8337130d-3c7d-43e9-a226-26840b81ac96', '*'); #start 650502 end 651664 time 2021-06-14 18:59:10
UPDATE `keycloak`.`CLIENT` SET `ID`='8337130d-3c7d-43e9-a226-26840b81ac96', `ENABLED`='1', `FULL_SCOPE_ALLOWED`='1', `CLIENT_ID`='portal', `NOT_BEFORE`=1623668329, `PUBLIC_CLIENT`='1', `SECRET`='7f320780-4d5b-4abe-9ab7-d2a9b287a25e', `BASE_URL`=NULL, `BEARER_ONLY`='0', `MANAGEMENT_URL`=NULL, `SURROGATE_AUTH_REQUIRED`='0', `REALM_ID`='baishancloud', `PROTOCOL`='openid-connect', `NODE_REREG_TIMEOUT`=-1, `FRONTCHANNEL_LOGOUT`='0', `CONSENT_REQUIRED`='0', `NAME`=NULL, `SERVICE_ACCOUNTS_ENABLED`='0', `CLIENT_AUTHENTICATOR_TYPE`='client-secret', `ROOT_URL`='https://172.18.28.240:8887', `DESCRIPTION`=NULL, `REGISTRATION_TOKEN`=NULL, `STANDARD_FLOW_ENABLED`='1', `IMPLICIT_FLOW_ENABLED`='0', `DIRECT_ACCESS_GRANTS_ENABLED`='0' WHERE `ID`='8337130d-3c7d-43e9-a226-26840b81ac96' AND `ENABLED`='1' AND `FULL_SCOPE_ALLOWED`='1' AND `CLIENT_ID`='portal' AND `NOT_BEFORE`=1623668326 AND `PUBLIC_CLIENT`='1' AND `SECRET`='7f320780-4d5b-4abe-9ab7-d2a9b287a25e' AND `BASE_URL` IS NULL AND `BEARER_ONLY`='0' AND `MANAGEMENT_URL` IS NULL AND `SURROGATE_AUTH_REQUIRED`='0' AND `REALM_ID`='baishancloud' AND `PROTOCOL`='openid-connect' AND `NODE_REREG_TIMEOUT`=-1 AND `FRONTCHANNEL_LOGOUT`='0' AND `CONSENT_REQUIRED`='0' AND `NAME` IS NULL AND `SERVICE_ACCOUNTS_ENABLED`='0' AND `CLIENT_AUTHENTICATOR_TYPE`='client-secret' AND `ROOT_URL`='https://172.18.28.240:8887' AND `DESCRIPTION` IS NULL AND `REGISTRATION_TOKEN` IS NULL AND `STANDARD_FLOW_ENABLED`='1' AND `IMPLICIT_FLOW_ENABLED`='0' AND `DIRECT_ACCESS_GRANTS_ENABLED`='0' LIMIT 1; #start 651752 end 652332 time 2021-06-14 18:59:13
DELETE FROM `keycloak`.`REDIRECT_URIS` WHERE `CLIENT_ID`='8337130d-3c7d-43e9-a226-26840b81ac96' AND `VALUE`='https://172.18.28.240:8887/*' LIMIT 1; #start 651752 end 652492 time 2021-06-14 18:59:13
DELETE FROM `keycloak`.`WEB_ORIGINS` WHERE `CLIENT_ID`='8337130d-3c7d-43e9-a226-26840b81ac96' AND `VALUE`='*' LIMIT 1; #start 651752 end 652623 time 2021-06-14 18:59:13
INSERT INTO `keycloak`.`REDIRECT_URIS`(`CLIENT_ID`, `VALUE`) VALUES ('8337130d-3c7d-43e9-a226-26840b81ac96', 'https://172.18.28.240:8887/*'); #start 651752 end 652783 time 2021-06-14 18:59:13
INSERT INTO `keycloak`.`WEB_ORIGINS`(`CLIENT_ID`, `VALUE`) VALUES ('8337130d-3c7d-43e9-a226-26840b81ac96', '*'); #start 651752 end 652914 time 2021-06-14 18:59:13
UPDATE `keycloak`.`CLIENT` SET `ID`='8337130d-3c7d-43e9-a226-26840b81ac96', `ENABLED`='1', `FULL_SCOPE_ALLOWED`='1', `CLIENT_ID`='portal', `NOT_BEFORE`=1623668335, `PUBLIC_CLIENT`='1', `SECRET`='7f320780-4d5b-4abe-9ab7-d2a9b287a25e', `BASE_URL`=NULL, `BEARER_ONLY`='0', `MANAGEMENT_URL`=NULL, `SURROGATE_AUTH_REQUIRED`='0', `REALM_ID`='baishancloud', `PROTOCOL`='openid-connect', `NODE_REREG_TIMEOUT`=-1, `FRONTCHANNEL_LOGOUT`='0', `CONSENT_REQUIRED`='0', `NAME`=NULL, `SERVICE_ACCOUNTS_ENABLED`='0', `CLIENT_AUTHENTICATOR_TYPE`='client-secret', `ROOT_URL`='https://172.18.28.240:8887', `DESCRIPTION`=NULL, `REGISTRATION_TOKEN`=NULL, `STANDARD_FLOW_ENABLED`='1', `IMPLICIT_FLOW_ENABLED`='0', `DIRECT_ACCESS_GRANTS_ENABLED`='0' WHERE `ID`='8337130d-3c7d-43e9-a226-26840b81ac96' AND `ENABLED`='1' AND `FULL_SCOPE_ALLOWED`='1' AND `CLIENT_ID`='portal' AND `NOT_BEFORE`=1623668329 AND `PUBLIC_CLIENT`='1' AND `SECRET`='7f320780-4d5b-4abe-9ab7-d2a9b287a25e' AND `BASE_URL` IS NULL AND `BEARER_ONLY`='0' AND `MANAGEMENT_URL` IS NULL AND `SURROGATE_AUTH_REQUIRED`='0' AND `REALM_ID`='baishancloud' AND `PROTOCOL`='openid-connect' AND `NODE_REREG_TIMEOUT`=-1 AND `FRONTCHANNEL_LOGOUT`='0' AND `CONSENT_REQUIRED`='0' AND `NAME` IS NULL AND `SERVICE_ACCOUNTS_ENABLED`='0' AND `CLIENT_AUTHENTICATOR_TYPE`='client-secret' AND `ROOT_URL`='https://172.18.28.240:8887' AND `DESCRIPTION` IS NULL AND `REGISTRATION_TOKEN` IS NULL AND `STANDARD_FLOW_ENABLED`='1' AND `IMPLICIT_FLOW_ENABLED`='0' AND `DIRECT_ACCESS_GRANTS_ENABLED`='0' LIMIT 1; #start 653002 end 653582 time 2021-06-14 18:59:19
DELETE FROM `keycloak`.`REDIRECT_URIS` WHERE `CLIENT_ID`='8337130d-3c7d-43e9-a226-26840b81ac96' AND `VALUE`='https://172.18.28.240:8887/*' LIMIT 1; #start 653002 end 653742 time 2021-06-14 18:59:19
DELETE FROM `keycloak`.`WEB_ORIGINS` WHERE `CLIENT_ID`='8337130d-3c7d-43e9-a226-26840b81ac96' AND `VALUE`='*' LIMIT 1; #start 653002 end 653873 time 2021-06-14 18:59:19
INSERT INTO `keycloak`.`REDIRECT_URIS`(`CLIENT_ID`, `VALUE`) VALUES ('8337130d-3c7d-43e9-a226-26840b81ac96', 'https://172.18.28.240:8887/*'); #start 653002 end 654033 time 2021-06-14 18:59:19
INSERT INTO `keycloak`.`WEB_ORIGINS`(`CLIENT_ID`, `VALUE`) VALUES ('8337130d-3c7d-43e9-a226-26840b81ac96', '*'); #start 653002 end 654164 time 2021-06-14 18:59:19
UPDATE `keycloak`.`CLIENT` SET `ID`='8337130d-3c7d-43e9-a226-26840b81ac96', `ENABLED`='1', `FULL_SCOPE_ALLOWED`='1', `CLIENT_ID`='portal', `NOT_BEFORE`=1623668337, `PUBLIC_CLIENT`='1', `SECRET`='7f320780-4d5b-4abe-9ab7-d2a9b287a25e', `BASE_URL`=NULL, `BEARER_ONLY`='0', `MANAGEMENT_URL`=NULL, `SURROGATE_AUTH_REQUIRED`='0', `REALM_ID`='baishancloud', `PROTOCOL`='openid-connect', `NODE_REREG_TIMEOUT`=-1, `FRONTCHANNEL_LOGOUT`='0', `CONSENT_REQUIRED`='0', `NAME`=NULL, `SERVICE_ACCOUNTS_ENABLED`='0', `CLIENT_AUTHENTICATOR_TYPE`='client-secret', `ROOT_URL`='https://172.18.28.240:8887', `DESCRIPTION`=NULL, `REGISTRATION_TOKEN`=NULL, `STANDARD_FLOW_ENABLED`='1', `IMPLICIT_FLOW_ENABLED`='0', `DIRECT_ACCESS_GRANTS_ENABLED`='0' WHERE `ID`='8337130d-3c7d-43e9-a226-26840b81ac96' AND `ENABLED`='1' AND `FULL_SCOPE_ALLOWED`='1' AND `CLIENT_ID`='portal' AND `NOT_BEFORE`=1623668335 AND `PUBLIC_CLIENT`='1' AND `SECRET`='7f320780-4d5b-4abe-9ab7-d2a9b287a25e' AND `BASE_URL` IS NULL AND `BEARER_ONLY`='0' AND `MANAGEMENT_URL` IS NULL AND `SURROGATE_AUTH_REQUIRED`='0' AND `REALM_ID`='baishancloud' AND `PROTOCOL`='openid-connect' AND `NODE_REREG_TIMEOUT`=-1 AND `FRONTCHANNEL_LOGOUT`='0' AND `CONSENT_REQUIRED`='0' AND `NAME` IS NULL AND `SERVICE_ACCOUNTS_ENABLED`='0' AND `CLIENT_AUTHENTICATOR_TYPE`='client-secret' AND `ROOT_URL`='https://172.18.28.240:8887' AND `DESCRIPTION` IS NULL AND `REGISTRATION_TOKEN` IS NULL AND `STANDARD_FLOW_ENABLED`='1' AND `IMPLICIT_FLOW_ENABLED`='0' AND `DIRECT_ACCESS_GRANTS_ENABLED`='0' LIMIT 1; #start 654252 end 654832 time 2021-06-14 18:59:21
DELETE FROM `keycloak`.`REDIRECT_URIS` WHERE `CLIENT_ID`='8337130d-3c7d-43e9-a226-26840b81ac96' AND `VALUE`='https://172.18.28.240:8887/*' LIMIT 1; #start 654252 end 654992 time 2021-06-14 18:59:21
DELETE FROM `keycloak`.`WEB_ORIGINS` WHERE `CLIENT_ID`='8337130d-3c7d-43e9-a226-26840b81ac96' AND `VALUE`='*' LIMIT 1; #start 654252 end 655123 time 2021-06-14 18:59:21
INSERT INTO `keycloak`.`REDIRECT_URIS`(`CLIENT_ID`, `VALUE`) VALUES ('8337130d-3c7d-43e9-a226-26840b81ac96', 'https://172.18.28.240:8887/*'); #start 654252 end 655283 time 2021-06-14 18:59:21
INSERT INTO `keycloak`.`WEB_ORIGINS`(`CLIENT_ID`, `VALUE`) VALUES ('8337130d-3c7d-43e9-a226-26840b81ac96', '*'); #start 654252 end 655414 time 2021-06-14 18:59:21
UPDATE `keycloak`.`CLIENT` SET `ID`='8337130d-3c7d-43e9-a226-26840b81ac96', `ENABLED`='1', `FULL_SCOPE_ALLOWED`='1', `CLIENT_ID`='portal', `NOT_BEFORE`=1623668343, `PUBLIC_CLIENT`='1', `SECRET`='7f320780-4d5b-4abe-9ab7-d2a9b287a25e', `BASE_URL`=NULL, `BEARER_ONLY`='0', `MANAGEMENT_URL`=NULL, `SURROGATE_AUTH_REQUIRED`='0', `REALM_ID`='baishancloud', `PROTOCOL`='openid-connect', `NODE_REREG_TIMEOUT`=-1, `FRONTCHANNEL_LOGOUT`='0', `CONSENT_REQUIRED`='0', `NAME`=NULL, `SERVICE_ACCOUNTS_ENABLED`='0', `CLIENT_AUTHENTICATOR_TYPE`='client-secret', `ROOT_URL`='https://172.18.28.240:8887', `DESCRIPTION`=NULL, `REGISTRATION_TOKEN`=NULL, `STANDARD_FLOW_ENABLED`='1', `IMPLICIT_FLOW_ENABLED`='0', `DIRECT_ACCESS_GRANTS_ENABLED`='0' WHERE `ID`='8337130d-3c7d-43e9-a226-26840b81ac96' AND `ENABLED`='1' AND `FULL_SCOPE_ALLOWED`='1' AND `CLIENT_ID`='portal' AND `NOT_BEFORE`=1623668337 AND `PUBLIC_CLIENT`='1' AND `SECRET`='7f320780-4d5b-4abe-9ab7-d2a9b287a25e' AND `BASE_URL` IS NULL AND `BEARER_ONLY`='0' AND `MANAGEMENT_URL` IS NULL AND `SURROGATE_AUTH_REQUIRED`='0' AND `REALM_ID`='baishancloud' AND `PROTOCOL`='openid-connect' AND `NODE_REREG_TIMEOUT`=-1 AND `FRONTCHANNEL_LOGOUT`='0' AND `CONSENT_REQUIRED`='0' AND `NAME` IS NULL AND `SERVICE_ACCOUNTS_ENABLED`='0' AND `CLIENT_AUTHENTICATOR_TYPE`='client-secret' AND `ROOT_URL`='https://172.18.28.240:8887' AND `DESCRIPTION` IS NULL AND `REGISTRATION_TOKEN` IS NULL AND `STANDARD_FLOW_ENABLED`='1' AND `IMPLICIT_FLOW_ENABLED`='0' AND `DIRECT_ACCESS_GRANTS_ENABLED`='0' LIMIT 1; #start 655502 end 656082 time 2021-06-14 18:59:26
DELETE FROM `keycloak`.`REDIRECT_URIS` WHERE `CLIENT_ID`='8337130d-3c7d-43e9-a226-26840b81ac96' AND `VALUE`='https://172.18.28.240:8887/*' LIMIT 1; #start 655502 end 656242 time 2021-06-14 18:59:26
DELETE FROM `keycloak`.`WEB_ORIGINS` WHERE `CLIENT_ID`='8337130d-3c7d-43e9-a226-26840b81ac96' AND `VALUE`='*' LIMIT 1; #start 655502 end 656373 time 2021-06-14 18:59:26
INSERT INTO `keycloak`.`REDIRECT_URIS`(`CLIENT_ID`, `VALUE`) VALUES ('8337130d-3c7d-43e9-a226-26840b81ac96', 'https://172.18.28.240:8887/*'); #start 655502 end 656533 time 2021-06-14 18:59:26
INSERT INTO `keycloak`.`WEB_ORIGINS`(`CLIENT_ID`, `VALUE`) VALUES ('8337130d-3c7d-43e9-a226-26840b81ac96', '*'); #start 655502 end 656664 time 2021-06-14 18:59:26
UPDATE `keycloak`.`CLIENT` SET `ID`='8337130d-3c7d-43e9-a226-26840b81ac96', `ENABLED`='1', `FULL_SCOPE_ALLOWED`='1', `CLIENT_ID`='portal', `NOT_BEFORE`=1623668345, `PUBLIC_CLIENT`='1', `SECRET`='7f320780-4d5b-4abe-9ab7-d2a9b287a25e', `BASE_URL`=NULL, `BEARER_ONLY`='0', `MANAGEMENT_URL`=NULL, `SURROGATE_AUTH_REQUIRED`='0', `REALM_ID`='baishancloud', `PROTOCOL`='openid-connect', `NODE_REREG_TIMEOUT`=-1, `FRONTCHANNEL_LOGOUT`='0', `CONSENT_REQUIRED`='0', `NAME`=NULL, `SERVICE_ACCOUNTS_ENABLED`='0', `CLIENT_AUTHENTICATOR_TYPE`='client-secret', `ROOT_URL`='https://172.18.28.240:8887', `DESCRIPTION`=NULL, `REGISTRATION_TOKEN`=NULL, `STANDARD_FLOW_ENABLED`='1', `IMPLICIT_FLOW_ENABLED`='0', `DIRECT_ACCESS_GRANTS_ENABLED`='0' WHERE `ID`='8337130d-3c7d-43e9-a226-26840b81ac96' AND `ENABLED`='1' AND `FULL_SCOPE_ALLOWED`='1' AND `CLIENT_ID`='portal' AND `NOT_BEFORE`=1623668343 AND `PUBLIC_CLIENT`='1' AND `SECRET`='7f320780-4d5b-4abe-9ab7-d2a9b287a25e' AND `BASE_URL` IS NULL AND `BEARER_ONLY`='0' AND `MANAGEMENT_URL` IS NULL AND `SURROGATE_AUTH_REQUIRED`='0' AND `REALM_ID`='baishancloud' AND `PROTOCOL`='openid-connect' AND `NODE_REREG_TIMEOUT`=-1 AND `FRONTCHANNEL_LOGOUT`='0' AND `CONSENT_REQUIRED`='0' AND `NAME` IS NULL AND `SERVICE_ACCOUNTS_ENABLED`='0' AND `CLIENT_AUTHENTICATOR_TYPE`='client-secret' AND `ROOT_URL`='https://172.18.28.240:8887' AND `DESCRIPTION` IS NULL AND `REGISTRATION_TOKEN` IS NULL AND `STANDARD_FLOW_ENABLED`='1' AND `IMPLICIT_FLOW_ENABLED`='0' AND `DIRECT_ACCESS_GRANTS_ENABLED`='0' LIMIT 1; #start 656752 end 657332 time 2021-06-14 18:59:28
DELETE FROM `keycloak`.`REDIRECT_URIS` WHERE `CLIENT_ID`='8337130d-3c7d-43e9-a226-26840b81ac96' AND `VALUE`='https://172.18.28.240:8887/*' LIMIT 1; #start 656752 end 657492 time 2021-06-14 18:59:28
DELETE FROM `keycloak`.`WEB_ORIGINS` WHERE `CLIENT_ID`='8337130d-3c7d-43e9-a226-26840b81ac96' AND `VALUE`='*' LIMIT 1; #start 656752 end 657623 time 2021-06-14 18:59:28
INSERT INTO `keycloak`.`REDIRECT_URIS`(`CLIENT_ID`, `VALUE`) VALUES ('8337130d-3c7d-43e9-a226-26840b81ac96', 'https://172.18.28.240:8887/*'); #start 656752 end 657783 time 2021-06-14 18:59:28
INSERT INTO `keycloak`.`WEB_ORIGINS`(`CLIENT_ID`, `VALUE`) VALUES ('8337130d-3c7d-43e9-a226-26840b81ac96', '*'); #start 656752 end 657914 time 2021-06-14 18:59:28
UPDATE `keycloak`.`CLIENT` SET `ID`='8337130d-3c7d-43e9-a226-26840b81ac96', `ENABLED`='1', `FULL_SCOPE_ALLOWED`='1', `CLIENT_ID`='portal', `NOT_BEFORE`=1623668345, `PUBLIC_CLIENT`='1', `SECRET`='7f320780-4d5b-4abe-9ab7-d2a9b287a25e', `BASE_URL`=NULL, `BEARER_ONLY`='0', `MANAGEMENT_URL`='https://172.18.28.240:8887', `SURROGATE_AUTH_REQUIRED`='0', `REALM_ID`='baishancloud', `PROTOCOL`='openid-connect', `NODE_REREG_TIMEOUT`=-1, `FRONTCHANNEL_LOGOUT`='0', `CONSENT_REQUIRED`='0', `NAME`=NULL, `SERVICE_ACCOUNTS_ENABLED`='0', `CLIENT_AUTHENTICATOR_TYPE`='client-secret', `ROOT_URL`='https://172.18.28.240:8887', `DESCRIPTION`=NULL, `REGISTRATION_TOKEN`=NULL, `STANDARD_FLOW_ENABLED`='1', `IMPLICIT_FLOW_ENABLED`='0', `DIRECT_ACCESS_GRANTS_ENABLED`='0' WHERE `ID`='8337130d-3c7d-43e9-a226-26840b81ac96' AND `ENABLED`='1' AND `FULL_SCOPE_ALLOWED`='1' AND `CLIENT_ID`='portal' AND `NOT_BEFORE`=1623668345 AND `PUBLIC_CLIENT`='1' AND `SECRET`='7f320780-4d5b-4abe-9ab7-d2a9b287a25e' AND `BASE_URL` IS NULL AND `BEARER_ONLY`='0' AND `MANAGEMENT_URL` IS NULL AND `SURROGATE_AUTH_REQUIRED`='0' AND `REALM_ID`='baishancloud' AND `PROTOCOL`='openid-connect' AND `NODE_REREG_TIMEOUT`=-1 AND `FRONTCHANNEL_LOGOUT`='0' AND `CONSENT_REQUIRED`='0' AND `NAME` IS NULL AND `SERVICE_ACCOUNTS_ENABLED`='0' AND `CLIENT_AUTHENTICATOR_TYPE`='client-secret' AND `ROOT_URL`='https://172.18.28.240:8887' AND `DESCRIPTION` IS NULL AND `REGISTRATION_TOKEN` IS NULL AND `STANDARD_FLOW_ENABLED`='1' AND `IMPLICIT_FLOW_ENABLED`='0' AND `DIRECT_ACCESS_GRANTS_ENABLED`='0' LIMIT 1; #start 658002 end 658610 time 2021-06-14 19:00:18
DELETE FROM `keycloak`.`REDIRECT_URIS` WHERE `CLIENT_ID`='8337130d-3c7d-43e9-a226-26840b81ac96' AND `VALUE`='https://172.18.28.240:8887/*' LIMIT 1; #start 658002 end 658770 time 2021-06-14 19:00:18
DELETE FROM `keycloak`.`WEB_ORIGINS` WHERE `CLIENT_ID`='8337130d-3c7d-43e9-a226-26840b81ac96' AND `VALUE`='*' LIMIT 1; #start 658002 end 658901 time 2021-06-14 19:00:18
INSERT INTO `keycloak`.`CLIENT_ATTRIBUTES`(`CLIENT_ID`, `VALUE`, `NAME`) VALUES ('8337130d-3c7d-43e9-a226-26840b81ac96', 'false', 'saml.assertion.signature'); #start 658002 end 659071 time 2021-06-14 19:00:18
INSERT INTO `keycloak`.`CLIENT_ATTRIBUTES`(`CLIENT_ID`, `VALUE`, `NAME`) VALUES ('8337130d-3c7d-43e9-a226-26840b81ac96', 'false', 'saml.multivalued.roles'); #start 658002 end 659239 time 2021-06-14 19:00:18
INSERT INTO `keycloak`.`CLIENT_ATTRIBUTES`(`CLIENT_ID`, `VALUE`, `NAME`) VALUES ('8337130d-3c7d-43e9-a226-26840b81ac96', 'false', 'saml.force.post.binding'); #start 658002 end 659408 time 2021-06-14 19:00:18
INSERT INTO `keycloak`.`CLIENT_ATTRIBUTES`(`CLIENT_ID`, `VALUE`, `NAME`) VALUES ('8337130d-3c7d-43e9-a226-26840b81ac96', 'false', 'saml.encrypt'); #start 658002 end 659566 time 2021-06-14 19:00:18
INSERT INTO `keycloak`.`CLIENT_ATTRIBUTES`(`CLIENT_ID`, `VALUE`, `NAME`) VALUES ('8337130d-3c7d-43e9-a226-26840b81ac96', 'false', 'saml.server.signature'); #start 658002 end 659733 time 2021-06-14 19:00:18
INSERT INTO `keycloak`.`CLIENT_ATTRIBUTES`(`CLIENT_ID`, `VALUE`, `NAME`) VALUES ('8337130d-3c7d-43e9-a226-26840b81ac96', 'false', 'saml.server.signature.keyinfo.ext'); #start 658002 end 659912 time 2021-06-14 19:00:18
INSERT INTO `keycloak`.`CLIENT_ATTRIBUTES`(`CLIENT_ID`, `VALUE`, `NAME`) VALUES ('8337130d-3c7d-43e9-a226-26840b81ac96', 'false', 'exclude.session.state.from.auth.response'); #start 658002 end 660098 time 2021-06-14 19:00:18
INSERT INTO `keycloak`.`CLIENT_ATTRIBUTES`(`CLIENT_ID`, `VALUE`, `NAME`) VALUES ('8337130d-3c7d-43e9-a226-26840b81ac96', 'false', 'saml_force_name_id_format'); #start 658002 end 660269 time 2021-06-14 19:00:19
INSERT INTO `keycloak`.`CLIENT_ATTRIBUTES`(`CLIENT_ID`, `VALUE`, `NAME`) VALUES ('8337130d-3c7d-43e9-a226-26840b81ac96', 'false', 'saml.client.signature'); #start 658002 end 660436 time 2021-06-14 19:00:19
INSERT INTO `keycloak`.`CLIENT_ATTRIBUTES`(`CLIENT_ID`, `VALUE`, `NAME`) VALUES ('8337130d-3c7d-43e9-a226-26840b81ac96', 'false', 'tls.client.certificate.bound.access.tokens'); #start 658002 end 660624 time 2021-06-14 19:00:19
INSERT INTO `keycloak`.`CLIENT_ATTRIBUTES`(`CLIENT_ID`, `VALUE`, `NAME`) VALUES ('8337130d-3c7d-43e9-a226-26840b81ac96', 'false', 'saml.authnstatement'); #start 658002 end 660789 time 2021-06-14 19:00:19
INSERT INTO `keycloak`.`CLIENT_ATTRIBUTES`(`CLIENT_ID`, `VALUE`, `NAME`) VALUES ('8337130d-3c7d-43e9-a226-26840b81ac96', 'false', 'display.on.consent.screen'); #start 658002 end 660960 time 2021-06-14 19:00:19
INSERT INTO `keycloak`.`CLIENT_ATTRIBUTES`(`CLIENT_ID`, `VALUE`, `NAME`) VALUES ('8337130d-3c7d-43e9-a226-26840b81ac96', 'false', 'saml.onetimeuse.condition'); #start 658002 end 661131 time 2021-06-14 19:00:19
INSERT INTO `keycloak`.`REDIRECT_URIS`(`CLIENT_ID`, `VALUE`) VALUES ('8337130d-3c7d-43e9-a226-26840b81ac96', 'https://172.18.28.240:8887/*'); #start 658002 end 661291 time 2021-06-14 19:00:19
INSERT INTO `keycloak`.`WEB_ORIGINS`(`CLIENT_ID`, `VALUE`) VALUES ('8337130d-3c7d-43e9-a226-26840b81ac96', '*'); #start 658002 end 661422 time 2021-06-14 19:00:19
UPDATE `keycloak`.`REALM` SET `ID`='baishancloud', `ACCESS_CODE_LIFESPAN`=60, `USER_ACTION_LIFESPAN`=300, `ACCESS_TOKEN_LIFESPAN`=21600, `ACCOUNT_THEME`='orchsym-default', `ADMIN_THEME`='orchsym-default', `EMAIL_THEME`='orchsym-default', `ENABLED`='1', `EVENTS_ENABLED`='0', `EVENTS_EXPIRATION`=0, `LOGIN_THEME`='orchsym-default', `NAME`='baishancloud', `NOT_BEFORE`=1623668422, `PASSWORD_POLICY`='length(8) and lowerCase(2) and passwordHistory(3)', `REGISTRATION_ALLOWED`='0', `REMEMBER_ME`='0', `RESET_PASSWORD_ALLOWED`='1', `SOCIAL`='0', `SSL_REQUIRED`='EXTERNAL', `SSO_IDLE_TIMEOUT`=1800, `SSO_MAX_LIFESPAN`=86400, `UPDATE_PROFILE_ON_SOC_LOGIN`='0', `VERIFY_EMAIL`='0', `MASTER_ADMIN_CLIENT`='3bf7095e-2036-45c0-83a4-46938329ba46', `LOGIN_LIFESPAN`=1800, `INTERNATIONALIZATION_ENABLED`='1', `DEFAULT_LOCALE`='zh-CN', `REG_EMAIL_AS_USERNAME`='0', `ADMIN_EVENTS_ENABLED`='0', `ADMIN_EVENTS_DETAILS_ENABLED`='0', `EDIT_USERNAME_ALLOWED`='0', `OTP_POLICY_COUNTER`=0, `OTP_POLICY_WINDOW`=1, `OTP_POLICY_PERIOD`=30, `OTP_POLICY_DIGITS`=6, `OTP_POLICY_ALG`='HmacSHA1', `OTP_POLICY_TYPE`='totp', `BROWSER_FLOW`='a1822d8d-9138-4311-b7c3-8b97c4f835a3', `REGISTRATION_FLOW`='bbec543a-adad-4575-9e15-9fe24c072a71', `DIRECT_GRANT_FLOW`='c5c2adf9-59b7-429b-a4a8-12eb4730768d', `RESET_CREDENTIALS_FLOW`='dc10c16f-0172-4f97-9964-e507ee9caa15', `CLIENT_AUTH_FLOW`='8bdb5cd5-6bbc-4bb2-94ae-3c25cc52f53d', `OFFLINE_SESSION_IDLE_TIMEOUT`=2592000, `REVOKE_REFRESH_TOKEN`='0', `ACCESS_TOKEN_LIFE_IMPLICIT`=7200, `LOGIN_WITH_EMAIL_ALLOWED`='1', `DUPLICATE_EMAILS_ALLOWED`='0', `DOCKER_AUTH_FLOW`='0f44f9bc-7219-487c-8b23-32f49a14d92d', `REFRESH_TOKEN_MAX_REUSE`=0, `ALLOW_USER_MANAGED_ACCESS`='0' WHERE `ID`='baishancloud' AND `ACCESS_CODE_LIFESPAN`=60 AND `USER_ACTION_LIFESPAN`=300 AND `ACCESS_TOKEN_LIFESPAN`=21600 AND `ACCOUNT_THEME`='orchsym-default' AND `ADMIN_THEME`='orchsym-default' AND `EMAIL_THEME`='orchsym-default' AND `ENABLED`='1' AND `EVENTS_ENABLED`='0' AND `EVENTS_EXPIRATION`=0 AND `LOGIN_THEME`='orchsym-default' AND `NAME`='baishancloud' AND `NOT_BEFORE`=1623668250 AND `PASSWORD_POLICY`='length(8) and lowerCase(2) and passwordHistory(3)' AND `REGISTRATION_ALLOWED`='0' AND `REMEMBER_ME`='0' AND `RESET_PASSWORD_ALLOWED`='1' AND `SOCIAL`='0' AND `SSL_REQUIRED`='EXTERNAL' AND `SSO_IDLE_TIMEOUT`=1800 AND `SSO_MAX_LIFESPAN`=86400 AND `UPDATE_PROFILE_ON_SOC_LOGIN`='0' AND `VERIFY_EMAIL`='0' AND `MASTER_ADMIN_CLIENT`='3bf7095e-2036-45c0-83a4-46938329ba46' AND `LOGIN_LIFESPAN`=1800 AND `INTERNATIONALIZATION_ENABLED`='1' AND `DEFAULT_LOCALE`='zh-CN' AND `REG_EMAIL_AS_USERNAME`='0' AND `ADMIN_EVENTS_ENABLED`='0' AND `ADMIN_EVENTS_DETAILS_ENABLED`='0' AND `EDIT_USERNAME_ALLOWED`='0' AND `OTP_POLICY_COUNTER`=0 AND `OTP_POLICY_WINDOW`=1 AND `OTP_POLICY_PERIOD`=30 AND `OTP_POLICY_DIGITS`=6 AND `OTP_POLICY_ALG`='HmacSHA1' AND `OTP_POLICY_TYPE`='totp' AND `BROWSER_FLOW`='a1822d8d-9138-4311-b7c3-8b97c4f835a3' AND `REGISTRATION_FLOW`='bbec543a-adad-4575-9e15-9fe24c072a71' AND `DIRECT_GRANT_FLOW`='c5c2adf9-59b7-429b-a4a8-12eb4730768d' AND `RESET_CREDENTIALS_FLOW`='dc10c16f-0172-4f97-9964-e507ee9caa15' AND `CLIENT_AUTH_FLOW`='8bdb5cd5-6bbc-4bb2-94ae-3c25cc52f53d' AND `OFFLINE_SESSION_IDLE_TIMEOUT`=2592000 AND `REVOKE_REFRESH_TOKEN`='0' AND `ACCESS_TOKEN_LIFE_IMPLICIT`=7200 AND `LOGIN_WITH_EMAIL_ALLOWED`='1' AND `DUPLICATE_EMAILS_ALLOWED`='0' AND `DOCKER_AUTH_FLOW`='0f44f9bc-7219-487c-8b23-32f49a14d92d' AND `REFRESH_TOKEN_MAX_REUSE`=0 AND `ALLOW_USER_MANAGED_ACCESS`='0' LIMIT 1; #start 661510 end 662839 time 2021-06-14 19:00:22
UPDATE `keycloak`.`CLIENT` SET `ID`='8337130d-3c7d-43e9-a226-26840b81ac96', `ENABLED`='1', `FULL_SCOPE_ALLOWED`='1', `CLIENT_ID`='portal', `NOT_BEFORE`=1623668402, `PUBLIC_CLIENT`='1', `SECRET`='7f320780-4d5b-4abe-9ab7-d2a9b287a25e', `BASE_URL`=NULL, `BEARER_ONLY`='0', `MANAGEMENT_URL`='https://172.18.28.240:8887', `SURROGATE_AUTH_REQUIRED`='0', `REALM_ID`='baishancloud', `PROTOCOL`='openid-connect', `NODE_REREG_TIMEOUT`=-1, `FRONTCHANNEL_LOGOUT`='0', `CONSENT_REQUIRED`='0', `NAME`=NULL, `SERVICE_ACCOUNTS_ENABLED`='0', `CLIENT_AUTHENTICATOR_TYPE`='client-secret', `ROOT_URL`='https://172.18.28.240:8887', `DESCRIPTION`=NULL, `REGISTRATION_TOKEN`=NULL, `STANDARD_FLOW_ENABLED`='1', `IMPLICIT_FLOW_ENABLED`='0', `DIRECT_ACCESS_GRANTS_ENABLED`='0' WHERE `ID`='8337130d-3c7d-43e9-a226-26840b81ac96' AND `ENABLED`='1' AND `FULL_SCOPE_ALLOWED`='1' AND `CLIENT_ID`='portal' AND `NOT_BEFORE`=1623668345 AND `PUBLIC_CLIENT`='1' AND `SECRET`='7f320780-4d5b-4abe-9ab7-d2a9b287a25e' AND `BASE_URL` IS NULL AND `BEARER_ONLY`='0' AND `MANAGEMENT_URL`='https://172.18.28.240:8887' AND `SURROGATE_AUTH_REQUIRED`='0' AND `REALM_ID`='baishancloud' AND `PROTOCOL`='openid-connect' AND `NODE_REREG_TIMEOUT`=-1 AND `FRONTCHANNEL_LOGOUT`='0' AND `CONSENT_REQUIRED`='0' AND `NAME` IS NULL AND `SERVICE_ACCOUNTS_ENABLED`='0' AND `CLIENT_AUTHENTICATOR_TYPE`='client-secret' AND `ROOT_URL`='https://172.18.28.240:8887' AND `DESCRIPTION` IS NULL AND `REGISTRATION_TOKEN` IS NULL AND `STANDARD_FLOW_ENABLED`='1' AND `IMPLICIT_FLOW_ENABLED`='0' AND `DIRECT_ACCESS_GRANTS_ENABLED`='0' LIMIT 1; #start 662927 end 663563 time 2021-06-14 19:00:25
DELETE FROM `keycloak`.`REDIRECT_URIS` WHERE `CLIENT_ID`='8337130d-3c7d-43e9-a226-26840b81ac96' AND `VALUE`='https://172.18.28.240:8887/*' LIMIT 1; #start 662927 end 663723 time 2021-06-14 19:00:25
DELETE FROM `keycloak`.`WEB_ORIGINS` WHERE `CLIENT_ID`='8337130d-3c7d-43e9-a226-26840b81ac96' AND `VALUE`='*' LIMIT 1; #start 662927 end 663854 time 2021-06-14 19:00:25
INSERT INTO `keycloak`.`REDIRECT_URIS`(`CLIENT_ID`, `VALUE`) VALUES ('8337130d-3c7d-43e9-a226-26840b81ac96', 'https://172.18.28.240:8887/*'); #start 662927 end 664014 time 2021-06-14 19:00:25
INSERT INTO `keycloak`.`WEB_ORIGINS`(`CLIENT_ID`, `VALUE`) VALUES ('8337130d-3c7d-43e9-a226-26840b81ac96', '*'); #start 662927 end 664145 time 2021-06-14 19:00:25
UPDATE `keycloak`.`CLIENT` SET `ID`='8337130d-3c7d-43e9-a226-26840b81ac96', `ENABLED`='1', `FULL_SCOPE_ALLOWED`='1', `CLIENT_ID`='portal', `NOT_BEFORE`=1623668402, `PUBLIC_CLIENT`='1', `SECRET`='7f320780-4d5b-4abe-9ab7-d2a9b287a25e', `BASE_URL`=NULL, `BEARER_ONLY`='0', `MANAGEMENT_URL`='https://172.18.28.240:8887/', `SURROGATE_AUTH_REQUIRED`='0', `REALM_ID`='baishancloud', `PROTOCOL`='openid-connect', `NODE_REREG_TIMEOUT`=-1, `FRONTCHANNEL_LOGOUT`='0', `CONSENT_REQUIRED`='0', `NAME`=NULL, `SERVICE_ACCOUNTS_ENABLED`='0', `CLIENT_AUTHENTICATOR_TYPE`='client-secret', `ROOT_URL`='https://172.18.28.240:8887', `DESCRIPTION`=NULL, `REGISTRATION_TOKEN`=NULL, `STANDARD_FLOW_ENABLED`='1', `IMPLICIT_FLOW_ENABLED`='0', `DIRECT_ACCESS_GRANTS_ENABLED`='0' WHERE `ID`='8337130d-3c7d-43e9-a226-26840b81ac96' AND `ENABLED`='1' AND `FULL_SCOPE_ALLOWED`='1' AND `CLIENT_ID`='portal' AND `NOT_BEFORE`=1623668402 AND `PUBLIC_CLIENT`='1' AND `SECRET`='7f320780-4d5b-4abe-9ab7-d2a9b287a25e' AND `BASE_URL` IS NULL AND `BEARER_ONLY`='0' AND `MANAGEMENT_URL`='https://172.18.28.240:8887' AND `SURROGATE_AUTH_REQUIRED`='0' AND `REALM_ID`='baishancloud' AND `PROTOCOL`='openid-connect' AND `NODE_REREG_TIMEOUT`=-1 AND `FRONTCHANNEL_LOGOUT`='0' AND `CONSENT_REQUIRED`='0' AND `NAME` IS NULL AND `SERVICE_ACCOUNTS_ENABLED`='0' AND `CLIENT_AUTHENTICATOR_TYPE`='client-secret' AND `ROOT_URL`='https://172.18.28.240:8887' AND `DESCRIPTION` IS NULL AND `REGISTRATION_TOKEN` IS NULL AND `STANDARD_FLOW_ENABLED`='1' AND `IMPLICIT_FLOW_ENABLED`='0' AND `DIRECT_ACCESS_GRANTS_ENABLED`='0' LIMIT 1; #start 664233 end 664870 time 2021-06-14 19:00:45
DELETE FROM `keycloak`.`REDIRECT_URIS` WHERE `CLIENT_ID`='8337130d-3c7d-43e9-a226-26840b81ac96' AND `VALUE`='https://172.18.28.240:8887/*' LIMIT 1; #start 664233 end 665030 time 2021-06-14 19:00:45
DELETE FROM `keycloak`.`WEB_ORIGINS` WHERE `CLIENT_ID`='8337130d-3c7d-43e9-a226-26840b81ac96' AND `VALUE`='*' LIMIT 1; #start 664233 end 665161 time 2021-06-14 19:00:45
INSERT INTO `keycloak`.`REDIRECT_URIS`(`CLIENT_ID`, `VALUE`) VALUES ('8337130d-3c7d-43e9-a226-26840b81ac96', 'https://172.18.28.240:8887/*'); #start 664233 end 665321 time 2021-06-14 19:00:45
INSERT INTO `keycloak`.`WEB_ORIGINS`(`CLIENT_ID`, `VALUE`) VALUES ('8337130d-3c7d-43e9-a226-26840b81ac96', '*'); #start 664233 end 665452 time 2021-06-14 19:00:45
DELETE FROM `keycloak`.`USER_ROLE_MAPPING` WHERE `ROLE_ID`='70e82ac4-5116-46ba-a4e7-6464049d5a87' AND `USER_ID`='6c6ed9a4-39d9-418b-b10c-94615906263d' LIMIT 1; #start 3024498 end 3024962 time 2021-06-25 15:32:49
DELETE FROM `keycloak`.`USER_ROLE_MAPPING` WHERE `ROLE_ID`='89dadc51-9dea-4340-a128-16a4d7a9786b' AND `USER_ID`='6c6ed9a4-39d9-418b-b10c-94615906263d' LIMIT 1; #start 3024498 end 3024962 time 2021-06-25 15:32:49
DELETE FROM `keycloak`.`USER_ROLE_MAPPING` WHERE `ROLE_ID`='bb8325c4-4bac-4650-bc79-6f1dfe260167' AND `USER_ID`='6c6ed9a4-39d9-418b-b10c-94615906263d' LIMIT 1; #start 3024498 end 3024962 time 2021-06-25 15:32:49
DELETE FROM `keycloak`.`USER_ROLE_MAPPING` WHERE `ROLE_ID`='c2831949-a58d-48af-b3db-6992c6fca946' AND `USER_ID`='6c6ed9a4-39d9-418b-b10c-94615906263d' LIMIT 1; #start 3024498 end 3024962 time 2021-06-25 15:32:49
DELETE FROM `keycloak`.`USER_ATTRIBUTE` WHERE `NAME`='locale' AND `VALUE`='zh-CN' AND `USER_ID`='6c6ed9a4-39d9-418b-b10c-94615906263d' AND `ID`='1c12b572-516b-48f3-ad07-ea6a46fdd76e' LIMIT 1; #start 3024498 end 3025151 time 2021-06-25 15:32:50
DELETE FROM `keycloak`.`CREDENTIAL` WHERE `ID`='b083f08f-894d-4bc8-8efd-dd060f372a78' AND `DEVICE` IS NULL AND `HASH_ITERATIONS`=27500 AND `SALT`='bZ@c,&:' AND `TYPE`='password' AND `VALUE`='qQR2BqK59Wuyy9PQyqXebOPNsfHjNh+3kHxXjZAPzO37LOtGC6pfjZfimvMRec3at1b7i7xFT1anxlcAGVBH5A==' AND `USER_ID`='6c6ed9a4-39d9-418b-b10c-94615906263d' AND `CREATED_DATE`=1622792415787 AND `COUNTER`=0 AND `DIGITS`=0 AND `PERIOD`=0 AND `ALGORITHM`='pbkdf2-sha256' LIMIT 1; #start 3024498 end 3025492 time 2021-06-25 15:32:50
DELETE FROM `keycloak`.`CREDENTIAL` WHERE `ID`='f740ab6e-28e5-40de-abf1-935c8c02923e' AND `DEVICE` IS NULL AND `HASH_ITERATIONS`=27500 AND `SALT`='xP/>zG\Z' AND `TYPE`='password-history' AND `VALUE`='qhOStF9tEToleSjn0YtRr52X9w6p7NMXLzczGMc0jfrM0uL0ea1KziP/HWYNzzgx4dzF3QM8VF10msi1xDXKoQ==' AND `USER_ID`='6c6ed9a4-39d9-418b-b10c-94615906263d' AND `CREATED_DATE`=1617762858739 AND `COUNTER`=0 AND `DIGITS`=0 AND `PERIOD`=0 AND `ALGORITHM`='pbkdf2-sha256' LIMIT 1; #start 3024498 end 3025841 time 2021-06-25 15:32:50
DELETE FROM `keycloak`.`USER_ENTITY` WHERE `ID`='6c6ed9a4-39d9-418b-b10c-94615906263d' AND `EMAIL`='songtian.yuan@baishan.com' AND `EMAIL_CONSTRAINT`='songtian.yuan@baishan.com' AND `EMAIL_VERIFIED`='0' AND `ENABLED`='1' AND `FEDERATION_LINK` IS NULL AND `FIRST_NAME`='袁松田0604' AND `LAST_NAME` IS NULL AND `REALM_ID`='baishancloud' AND `USERNAME`='songtian.yuan@baishan.com' AND `CREATED_TIMESTAMP`=1617701172179 AND `SERVICE_ACCOUNT_CLIENT_LINK` IS NULL AND `NOT_BEFORE`=0 LIMIT 1; #start 3024498 end 3026125 time 2021-06-25 15:32:50
INSERT INTO `keycloak`.`USER_ENTITY`(`ID`, `EMAIL`, `EMAIL_CONSTRAINT`, `EMAIL_VERIFIED`, `ENABLED`, `FEDERATION_LINK`, `FIRST_NAME`, `LAST_NAME`, `REALM_ID`, `USERNAME`, `CREATED_TIMESTAMP`, `SERVICE_ACCOUNT_CLIENT_LINK`, `NOT_BEFORE`) VALUES ('f6680e42-c68b-40c4-bf32-c24e2432cadb', NULL, '097b3e2d-0bb4-4f6f-8244-802e56d1ba1d', '0', '0', NULL, NULL, NULL, 'baishancloud', 'songtian.yuan@baishan.com', 1624607168540, NULL, 0); #start 3029392 end 3029709 time 2021-06-25 15:46:08
INSERT INTO `keycloak`.`USER_ROLE_MAPPING`(`ROLE_ID`, `USER_ID`) VALUES ('70e82ac4-5116-46ba-a4e7-6464049d5a87', 'f6680e42-c68b-40c4-bf32-c24e2432cadb'); #start 3029392 end 3029881 time 2021-06-25 15:46:08
INSERT INTO `keycloak`.`USER_ROLE_MAPPING`(`ROLE_ID`, `USER_ID`) VALUES ('89dadc51-9dea-4340-a128-16a4d7a9786b', 'f6680e42-c68b-40c4-bf32-c24e2432cadb'); #start 3029392 end 3030053 time 2021-06-25 15:46:08
INSERT INTO `keycloak`.`USER_ROLE_MAPPING`(`ROLE_ID`, `USER_ID`) VALUES ('bb8325c4-4bac-4650-bc79-6f1dfe260167', 'f6680e42-c68b-40c4-bf32-c24e2432cadb'); #start 3029392 end 3030225 time 2021-06-25 15:46:08
INSERT INTO `keycloak`.`USER_ROLE_MAPPING`(`ROLE_ID`, `USER_ID`) VALUES ('c2831949-a58d-48af-b3db-6992c6fca946', 'f6680e42-c68b-40c4-bf32-c24e2432cadb'); #start 3029392 end 3030397 time 2021-06-25 15:46:08
UPDATE `keycloak`.`USER_ENTITY` SET `ID`='f6680e42-c68b-40c4-bf32-c24e2432cadb', `EMAIL`='songtian.yuan@baishan.com', `EMAIL_CONSTRAINT`='songtian.yuan@baishan.com', `EMAIL_VERIFIED`='0', `ENABLED`='1', `FEDERATION_LINK`=NULL, `FIRST_NAME`='袁松田0625', `LAST_NAME`=NULL, `REALM_ID`='baishancloud', `USERNAME`='songtian.yuan@baishan.com', `CREATED_TIMESTAMP`=1624607168540, `SERVICE_ACCOUNT_CLIENT_LINK`=NULL, `NOT_BEFORE`=0 WHERE `ID`='f6680e42-c68b-40c4-bf32-c24e2432cadb' AND `EMAIL` IS NULL AND `EMAIL_CONSTRAINT`='097b3e2d-0bb4-4f6f-8244-802e56d1ba1d' AND `EMAIL_VERIFIED`='0' AND `ENABLED`='0' AND `FEDERATION_LINK` IS NULL AND `FIRST_NAME` IS NULL AND `LAST_NAME` IS NULL AND `REALM_ID`='baishancloud' AND `USERNAME`='songtian.yuan@baishan.com' AND `CREATED_TIMESTAMP`=1624607168540 AND `SERVICE_ACCOUNT_CLIENT_LINK` IS NULL AND `NOT_BEFORE`=0 LIMIT 1; #start 3029392 end 3030815 time 2021-06-25 15:46:08
INSERT INTO `keycloak`.`CREDENTIAL`(`ID`, `DEVICE`, `HASH_ITERATIONS`, `SALT`, `TYPE`, `VALUE`, `USER_ID`, `CREATED_DATE`, `COUNTER`, `DIGITS`, `PERIOD`, `ALGORITHM`) VALUES ('8f548fd5-8939-4c2b-8aff-cafa4abcc121', NULL, 27500, 'QlO0Ҏ6', 'password', '4iSqAm+GVBI+yezzUxW90YnLa1KgSGRXu7d8B0RjZjsCFNpzOx4XGEOfW5pR8btAVPbnbCSeEC0fLQnYIBTPOQ==', 'f6680e42-c68b-40c4-bf32-c24e2432cadb', 1624607169594, 0, 0, 0, 'pbkdf2-sha256'); #start 3030903 end 3031308 time 2021-06-25 15:46:09
DELETE FROM `keycloak`.`USER_ROLE_MAPPING` WHERE `ROLE_ID`='70e82ac4-5116-46ba-a4e7-6464049d5a87' AND `USER_ID`='f6680e42-c68b-40c4-bf32-c24e2432cadb' LIMIT 1; #start 3039934 end 3040398 time 2021-06-25 15:55:39
DELETE FROM `keycloak`.`USER_ROLE_MAPPING` WHERE `ROLE_ID`='89dadc51-9dea-4340-a128-16a4d7a9786b' AND `USER_ID`='f6680e42-c68b-40c4-bf32-c24e2432cadb' LIMIT 1; #start 3039934 end 3040398 time 2021-06-25 15:55:39
DELETE FROM `keycloak`.`USER_ROLE_MAPPING` WHERE `ROLE_ID`='bb8325c4-4bac-4650-bc79-6f1dfe260167' AND `USER_ID`='f6680e42-c68b-40c4-bf32-c24e2432cadb' LIMIT 1; #start 3039934 end 3040398 time 2021-06-25 15:55:39
DELETE FROM `keycloak`.`USER_ROLE_MAPPING` WHERE `ROLE_ID`='c2831949-a58d-48af-b3db-6992c6fca946' AND `USER_ID`='f6680e42-c68b-40c4-bf32-c24e2432cadb' LIMIT 1; #start 3039934 end 3040398 time 2021-06-25 15:55:39
DELETE FROM `keycloak`.`CREDENTIAL` WHERE `ID`='8f548fd5-8939-4c2b-8aff-cafa4abcc121' AND `DEVICE` IS NULL AND `HASH_ITERATIONS`=27500 AND `SALT`='QlO0Ҏ6' AND `TYPE`='password' AND `VALUE`='4iSqAm+GVBI+yezzUxW90YnLa1KgSGRXu7d8B0RjZjsCFNpzOx4XGEOfW5pR8btAVPbnbCSeEC0fLQnYIBTPOQ==' AND `USER_ID`='f6680e42-c68b-40c4-bf32-c24e2432cadb' AND `CREATED_DATE`=1624607169594 AND `COUNTER`=0 AND `DIGITS`=0 AND `PERIOD`=0 AND `ALGORITHM`='pbkdf2-sha256' LIMIT 1; #start 3039934 end 3040739 time 2021-06-25 15:55:39
DELETE FROM `keycloak`.`USER_ENTITY` WHERE `ID`='f6680e42-c68b-40c4-bf32-c24e2432cadb' AND `EMAIL`='songtian.yuan@baishan.com' AND `EMAIL_CONSTRAINT`='songtian.yuan@baishan.com' AND `EMAIL_VERIFIED`='0' AND `ENABLED`='1' AND `FEDERATION_LINK` IS NULL AND `FIRST_NAME`='袁松田0625' AND `LAST_NAME` IS NULL AND `REALM_ID`='baishancloud' AND `USERNAME`='songtian.yuan@baishan.com' AND `CREATED_TIMESTAMP`=1624607168540 AND `SERVICE_ACCOUNT_CLIENT_LINK` IS NULL AND `NOT_BEFORE`=0 LIMIT 1; #start 3039934 end 3041023 time 2021-06-25 15:55:39
DELETE FROM `keycloak`.`REALM_EVENTS_LISTENERS` WHERE `REALM_ID`='master' AND `VALUE`='jboss-logging' LIMIT 1; #start 3210398 end 3210586 time 2021-07-01 17:50:54
INSERT INTO `keycloak`.`REALM_EVENTS_LISTENERS`(`REALM_ID`, `VALUE`) VALUES ('master', 'jboss-logging'); #start 3210398 end 3210710 time 2021-07-01 17:50:54
INSERT INTO `keycloak`.`USER_ENTITY`(`ID`, `EMAIL`, `EMAIL_CONSTRAINT`, `EMAIL_VERIFIED`, `ENABLED`, `FEDERATION_LINK`, `FIRST_NAME`, `LAST_NAME`, `REALM_ID`, `USERNAME`, `CREATED_TIMESTAMP`, `SERVICE_ACCOUNT_CLIENT_LINK`, `NOT_BEFORE`) VALUES ('201f63f5-1724-445a-98bb-f2765ccc2f98', NULL, '2808cc71-2dab-4d4d-a940-e27296642125', '0', '0', NULL, NULL, NULL, 'baishancloud', 'autotest@163.com', 1625134051390, NULL, 0); #start 3224138 end 3224446 time 2021-07-01 18:07:31
INSERT INTO `keycloak`.`USER_ROLE_MAPPING`(`ROLE_ID`, `USER_ID`) VALUES ('70e82ac4-5116-46ba-a4e7-6464049d5a87', '201f63f5-1724-445a-98bb-f2765ccc2f98'); #start 3224138 end 3224618 time 2021-07-01 18:07:31
INSERT INTO `keycloak`.`USER_ROLE_MAPPING`(`ROLE_ID`, `USER_ID`) VALUES ('89dadc51-9dea-4340-a128-16a4d7a9786b', '201f63f5-1724-445a-98bb-f2765ccc2f98'); #start 3224138 end 3224790 time 2021-07-01 18:07:31
INSERT INTO `keycloak`.`USER_ROLE_MAPPING`(`ROLE_ID`, `USER_ID`) VALUES ('bb8325c4-4bac-4650-bc79-6f1dfe260167', '201f63f5-1724-445a-98bb-f2765ccc2f98'); #start 3224138 end 3224962 time 2021-07-01 18:07:31
INSERT INTO `keycloak`.`USER_ROLE_MAPPING`(`ROLE_ID`, `USER_ID`) VALUES ('c2831949-a58d-48af-b3db-6992c6fca946', '201f63f5-1724-445a-98bb-f2765ccc2f98'); #start 3224138 end 3225134 time 2021-07-01 18:07:31
UPDATE `keycloak`.`USER_ENTITY` SET `ID`='201f63f5-1724-445a-98bb-f2765ccc2f98', `EMAIL`='autotest@163.com', `EMAIL_CONSTRAINT`='autotest@163.com', `EMAIL_VERIFIED`='0', `ENABLED`='1', `FEDERATION_LINK`=NULL, `FIRST_NAME`='自动化测试', `LAST_NAME`=NULL, `REALM_ID`='baishancloud', `USERNAME`='autotest@163.com', `CREATED_TIMESTAMP`=1625134051390, `SERVICE_ACCOUNT_CLIENT_LINK`=NULL, `NOT_BEFORE`=0 WHERE `ID`='201f63f5-1724-445a-98bb-f2765ccc2f98' AND `EMAIL` IS NULL AND `EMAIL_CONSTRAINT`='2808cc71-2dab-4d4d-a940-e27296642125' AND `EMAIL_VERIFIED`='0' AND `ENABLED`='0' AND `FEDERATION_LINK` IS NULL AND `FIRST_NAME` IS NULL AND `LAST_NAME` IS NULL AND `REALM_ID`='baishancloud' AND `USERNAME`='autotest@163.com' AND `CREATED_TIMESTAMP`=1625134051390 AND `SERVICE_ACCOUNT_CLIENT_LINK` IS NULL AND `NOT_BEFORE`=0 LIMIT 1; #start 3224138 end 3225518 time 2021-07-01 18:07:31
INSERT INTO `keycloak`.`CREDENTIAL`(`ID`, `DEVICE`, `HASH_ITERATIONS`, `SALT`, `TYPE`, `VALUE`, `USER_ID`, `CREATED_DATE`, `COUNTER`, `DIGITS`, `PERIOD`, `ALGORITHM`) VALUES ('d5bd20d7-efc4-40f4-84ad-27c7b96126d2', NULL, 27500, 'ܣ%#', 'password', 'GvuXyvuLNvlbNI0QTWZxgm/xYh9vQOSzq4itRb+71F/QA4PE2T6ILRU0+swKKMFlSgYDQLvi/Egl+YN1ys2umA==', '201f63f5-1724-445a-98bb-f2765ccc2f98', 1625134052229, 0, 0, 0, 'pbkdf2-sha256'); #start 3225606 end 3226011 time 2021-07-01 18:07:32
INSERT INTO `keycloak`.`USER_ATTRIBUTE`(`NAME`, `VALUE`, `USER_ID`, `ID`) VALUES ('locale', 'zh-CN', '201f63f5-1724-445a-98bb-f2765ccc2f98', 'f53daa5f-1a7d-4079-8399-01d0ef3ffcc7'); #start 3227205 end 3227458 time 2021-07-01 18:08:08
UPDATE `keycloak`.`USER_ATTRIBUTE` SET `NAME`='locale', `VALUE`='zh-CN', `USER_ID`='4806ad39-5add-42b5-9486-a8db0ccfe9f9', `ID`='38f6456e-6716-416a-aa19-836c91537e49' WHERE `NAME`='locale' AND `VALUE`='en' AND `USER_ID`='4806ad39-5add-42b5-9486-a8db0ccfe9f9' AND `ID`='38f6456e-6716-416a-aa19-836c91537e49' LIMIT 1; #start 3583454 end 3583795 time 2021-07-02 11:03:37
DELETE FROM `keycloak`.`REDIRECT_URIS` WHERE `CLIENT_ID`='975d02b5-d542-491f-8c51-e06c484d022d' AND `VALUE`='https://172.18.28.240:8888/*' LIMIT 1; #start 3786855 end 3787079 time 2021-07-02 14:55:22
DELETE FROM `keycloak`.`WEB_ORIGINS` WHERE `CLIENT_ID`='975d02b5-d542-491f-8c51-e06c484d022d' AND `VALUE`='*' LIMIT 1; #start 3786855 end 3787210 time 2021-07-02 14:55:22
INSERT INTO `keycloak`.`CLIENT_ATTRIBUTES`(`CLIENT_ID`, `VALUE`, `NAME`) VALUES ('975d02b5-d542-491f-8c51-e06c484d022d', 'false', 'saml.assertion.signature'); #start 3786855 end 3787380 time 2021-07-02 14:55:22
INSERT INTO `keycloak`.`CLIENT_ATTRIBUTES`(`CLIENT_ID`, `VALUE`, `NAME`) VALUES ('975d02b5-d542-491f-8c51-e06c484d022d', 'false', 'saml.multivalued.roles'); #start 3786855 end 3787548 time 2021-07-02 14:55:22
INSERT INTO `keycloak`.`CLIENT_ATTRIBUTES`(`CLIENT_ID`, `VALUE`, `NAME`) VALUES ('975d02b5-d542-491f-8c51-e06c484d022d', 'false', 'saml.force.post.binding'); #start 3786855 end 3787717 time 2021-07-02 14:55:22
INSERT INTO `keycloak`.`CLIENT_ATTRIBUTES`(`CLIENT_ID`, `VALUE`, `NAME`) VALUES ('975d02b5-d542-491f-8c51-e06c484d022d', 'false', 'saml.encrypt'); #start 3786855 end 3787875 time 2021-07-02 14:55:22
INSERT INTO `keycloak`.`CLIENT_ATTRIBUTES`(`CLIENT_ID`, `VALUE`, `NAME`) VALUES ('975d02b5-d542-491f-8c51-e06c484d022d', 'false', 'saml.server.signature'); #start 3786855 end 3788042 time 2021-07-02 14:55:22
INSERT INTO `keycloak`.`CLIENT_ATTRIBUTES`(`CLIENT_ID`, `VALUE`, `NAME`) VALUES ('975d02b5-d542-491f-8c51-e06c484d022d', 'false', 'saml.server.signature.keyinfo.ext'); #start 3786855 end 3788221 time 2021-07-02 14:55:22
INSERT INTO `keycloak`.`CLIENT_ATTRIBUTES`(`CLIENT_ID`, `VALUE`, `NAME`) VALUES ('975d02b5-d542-491f-8c51-e06c484d022d', 'false', 'exclude.session.state.from.auth.response'); #start 3786855 end 3788407 time 2021-07-02 14:55:22
INSERT INTO `keycloak`.`CLIENT_ATTRIBUTES`(`CLIENT_ID`, `VALUE`, `NAME`) VALUES ('975d02b5-d542-491f-8c51-e06c484d022d', 'false', 'saml_force_name_id_format'); #start 3786855 end 3788578 time 2021-07-02 14:55:22
INSERT INTO `keycloak`.`CLIENT_ATTRIBUTES`(`CLIENT_ID`, `VALUE`, `NAME`) VALUES ('975d02b5-d542-491f-8c51-e06c484d022d', 'false', 'saml.client.signature'); #start 3786855 end 3788745 time 2021-07-02 14:55:22
INSERT INTO `keycloak`.`CLIENT_ATTRIBUTES`(`CLIENT_ID`, `VALUE`, `NAME`) VALUES ('975d02b5-d542-491f-8c51-e06c484d022d', 'false', 'tls.client.certificate.bound.access.tokens'); #start 3786855 end 3788933 time 2021-07-02 14:55:22
INSERT INTO `keycloak`.`CLIENT_ATTRIBUTES`(`CLIENT_ID`, `VALUE`, `NAME`) VALUES ('975d02b5-d542-491f-8c51-e06c484d022d', 'false', 'saml.authnstatement'); #start 3786855 end 3789098 time 2021-07-02 14:55:22
INSERT INTO `keycloak`.`CLIENT_ATTRIBUTES`(`CLIENT_ID`, `VALUE`, `NAME`) VALUES ('975d02b5-d542-491f-8c51-e06c484d022d', 'false', 'display.on.consent.screen'); #start 3786855 end 3789269 time 2021-07-02 14:55:22
INSERT INTO `keycloak`.`CLIENT_ATTRIBUTES`(`CLIENT_ID`, `VALUE`, `NAME`) VALUES ('975d02b5-d542-491f-8c51-e06c484d022d', 'false', 'saml.onetimeuse.condition'); #start 3786855 end 3789440 time 2021-07-02 14:55:22
INSERT INTO `keycloak`.`REDIRECT_URIS`(`CLIENT_ID`, `VALUE`) VALUES ('975d02b5-d542-491f-8c51-e06c484d022d', 'https://172.18.28.240:8888/*'); #start 3786855 end 3789600 time 2021-07-02 14:55:22
INSERT INTO `keycloak`.`REDIRECT_URIS`(`CLIENT_ID`, `VALUE`) VALUES ('975d02b5-d542-491f-8c51-e06c484d022d', 'http://172.19.123.28:5556/*'); #start 3786855 end 3789759 time 2021-07-02 14:55:22
INSERT INTO `keycloak`.`WEB_ORIGINS`(`CLIENT_ID`, `VALUE`) VALUES ('975d02b5-d542-491f-8c51-e06c484d022d', '*'); #start 3786855 end 3789890 time 2021-07-02 14:55:22
INSERT INTO `keycloak`.`USER_ENTITY`(`ID`, `EMAIL`, `EMAIL_CONSTRAINT`, `EMAIL_VERIFIED`, `ENABLED`, `FEDERATION_LINK`, `FIRST_NAME`, `LAST_NAME`, `REALM_ID`, `USERNAME`, `CREATED_TIMESTAMP`, `SERVICE_ACCOUNT_CLIENT_LINK`, `NOT_BEFORE`) VALUES ('a53baec9-27f0-4e51-9f09-e2d5ae1e07ba', NULL, '7d8a8b65-ac92-4565-833b-6c0cc8bbf940', '0', '0', NULL, NULL, NULL, 'baishancloud', '243873340@qq.com', 1625723578604, NULL, 0); #start 5984056 end 5984364 time 2021-07-08 13:52:58
INSERT INTO `keycloak`.`USER_ROLE_MAPPING`(`ROLE_ID`, `USER_ID`) VALUES ('70e82ac4-5116-46ba-a4e7-6464049d5a87', 'a53baec9-27f0-4e51-9f09-e2d5ae1e07ba'); #start 5984056 end 5984536 time 2021-07-08 13:52:59
INSERT INTO `keycloak`.`USER_ROLE_MAPPING`(`ROLE_ID`, `USER_ID`) VALUES ('89dadc51-9dea-4340-a128-16a4d7a9786b', 'a53baec9-27f0-4e51-9f09-e2d5ae1e07ba'); #start 5984056 end 5984708 time 2021-07-08 13:52:59
INSERT INTO `keycloak`.`USER_ROLE_MAPPING`(`ROLE_ID`, `USER_ID`) VALUES ('bb8325c4-4bac-4650-bc79-6f1dfe260167', 'a53baec9-27f0-4e51-9f09-e2d5ae1e07ba'); #start 5984056 end 5984880 time 2021-07-08 13:52:59
INSERT INTO `keycloak`.`USER_ROLE_MAPPING`(`ROLE_ID`, `USER_ID`) VALUES ('c2831949-a58d-48af-b3db-6992c6fca946', 'a53baec9-27f0-4e51-9f09-e2d5ae1e07ba'); #start 5984056 end 5985052 time 2021-07-08 13:52:59
INSERT INTO `keycloak`.`USER_ATTRIBUTE`(`NAME`, `VALUE`, `USER_ID`, `ID`) VALUES ('userType', 'partner', 'a53baec9-27f0-4e51-9f09-e2d5ae1e07ba', 'cb318064-dd83-43bc-bcd4-42daf3a35927'); #start 5984056 end 5985245 time 2021-07-08 13:52:59
UPDATE `keycloak`.`USER_ENTITY` SET `ID`='a53baec9-27f0-4e51-9f09-e2d5ae1e07ba', `EMAIL`='243873340@qq.com', `EMAIL_CONSTRAINT`='243873340@qq.com', `EMAIL_VERIFIED`='0', `ENABLED`='1', `FEDERATION_LINK`=NULL, `FIRST_NAME`='yufei', `LAST_NAME`=NULL, `REALM_ID`='baishancloud', `USERNAME`='243873340@qq.com', `CREATED_TIMESTAMP`=1625723578604, `SERVICE_ACCOUNT_CLIENT_LINK`=NULL, `NOT_BEFORE`=0 WHERE `ID`='a53baec9-27f0-4e51-9f09-e2d5ae1e07ba' AND `EMAIL` IS NULL AND `EMAIL_CONSTRAINT`='7d8a8b65-ac92-4565-833b-6c0cc8bbf940' AND `EMAIL_VERIFIED`='0' AND `ENABLED`='0' AND `FEDERATION_LINK` IS NULL AND `FIRST_NAME` IS NULL AND `LAST_NAME` IS NULL AND `REALM_ID`='baishancloud' AND `USERNAME`='243873340@qq.com' AND `CREATED_TIMESTAMP`=1625723578604 AND `SERVICE_ACCOUNT_CLIENT_LINK` IS NULL AND `NOT_BEFORE`=0 LIMIT 1; #start 5984056 end 5985619 time 2021-07-08 13:52:59
INSERT INTO `keycloak`.`CREDENTIAL`(`ID`, `DEVICE`, `HASH_ITERATIONS`, `SALT`, `TYPE`, `VALUE`, `USER_ID`, `CREATED_DATE`, `COUNTER`, `DIGITS`, `PERIOD`, `ALGORITHM`) VALUES ('343688fb-71af-4168-bb12-6223e0ff1ba8', NULL, 27500, '\',)[9@.t[A', 'password', '+0uDa8jLO1M1uEVmb4ntlW6pfw+x7GhCmhvCBFHNeUPdPdpJpvUMqlmrPlb56NYN23S/ibwxAb+e7XuIcZi6qA==', 'a53baec9-27f0-4e51-9f09-e2d5ae1e07ba', 1625723579799, 0, 0, 0, 'pbkdf2-sha256'); #start 5985707 end 5986112 time 2021-07-08 13:53:00
INSERT INTO `keycloak`.`USER_REQUIRED_ACTION`(`USER_ID`, `REQUIRED_ACTION`) VALUES ('a53baec9-27f0-4e51-9f09-e2d5ae1e07ba', 'UPDATE_PASSWORD'); #start 5985707 end 5986266 time 2021-07-08 13:53:00
INSERT INTO `keycloak`.`USER_ATTRIBUTE`(`NAME`, `VALUE`, `USER_ID`, `ID`) VALUES ('locale', 'zh-CN', 'a53baec9-27f0-4e51-9f09-e2d5ae1e07ba', '4a84dd86-20e6-4d31-8f32-8a0d49f9dbda'); #start 5986712 end 5986965 time 2021-07-08 13:54:59
INSERT INTO `keycloak`.`CREDENTIAL`(`ID`, `DEVICE`, `HASH_ITERATIONS`, `SALT`, `TYPE`, `VALUE`, `USER_ID`, `CREATED_DATE`, `COUNTER`, `DIGITS`, `PERIOD`, `ALGORITHM`) VALUES ('f7bcfe51-5d55-4ba1-a1df-dda895a36b83', NULL, 27500, 'Nr+V', 'password', 'hwsoVTn+EauuzMICTN7fcrvgIhvwAWclixKFxTuxz69rKMOdZDbTyoUs+MzJjmXCa7SLXF8poPSGwRMLcnJnNQ==', 'a53baec9-27f0-4e51-9f09-e2d5ae1e07ba', 1625723732788, 0, 0, 0, 'pbkdf2-sha256'); #start 5987053 end 5987458 time 2021-07-08 13:55:33
UPDATE `keycloak`.`CREDENTIAL` SET `ID`='343688fb-71af-4168-bb12-6223e0ff1ba8', `DEVICE`=NULL, `HASH_ITERATIONS`=27500, `SALT`='\',)[9@.t[A', `TYPE`='password-history', `VALUE`='+0uDa8jLO1M1uEVmb4ntlW6pfw+x7GhCmhvCBFHNeUPdPdpJpvUMqlmrPlb56NYN23S/ibwxAb+e7XuIcZi6qA==', `USER_ID`='a53baec9-27f0-4e51-9f09-e2d5ae1e07ba', `CREATED_DATE`=1625723579799, `COUNTER`=0, `DIGITS`=0, `PERIOD`=0, `ALGORITHM`='pbkdf2-sha256' WHERE `ID`='343688fb-71af-4168-bb12-6223e0ff1ba8' AND `DEVICE` IS NULL AND `HASH_ITERATIONS`=27500 AND `SALT`='\',)[9@.t[A' AND `TYPE`='password' AND `VALUE`='+0uDa8jLO1M1uEVmb4ntlW6pfw+x7GhCmhvCBFHNeUPdPdpJpvUMqlmrPlb56NYN23S/ibwxAb+e7XuIcZi6qA==' AND `USER_ID`='a53baec9-27f0-4e51-9f09-e2d5ae1e07ba' AND `CREATED_DATE`=1625723579799 AND `COUNTER`=0 AND `DIGITS`=0 AND `PERIOD`=0 AND `ALGORITHM`='pbkdf2-sha256' LIMIT 1; #start 5987053 end 5988040 time 2021-07-08 13:55:33
DELETE FROM `keycloak`.`USER_REQUIRED_ACTION` WHERE `USER_ID`='a53baec9-27f0-4e51-9f09-e2d5ae1e07ba' AND `REQUIRED_ACTION`='UPDATE_PASSWORD' LIMIT 1; #start 5987053 end 5988194 time 2021-07-08 13:55:33
INSERT INTO `keycloak`.`IDENTITY_PROVIDER`(`INTERNAL_ID`, `ENABLED`, `PROVIDER_ALIAS`, `PROVIDER_ID`, `STORE_TOKEN`, `AUTHENTICATE_BY_DEFAULT`, `REALM_ID`, `ADD_TOKEN_ROLE`, `TRUST_EMAIL`, `FIRST_BROKER_LOGIN_FLOW_ID`, `POST_BROKER_LOGIN_FLOW_ID`, `PROVIDER_DISPLAY_NAME`, `LINK_ONLY`) VALUES ('086e9455-dcf6-4eaf-ab87-10cbe764a87d', '1', 'baidu', 'baidu', '0', '0', 'baishancloud', '0', '0', 'fa31c2f7-546d-43c6-a5d9-031d76044f82', NULL, NULL, '0'); #start 6921702 end 6922006 time 2021-07-12 15:56:58
INSERT INTO `keycloak`.`IDENTITY_PROVIDER_CONFIG`(`IDENTITY_PROVIDER_ID`, `VALUE`, `NAME`) VALUES ('086e9455-dcf6-4eaf-ab87-10cbe764a87d', '', 'hideOnLoginPage'); #start 6921702 end 6922170 time 2021-07-12 15:56:58
INSERT INTO `keycloak`.`IDENTITY_PROVIDER_CONFIG`(`IDENTITY_PROVIDER_ID`, `VALUE`, `NAME`) VALUES ('086e9455-dcf6-4eaf-ab87-10cbe764a87d', '3IAvb2W20YRj1SnezWU8Tz4T2EaGevrZ', 'clientSecret'); #start 6921702 end 6922363 time 2021-07-12 15:56:58
INSERT INTO `keycloak`.`IDENTITY_PROVIDER_CONFIG`(`IDENTITY_PROVIDER_ID`, `VALUE`, `NAME`) VALUES ('086e9455-dcf6-4eaf-ab87-10cbe764a87d', 'zE4PE50LczscZ0T3tFkE3EFW', 'clientId'); #start 6921702 end 6922544 time 2021-07-12 15:56:58
INSERT INTO `keycloak`.`IDENTITY_PROVIDER_CONFIG`(`IDENTITY_PROVIDER_ID`, `VALUE`, `NAME`) VALUES ('086e9455-dcf6-4eaf-ab87-10cbe764a87d', '', 'disableUserInfo'); #start 6921702 end 6922708 time 2021-07-12 15:56:58
INSERT INTO `keycloak`.`IDENTITY_PROVIDER_CONFIG`(`IDENTITY_PROVIDER_ID`, `VALUE`, `NAME`) VALUES ('086e9455-dcf6-4eaf-ab87-10cbe764a87d', 'true', 'useJwksUrl'); #start 6921702 end 6922871 time 2021-07-12 15:56:58
UPDATE `keycloak`.`IDENTITY_PROVIDER` SET `INTERNAL_ID`='086e9455-dcf6-4eaf-ab87-10cbe764a87d', `ENABLED`='0', `PROVIDER_ALIAS`='baidu', `PROVIDER_ID`='baidu', `STORE_TOKEN`='0', `AUTHENTICATE_BY_DEFAULT`='0', `REALM_ID`='baishancloud', `ADD_TOKEN_ROLE`='0', `TRUST_EMAIL`='0', `FIRST_BROKER_LOGIN_FLOW_ID`='fa31c2f7-546d-43c6-a5d9-031d76044f82', `POST_BROKER_LOGIN_FLOW_ID`=NULL, `PROVIDER_DISPLAY_NAME`=NULL, `LINK_ONLY`='0' WHERE `INTERNAL_ID`='086e9455-dcf6-4eaf-ab87-10cbe764a87d' AND `ENABLED`='1' AND `PROVIDER_ALIAS`='baidu' AND `PROVIDER_ID`='baidu' AND `STORE_TOKEN`='0' AND `AUTHENTICATE_BY_DEFAULT`='0' AND `REALM_ID`='baishancloud' AND `ADD_TOKEN_ROLE`='0' AND `TRUST_EMAIL`='0' AND `FIRST_BROKER_LOGIN_FLOW_ID`='fa31c2f7-546d-43c6-a5d9-031d76044f82' AND `POST_BROKER_LOGIN_FLOW_ID` IS NULL AND `PROVIDER_DISPLAY_NAME` IS NULL AND `LINK_ONLY`='0' LIMIT 1; #start 6922959 end 6923374 time 2021-07-12 15:59:40
DELETE FROM `keycloak`.`IDENTITY_PROVIDER_CONFIG` WHERE `IDENTITY_PROVIDER_ID`='086e9455-dcf6-4eaf-ab87-10cbe764a87d' AND `VALUE`='zE4PE50LczscZ0T3tFkE3EFW' AND `NAME`='clientId' LIMIT 1; #start 6922959 end 6923819 time 2021-07-12 15:59:40
DELETE FROM `keycloak`.`IDENTITY_PROVIDER_CONFIG` WHERE `IDENTITY_PROVIDER_ID`='086e9455-dcf6-4eaf-ab87-10cbe764a87d' AND `VALUE`='3IAvb2W20YRj1SnezWU8Tz4T2EaGevrZ' AND `NAME`='clientSecret' LIMIT 1; #start 6922959 end 6923819 time 2021-07-12 15:59:40
DELETE FROM `keycloak`.`IDENTITY_PROVIDER_CONFIG` WHERE `IDENTITY_PROVIDER_ID`='086e9455-dcf6-4eaf-ab87-10cbe764a87d' AND `VALUE`='' AND `NAME`='disableUserInfo' LIMIT 1; #start 6922959 end 6923819 time 2021-07-12 15:59:40
DELETE FROM `keycloak`.`IDENTITY_PROVIDER_CONFIG` WHERE `IDENTITY_PROVIDER_ID`='086e9455-dcf6-4eaf-ab87-10cbe764a87d' AND `VALUE`='' AND `NAME`='hideOnLoginPage' LIMIT 1; #start 6922959 end 6923819 time 2021-07-12 15:59:40
DELETE FROM `keycloak`.`IDENTITY_PROVIDER_CONFIG` WHERE `IDENTITY_PROVIDER_ID`='086e9455-dcf6-4eaf-ab87-10cbe764a87d' AND `VALUE`='true' AND `NAME`='useJwksUrl' LIMIT 1; #start 6922959 end 6923819 time 2021-07-12 15:59:40
INSERT INTO `keycloak`.`IDENTITY_PROVIDER_CONFIG`(`IDENTITY_PROVIDER_ID`, `VALUE`, `NAME`) VALUES ('086e9455-dcf6-4eaf-ab87-10cbe764a87d', '', 'hideOnLoginPage'); #start 6922959 end 6923983 time 2021-07-12 15:59:40
INSERT INTO `keycloak`.`IDENTITY_PROVIDER_CONFIG`(`IDENTITY_PROVIDER_ID`, `VALUE`, `NAME`) VALUES ('086e9455-dcf6-4eaf-ab87-10cbe764a87d', '3IAvb2W20YRj1SnezWU8Tz4T2EaGevrZ', 'clientSecret'); #start 6922959 end 6924176 time 2021-07-12 15:59:40
INSERT INTO `keycloak`.`IDENTITY_PROVIDER_CONFIG`(`IDENTITY_PROVIDER_ID`, `VALUE`, `NAME`) VALUES ('086e9455-dcf6-4eaf-ab87-10cbe764a87d', 'zE4PE50LczscZ0T3tFkE3EFW', 'clientId'); #start 6922959 end 6924357 time 2021-07-12 15:59:40
INSERT INTO `keycloak`.`IDENTITY_PROVIDER_CONFIG`(`IDENTITY_PROVIDER_ID`, `VALUE`, `NAME`) VALUES ('086e9455-dcf6-4eaf-ab87-10cbe764a87d', '', 'disableUserInfo'); #start 6922959 end 6924521 time 2021-07-12 15:59:40
INSERT INTO `keycloak`.`IDENTITY_PROVIDER_CONFIG`(`IDENTITY_PROVIDER_ID`, `VALUE`, `NAME`) VALUES ('086e9455-dcf6-4eaf-ab87-10cbe764a87d', 'true', 'useJwksUrl'); #start 6922959 end 6924684 time 2021-07-12 15:59:40
UPDATE `keycloak`.`IDENTITY_PROVIDER` SET `INTERNAL_ID`='086e9455-dcf6-4eaf-ab87-10cbe764a87d', `ENABLED`='1', `PROVIDER_ALIAS`='baidu', `PROVIDER_ID`='baidu', `STORE_TOKEN`='0', `AUTHENTICATE_BY_DEFAULT`='0', `REALM_ID`='baishancloud', `ADD_TOKEN_ROLE`='0', `TRUST_EMAIL`='0', `FIRST_BROKER_LOGIN_FLOW_ID`='fa31c2f7-546d-43c6-a5d9-031d76044f82', `POST_BROKER_LOGIN_FLOW_ID`=NULL, `PROVIDER_DISPLAY_NAME`=NULL, `LINK_ONLY`='0' WHERE `INTERNAL_ID`='086e9455-dcf6-4eaf-ab87-10cbe764a87d' AND `ENABLED`='0' AND `PROVIDER_ALIAS`='baidu' AND `PROVIDER_ID`='baidu' AND `STORE_TOKEN`='0' AND `AUTHENTICATE_BY_DEFAULT`='0' AND `REALM_ID`='baishancloud' AND `ADD_TOKEN_ROLE`='0' AND `TRUST_EMAIL`='0' AND `FIRST_BROKER_LOGIN_FLOW_ID`='fa31c2f7-546d-43c6-a5d9-031d76044f82' AND `POST_BROKER_LOGIN_FLOW_ID` IS NULL AND `PROVIDER_DISPLAY_NAME` IS NULL AND `LINK_ONLY`='0' LIMIT 1; #start 6928311 end 6928726 time 2021-07-12 16:00:15
DELETE FROM `keycloak`.`IDENTITY_PROVIDER_CONFIG` WHERE `IDENTITY_PROVIDER_ID`='086e9455-dcf6-4eaf-ab87-10cbe764a87d' AND `VALUE`='zE4PE50LczscZ0T3tFkE3EFW' AND `NAME`='clientId' LIMIT 1; #start 6928311 end 6929171 time 2021-07-12 16:00:15
DELETE FROM `keycloak`.`IDENTITY_PROVIDER_CONFIG` WHERE `IDENTITY_PROVIDER_ID`='086e9455-dcf6-4eaf-ab87-10cbe764a87d' AND `VALUE`='3IAvb2W20YRj1SnezWU8Tz4T2EaGevrZ' AND `NAME`='clientSecret' LIMIT 1; #start 6928311 end 6929171 time 2021-07-12 16:00:15
DELETE FROM `keycloak`.`IDENTITY_PROVIDER_CONFIG` WHERE `IDENTITY_PROVIDER_ID`='086e9455-dcf6-4eaf-ab87-10cbe764a87d' AND `VALUE`='' AND `NAME`='disableUserInfo' LIMIT 1; #start 6928311 end 6929171 time 2021-07-12 16:00:15
DELETE FROM `keycloak`.`IDENTITY_PROVIDER_CONFIG` WHERE `IDENTITY_PROVIDER_ID`='086e9455-dcf6-4eaf-ab87-10cbe764a87d' AND `VALUE`='' AND `NAME`='hideOnLoginPage' LIMIT 1; #start 6928311 end 6929171 time 2021-07-12 16:00:15
DELETE FROM `keycloak`.`IDENTITY_PROVIDER_CONFIG` WHERE `IDENTITY_PROVIDER_ID`='086e9455-dcf6-4eaf-ab87-10cbe764a87d' AND `VALUE`='true' AND `NAME`='useJwksUrl' LIMIT 1; #start 6928311 end 6929171 time 2021-07-12 16:00:15
INSERT INTO `keycloak`.`IDENTITY_PROVIDER_CONFIG`(`IDENTITY_PROVIDER_ID`, `VALUE`, `NAME`) VALUES ('086e9455-dcf6-4eaf-ab87-10cbe764a87d', '', 'hideOnLoginPage'); #start 6928311 end 6929335 time 2021-07-12 16:00:15
INSERT INTO `keycloak`.`IDENTITY_PROVIDER_CONFIG`(`IDENTITY_PROVIDER_ID`, `VALUE`, `NAME`) VALUES ('086e9455-dcf6-4eaf-ab87-10cbe764a87d', '3IAvb2W20YRj1SnezWU8Tz4T2EaGevrZ', 'clientSecret'); #start 6928311 end 6929528 time 2021-07-12 16:00:15
INSERT INTO `keycloak`.`IDENTITY_PROVIDER_CONFIG`(`IDENTITY_PROVIDER_ID`, `VALUE`, `NAME`) VALUES ('086e9455-dcf6-4eaf-ab87-10cbe764a87d', 'zE4PE50LczscZ0T3tFkE3EFW', 'clientId'); #start 6928311 end 6929709 time 2021-07-12 16:00:15
INSERT INTO `keycloak`.`IDENTITY_PROVIDER_CONFIG`(`IDENTITY_PROVIDER_ID`, `VALUE`, `NAME`) VALUES ('086e9455-dcf6-4eaf-ab87-10cbe764a87d', '', 'disableUserInfo'); #start 6928311 end 6929873 time 2021-07-12 16:00:15
INSERT INTO `keycloak`.`IDENTITY_PROVIDER_CONFIG`(`IDENTITY_PROVIDER_ID`, `VALUE`, `NAME`) VALUES ('086e9455-dcf6-4eaf-ab87-10cbe764a87d', 'true', 'useJwksUrl'); #start 6928311 end 6930036 time 2021-07-12 16:00:15
UPDATE `keycloak`.`IDENTITY_PROVIDER` SET `INTERNAL_ID`='086e9455-dcf6-4eaf-ab87-10cbe764a87d', `ENABLED`='0', `PROVIDER_ALIAS`='baidu', `PROVIDER_ID`='baidu', `STORE_TOKEN`='0', `AUTHENTICATE_BY_DEFAULT`='0', `REALM_ID`='baishancloud', `ADD_TOKEN_ROLE`='0', `TRUST_EMAIL`='0', `FIRST_BROKER_LOGIN_FLOW_ID`='fa31c2f7-546d-43c6-a5d9-031d76044f82', `POST_BROKER_LOGIN_FLOW_ID`=NULL, `PROVIDER_DISPLAY_NAME`=NULL, `LINK_ONLY`='0' WHERE `INTERNAL_ID`='086e9455-dcf6-4eaf-ab87-10cbe764a87d' AND `ENABLED`='1' AND `PROVIDER_ALIAS`='baidu' AND `PROVIDER_ID`='baidu' AND `STORE_TOKEN`='0' AND `AUTHENTICATE_BY_DEFAULT`='0' AND `REALM_ID`='baishancloud' AND `ADD_TOKEN_ROLE`='0' AND `TRUST_EMAIL`='0' AND `FIRST_BROKER_LOGIN_FLOW_ID`='fa31c2f7-546d-43c6-a5d9-031d76044f82' AND `POST_BROKER_LOGIN_FLOW_ID` IS NULL AND `PROVIDER_DISPLAY_NAME` IS NULL AND `LINK_ONLY`='0' LIMIT 1; #start 6933867 end 6934282 time 2021-07-12 16:01:49
DELETE FROM `keycloak`.`IDENTITY_PROVIDER_CONFIG` WHERE `IDENTITY_PROVIDER_ID`='086e9455-dcf6-4eaf-ab87-10cbe764a87d' AND `VALUE`='zE4PE50LczscZ0T3tFkE3EFW' AND `NAME`='clientId' LIMIT 1; #start 6933867 end 6934727 time 2021-07-12 16:01:49
DELETE FROM `keycloak`.`IDENTITY_PROVIDER_CONFIG` WHERE `IDENTITY_PROVIDER_ID`='086e9455-dcf6-4eaf-ab87-10cbe764a87d' AND `VALUE`='3IAvb2W20YRj1SnezWU8Tz4T2EaGevrZ' AND `NAME`='clientSecret' LIMIT 1; #start 6933867 end 6934727 time 2021-07-12 16:01:49
DELETE FROM `keycloak`.`IDENTITY_PROVIDER_CONFIG` WHERE `IDENTITY_PROVIDER_ID`='086e9455-dcf6-4eaf-ab87-10cbe764a87d' AND `VALUE`='' AND `NAME`='disableUserInfo' LIMIT 1; #start 6933867 end 6934727 time 2021-07-12 16:01:49
DELETE FROM `keycloak`.`IDENTITY_PROVIDER_CONFIG` WHERE `IDENTITY_PROVIDER_ID`='086e9455-dcf6-4eaf-ab87-10cbe764a87d' AND `VALUE`='' AND `NAME`='hideOnLoginPage' LIMIT 1; #start 6933867 end 6934727 time 2021-07-12 16:01:49
DELETE FROM `keycloak`.`IDENTITY_PROVIDER_CONFIG` WHERE `IDENTITY_PROVIDER_ID`='086e9455-dcf6-4eaf-ab87-10cbe764a87d' AND `VALUE`='true' AND `NAME`='useJwksUrl' LIMIT 1; #start 6933867 end 6934727 time 2021-07-12 16:01:49
INSERT INTO `keycloak`.`IDENTITY_PROVIDER_CONFIG`(`IDENTITY_PROVIDER_ID`, `VALUE`, `NAME`) VALUES ('086e9455-dcf6-4eaf-ab87-10cbe764a87d', '', 'hideOnLoginPage'); #start 6933867 end 6934891 time 2021-07-12 16:01:49
INSERT INTO `keycloak`.`IDENTITY_PROVIDER_CONFIG`(`IDENTITY_PROVIDER_ID`, `VALUE`, `NAME`) VALUES ('086e9455-dcf6-4eaf-ab87-10cbe764a87d', '3IAvb2W20YRj1SnezWU8Tz4T2EaGevrZ', 'clientSecret'); #start 6933867 end 6935084 time 2021-07-12 16:01:49
INSERT INTO `keycloak`.`IDENTITY_PROVIDER_CONFIG`(`IDENTITY_PROVIDER_ID`, `VALUE`, `NAME`) VALUES ('086e9455-dcf6-4eaf-ab87-10cbe764a87d', 'zE4PE50LczscZ0T3tFkE3EFW', 'clientId'); #start 6933867 end 6935265 time 2021-07-12 16:01:49
INSERT INTO `keycloak`.`IDENTITY_PROVIDER_CONFIG`(`IDENTITY_PROVIDER_ID`, `VALUE`, `NAME`) VALUES ('086e9455-dcf6-4eaf-ab87-10cbe764a87d', '', 'disableUserInfo'); #start 6933867 end 6935429 time 2021-07-12 16:01:49
INSERT INTO `keycloak`.`IDENTITY_PROVIDER_CONFIG`(`IDENTITY_PROVIDER_ID`, `VALUE`, `NAME`) VALUES ('086e9455-dcf6-4eaf-ab87-10cbe764a87d', 'true', 'useJwksUrl'); #start 6933867 end 6935592 time 2021-07-12 16:01:49
INSERT INTO `keycloak`.`USER_ENTITY`(`ID`, `EMAIL`, `EMAIL_CONSTRAINT`, `EMAIL_VERIFIED`, `ENABLED`, `FEDERATION_LINK`, `FIRST_NAME`, `LAST_NAME`, `REALM_ID`, `USERNAME`, `CREATED_TIMESTAMP`, `SERVICE_ACCOUNT_CLIENT_LINK`, `NOT_BEFORE`) VALUES ('bd3dee8a-f92f-4723-a121-23aa47427ae4', NULL, '35fe3081-2629-4465-9e49-d6e203e356fd', '0', '0', NULL, NULL, NULL, 'baishancloud', 'ce@qq.com', 1626176340515, NULL, 0); #start 6949428 end 6949729 time 2021-07-13 19:39:00
INSERT INTO `keycloak`.`USER_ROLE_MAPPING`(`ROLE_ID`, `USER_ID`) VALUES ('70e82ac4-5116-46ba-a4e7-6464049d5a87', 'bd3dee8a-f92f-4723-a121-23aa47427ae4'); #start 6949428 end 6949901 time 2021-07-13 19:39:00
INSERT INTO `keycloak`.`USER_ROLE_MAPPING`(`ROLE_ID`, `USER_ID`) VALUES ('89dadc51-9dea-4340-a128-16a4d7a9786b', 'bd3dee8a-f92f-4723-a121-23aa47427ae4'); #start 6949428 end 6950073 time 2021-07-13 19:39:00
INSERT INTO `keycloak`.`USER_ROLE_MAPPING`(`ROLE_ID`, `USER_ID`) VALUES ('bb8325c4-4bac-4650-bc79-6f1dfe260167', 'bd3dee8a-f92f-4723-a121-23aa47427ae4'); #start 6949428 end 6950245 time 2021-07-13 19:39:00
INSERT INTO `keycloak`.`USER_ROLE_MAPPING`(`ROLE_ID`, `USER_ID`) VALUES ('c2831949-a58d-48af-b3db-6992c6fca946', 'bd3dee8a-f92f-4723-a121-23aa47427ae4'); #start 6949428 end 6950417 time 2021-07-13 19:39:00
UPDATE `keycloak`.`USER_ENTITY` SET `ID`='bd3dee8a-f92f-4723-a121-23aa47427ae4', `EMAIL`='ce@qq.com', `EMAIL_CONSTRAINT`='ce@qq.com', `EMAIL_VERIFIED`='0', `ENABLED`='1', `FEDERATION_LINK`=NULL, `FIRST_NAME`='cetest', `LAST_NAME`=NULL, `REALM_ID`='baishancloud', `USERNAME`='ce@qq.com', `CREATED_TIMESTAMP`=1626176340515, `SERVICE_ACCOUNT_CLIENT_LINK`=NULL, `NOT_BEFORE`=0 WHERE `ID`='bd3dee8a-f92f-4723-a121-23aa47427ae4' AND `EMAIL` IS NULL AND `EMAIL_CONSTRAINT`='35fe3081-2629-4465-9e49-d6e203e356fd' AND `EMAIL_VERIFIED`='0' AND `ENABLED`='0' AND `FEDERATION_LINK` IS NULL AND `FIRST_NAME` IS NULL AND `LAST_NAME` IS NULL AND `REALM_ID`='baishancloud' AND `USERNAME`='ce@qq.com' AND `CREATED_TIMESTAMP`=1626176340515 AND `SERVICE_ACCOUNT_CLIENT_LINK` IS NULL AND `NOT_BEFORE`=0 LIMIT 1; #start 6949428 end 6950764 time 2021-07-13 19:39:00
INSERT INTO `keycloak`.`CREDENTIAL`(`ID`, `DEVICE`, `HASH_ITERATIONS`, `SALT`, `TYPE`, `VALUE`, `USER_ID`, `CREATED_DATE`, `COUNTER`, `DIGITS`, `PERIOD`, `ALGORITHM`) VALUES ('0245eb31-e93b-4627-a476-368fcbeddb16', NULL, 27500, '6BP{K+L	?\"', 'password', 'UJXUrQm0WN/SvUPy+1UBKsC13dcpbnpBB+fwhSxtT+3QmnEyAW/XMLD1/WPvlLSoFU+Y+Q/tOenouooy2EgCfw==', 'bd3dee8a-f92f-4723-a121-23aa47427ae4', 1626176372265, 0, 0, 0, 'pbkdf2-sha256'); #start 6950852 end 6951257 time 2021-07-13 19:39:32
INSERT INTO `keycloak`.`USER_ENTITY`(`ID`, `EMAIL`, `EMAIL_CONSTRAINT`, `EMAIL_VERIFIED`, `ENABLED`, `FEDERATION_LINK`, `FIRST_NAME`, `LAST_NAME`, `REALM_ID`, `USERNAME`, `CREATED_TIMESTAMP`, `SERVICE_ACCOUNT_CLIENT_LINK`, `NOT_BEFORE`) VALUES ('0f9f8e21-c46a-4611-b5e9-b7dcc914d754', NULL, 'c693d76a-2461-4620-8b6e-cf42e42010d6', '0', '0', NULL, NULL, NULL, 'baishancloud', '11111@qq.com', 1626176409874, NULL, 0); #start 6952089 end 6952393 time 2021-07-13 19:40:09
INSERT INTO `keycloak`.`USER_ROLE_MAPPING`(`ROLE_ID`, `USER_ID`) VALUES ('70e82ac4-5116-46ba-a4e7-6464049d5a87', '0f9f8e21-c46a-4611-b5e9-b7dcc914d754'); #start 6952089 end 6952565 time 2021-07-13 19:40:09
INSERT INTO `keycloak`.`USER_ROLE_MAPPING`(`ROLE_ID`, `USER_ID`) VALUES ('89dadc51-9dea-4340-a128-16a4d7a9786b', '0f9f8e21-c46a-4611-b5e9-b7dcc914d754'); #start 6952089 end 6952737 time 2021-07-13 19:40:09
INSERT INTO `keycloak`.`USER_ROLE_MAPPING`(`ROLE_ID`, `USER_ID`) VALUES ('bb8325c4-4bac-4650-bc79-6f1dfe260167', '0f9f8e21-c46a-4611-b5e9-b7dcc914d754'); #start 6952089 end 6952909 time 2021-07-13 19:40:09
INSERT INTO `keycloak`.`USER_ROLE_MAPPING`(`ROLE_ID`, `USER_ID`) VALUES ('c2831949-a58d-48af-b3db-6992c6fca946', '0f9f8e21-c46a-4611-b5e9-b7dcc914d754'); #start 6952089 end 6953081 time 2021-07-13 19:40:09
INSERT INTO `keycloak`.`USER_ATTRIBUTE`(`NAME`, `VALUE`, `USER_ID`, `ID`) VALUES ('userType', 'partner', '0f9f8e21-c46a-4611-b5e9-b7dcc914d754', '078b0b60-2618-4310-b826-ee4ee4f9f167'); #start 6952089 end 6953274 time 2021-07-13 19:40:09
UPDATE `keycloak`.`USER_ENTITY` SET `ID`='0f9f8e21-c46a-4611-b5e9-b7dcc914d754', `EMAIL`='11111@qq.com', `EMAIL_CONSTRAINT`='11111@qq.com', `EMAIL_VERIFIED`='0', `ENABLED`='1', `FEDERATION_LINK`=NULL, `FIRST_NAME`='cessssssssssss', `LAST_NAME`=NULL, `REALM_ID`='baishancloud', `USERNAME`='11111@qq.com', `CREATED_TIMESTAMP`=1626176409874, `SERVICE_ACCOUNT_CLIENT_LINK`=NULL, `NOT_BEFORE`=0 WHERE `ID`='0f9f8e21-c46a-4611-b5e9-b7dcc914d754' AND `EMAIL` IS NULL AND `EMAIL_CONSTRAINT`='c693d76a-2461-4620-8b6e-cf42e42010d6' AND `EMAIL_VERIFIED`='0' AND `ENABLED`='0' AND `FEDERATION_LINK` IS NULL AND `FIRST_NAME` IS NULL AND `LAST_NAME` IS NULL AND `REALM_ID`='baishancloud' AND `USERNAME`='11111@qq.com' AND `CREATED_TIMESTAMP`=1626176409874 AND `SERVICE_ACCOUNT_CLIENT_LINK` IS NULL AND `NOT_BEFORE`=0 LIMIT 1; #start 6952089 end 6953641 time 2021-07-13 19:40:10
INSERT INTO `keycloak`.`CREDENTIAL`(`ID`, `DEVICE`, `HASH_ITERATIONS`, `SALT`, `TYPE`, `VALUE`, `USER_ID`, `CREATED_DATE`, `COUNTER`, `DIGITS`, `PERIOD`, `ALGORITHM`) VALUES ('42e15588-8466-4b7b-bef6-958c4741c005', NULL, 27500, 'ERi#H', 'password', 'iw3rbSHfsu3r772RCUVhyP+LdHryW3jx4c8KBZb72tApMVEPWt0gsEbgwhylFWO0irPQT6yIwmRbTa9AI+KnIw==', '0f9f8e21-c46a-4611-b5e9-b7dcc914d754', 1626176410690, 0, 0, 0, 'pbkdf2-sha256'); #start 6953729 end 6954134 time 2021-07-13 19:40:10
INSERT INTO `keycloak`.`USER_REQUIRED_ACTION`(`USER_ID`, `REQUIRED_ACTION`) VALUES ('0f9f8e21-c46a-4611-b5e9-b7dcc914d754', 'UPDATE_PASSWORD'); #start 6953729 end 6954288 time 2021-07-13 19:40:10
INSERT INTO `keycloak`.`USER_ENTITY`(`ID`, `EMAIL`, `EMAIL_CONSTRAINT`, `EMAIL_VERIFIED`, `ENABLED`, `FEDERATION_LINK`, `FIRST_NAME`, `LAST_NAME`, `REALM_ID`, `USERNAME`, `CREATED_TIMESTAMP`, `SERVICE_ACCOUNT_CLIENT_LINK`, `NOT_BEFORE`) VALUES ('81e31e1e-fdb3-4ff3-a067-454f9289a426', NULL, 'be615b0f-328f-42b1-8b72-085b08fba961', '0', '0', NULL, NULL, NULL, 'baishancloud', 'sasdsadsadsa@qqsxsads.com', 1626419268152, NULL, 0); #start 7044652 end 7044969 time 2021-07-16 15:07:48
INSERT INTO `keycloak`.`USER_ROLE_MAPPING`(`ROLE_ID`, `USER_ID`) VALUES ('70e82ac4-5116-46ba-a4e7-6464049d5a87', '81e31e1e-fdb3-4ff3-a067-454f9289a426'); #start 7044652 end 7045141 time 2021-07-16 15:07:48
INSERT INTO `keycloak`.`USER_ROLE_MAPPING`(`ROLE_ID`, `USER_ID`) VALUES ('89dadc51-9dea-4340-a128-16a4d7a9786b', '81e31e1e-fdb3-4ff3-a067-454f9289a426'); #start 7044652 end 7045313 time 2021-07-16 15:07:48
INSERT INTO `keycloak`.`USER_ROLE_MAPPING`(`ROLE_ID`, `USER_ID`) VALUES ('bb8325c4-4bac-4650-bc79-6f1dfe260167', '81e31e1e-fdb3-4ff3-a067-454f9289a426'); #start 7044652 end 7045485 time 2021-07-16 15:07:48
INSERT INTO `keycloak`.`USER_ROLE_MAPPING`(`ROLE_ID`, `USER_ID`) VALUES ('c2831949-a58d-48af-b3db-6992c6fca946', '81e31e1e-fdb3-4ff3-a067-454f9289a426'); #start 7044652 end 7045657 time 2021-07-16 15:07:48
INSERT INTO `keycloak`.`USER_ATTRIBUTE`(`NAME`, `VALUE`, `USER_ID`, `ID`) VALUES ('userType', 'partner', '81e31e1e-fdb3-4ff3-a067-454f9289a426', '9797c701-1dd2-477f-a3cd-647fb0ce4461'); #start 7044652 end 7045850 time 2021-07-16 15:07:48
UPDATE `keycloak`.`USER_ENTITY` SET `ID`='81e31e1e-fdb3-4ff3-a067-454f9289a426', `EMAIL`='sasdsadsadsa@qqsxsads.com', `EMAIL_CONSTRAINT`='sasdsadsadsa@qqsxsads.com', `EMAIL_VERIFIED`='0', `ENABLED`='1', `FEDERATION_LINK`=NULL, `FIRST_NAME`='dsadsafdsafdssadad', `LAST_NAME`=NULL, `REALM_ID`='baishancloud', `USERNAME`='sasdsadsadsa@qqsxsads.com', `CREATED_TIMESTAMP`=1626419268152, `SERVICE_ACCOUNT_CLIENT_LINK`=NULL, `NOT_BEFORE`=0 WHERE `ID`='81e31e1e-fdb3-4ff3-a067-454f9289a426' AND `EMAIL` IS NULL AND `EMAIL_CONSTRAINT`='be615b0f-328f-42b1-8b72-085b08fba961' AND `EMAIL_VERIFIED`='0' AND `ENABLED`='0' AND `FEDERATION_LINK` IS NULL AND `FIRST_NAME` IS NULL AND `LAST_NAME` IS NULL AND `REALM_ID`='baishancloud' AND `USERNAME`='sasdsadsadsa@qqsxsads.com' AND `CREATED_TIMESTAMP`=1626419268152 AND `SERVICE_ACCOUNT_CLIENT_LINK` IS NULL AND `NOT_BEFORE`=0 LIMIT 1; #start 7044652 end 7046273 time 2021-07-16 15:07:48
INSERT INTO `keycloak`.`CREDENTIAL`(`ID`, `DEVICE`, `HASH_ITERATIONS`, `SALT`, `TYPE`, `VALUE`, `USER_ID`, `CREATED_DATE`, `COUNTER`, `DIGITS`, `PERIOD`, `ALGORITHM`) VALUES ('a4d9dbab-657d-4bf6-be76-be8be7df7bae', NULL, 27500, ')/C8', 'password', 'Xs3Kbuy5bEv5PBJXmvXt6TDnqImgoQvsExQ/Q7+CjRh4DB7bDQzqKrO1WWsT2lm+05H02RmCkMDO/0FLKGNGUQ==', '81e31e1e-fdb3-4ff3-a067-454f9289a426', 1626419268908, 0, 0, 0, 'pbkdf2-sha256'); #start 7046361 end 7046766 time 2021-07-16 15:07:49
INSERT INTO `keycloak`.`USER_REQUIRED_ACTION`(`USER_ID`, `REQUIRED_ACTION`) VALUES ('81e31e1e-fdb3-4ff3-a067-454f9289a426', 'UPDATE_PASSWORD'); #start 7046361 end 7046920 time 2021-07-16 15:07:49
UPDATE `keycloak`.`USER_ENTITY` SET `ID`='bd3dee8a-f92f-4723-a121-23aa47427ae4', `EMAIL`='ce@qq.com', `EMAIL_CONSTRAINT`='ce@qq.com', `EMAIL_VERIFIED`='0', `ENABLED`='0', `FEDERATION_LINK`=NULL, `FIRST_NAME`='cetest', `LAST_NAME`=NULL, `REALM_ID`='baishancloud', `USERNAME`='ce@qq.com', `CREATED_TIMESTAMP`=1626176340515, `SERVICE_ACCOUNT_CLIENT_LINK`=NULL, `NOT_BEFORE`=0 WHERE `ID`='bd3dee8a-f92f-4723-a121-23aa47427ae4' AND `EMAIL`='ce@qq.com' AND `EMAIL_CONSTRAINT`='ce@qq.com' AND `EMAIL_VERIFIED`='0' AND `ENABLED`='1' AND `FEDERATION_LINK` IS NULL AND `FIRST_NAME`='cetest' AND `LAST_NAME` IS NULL AND `REALM_ID`='baishancloud' AND `USERNAME`='ce@qq.com' AND `CREATED_TIMESTAMP`=1626176340515 AND `SERVICE_ACCOUNT_CLIENT_LINK` IS NULL AND `NOT_BEFORE`=0 LIMIT 1; #start 7047824 end 7048227 time 2021-07-16 15:24:32
UPDATE `keycloak`.`USER_ENTITY` SET `ID`='bd3dee8a-f92f-4723-a121-23aa47427ae4', `EMAIL`='ce@qq.com', `EMAIL_CONSTRAINT`='ce@qq.com', `EMAIL_VERIFIED`='0', `ENABLED`='1', `FEDERATION_LINK`=NULL, `FIRST_NAME`='cetest', `LAST_NAME`=NULL, `REALM_ID`='baishancloud', `USERNAME`='ce@qq.com', `CREATED_TIMESTAMP`=1626176340515, `SERVICE_ACCOUNT_CLIENT_LINK`=NULL, `NOT_BEFORE`=0 WHERE `ID`='bd3dee8a-f92f-4723-a121-23aa47427ae4' AND `EMAIL`='ce@qq.com' AND `EMAIL_CONSTRAINT`='ce@qq.com' AND `EMAIL_VERIFIED`='0' AND `ENABLED`='0' AND `FEDERATION_LINK` IS NULL AND `FIRST_NAME`='cetest' AND `LAST_NAME` IS NULL AND `REALM_ID`='baishancloud' AND `USERNAME`='ce@qq.com' AND `CREATED_TIMESTAMP`=1626176340515 AND `SERVICE_ACCOUNT_CLIENT_LINK` IS NULL AND `NOT_BEFORE`=0 LIMIT 1; #start 7048807 end 7049210 time 2021-07-16 15:24:34
INSERT INTO `keycloak`.`USER_ENTITY`(`ID`, `EMAIL`, `EMAIL_CONSTRAINT`, `EMAIL_VERIFIED`, `ENABLED`, `FEDERATION_LINK`, `FIRST_NAME`, `LAST_NAME`, `REALM_ID`, `USERNAME`, `CREATED_TIMESTAMP`, `SERVICE_ACCOUNT_CLIENT_LINK`, `NOT_BEFORE`) VALUES ('095cca90-0a1b-4720-987f-752a48bd2f11', NULL, 'cc779225-d0f7-4e78-8947-91c38f9d6816', '0', '0', NULL, NULL, NULL, 'baishancloud', '1111111@qqs.com', 1626428361447, NULL, 0); #start 7070673 end 7070980 time 2021-07-16 17:39:21
INSERT INTO `keycloak`.`USER_ROLE_MAPPING`(`ROLE_ID`, `USER_ID`) VALUES ('70e82ac4-5116-46ba-a4e7-6464049d5a87', '095cca90-0a1b-4720-987f-752a48bd2f11'); #start 7070673 end 7071152 time 2021-07-16 17:39:21
INSERT INTO `keycloak`.`USER_ROLE_MAPPING`(`ROLE_ID`, `USER_ID`) VALUES ('89dadc51-9dea-4340-a128-16a4d7a9786b', '095cca90-0a1b-4720-987f-752a48bd2f11'); #start 7070673 end 7071324 time 2021-07-16 17:39:21
INSERT INTO `keycloak`.`USER_ROLE_MAPPING`(`ROLE_ID`, `USER_ID`) VALUES ('bb8325c4-4bac-4650-bc79-6f1dfe260167', '095cca90-0a1b-4720-987f-752a48bd2f11'); #start 7070673 end 7071496 time 2021-07-16 17:39:21
INSERT INTO `keycloak`.`USER_ROLE_MAPPING`(`ROLE_ID`, `USER_ID`) VALUES ('c2831949-a58d-48af-b3db-6992c6fca946', '095cca90-0a1b-4720-987f-752a48bd2f11'); #start 7070673 end 7071668 time 2021-07-16 17:39:21
INSERT INTO `keycloak`.`USER_ATTRIBUTE`(`NAME`, `VALUE`, `USER_ID`, `ID`) VALUES ('userType', 'partner', '095cca90-0a1b-4720-987f-752a48bd2f11', 'f5371407-2b33-4622-9b0a-88c7c8709de9'); #start 7070673 end 7071861 time 2021-07-16 17:39:21
UPDATE `keycloak`.`USER_ENTITY` SET `ID`='095cca90-0a1b-4720-987f-752a48bd2f11', `EMAIL`='1111111@qqs.com', `EMAIL_CONSTRAINT`='1111111@qqs.com', `EMAIL_VERIFIED`='0', `ENABLED`='1', `FEDERATION_LINK`=NULL, `FIRST_NAME`='dsadsafdsafdssadad', `LAST_NAME`=NULL, `REALM_ID`='baishancloud', `USERNAME`='1111111@qqs.com', `CREATED_TIMESTAMP`=1626428361447, `SERVICE_ACCOUNT_CLIENT_LINK`=NULL, `NOT_BEFORE`=0 WHERE `ID`='095cca90-0a1b-4720-987f-752a48bd2f11' AND `EMAIL` IS NULL AND `EMAIL_CONSTRAINT`='cc779225-d0f7-4e78-8947-91c38f9d6816' AND `EMAIL_VERIFIED`='0' AND `ENABLED`='0' AND `FEDERATION_LINK` IS NULL AND `FIRST_NAME` IS NULL AND `LAST_NAME` IS NULL AND `REALM_ID`='baishancloud' AND `USERNAME`='1111111@qqs.com' AND `CREATED_TIMESTAMP`=1626428361447 AND `SERVICE_ACCOUNT_CLIENT_LINK` IS NULL AND `NOT_BEFORE`=0 LIMIT 1; #start 7070673 end 7072244 time 2021-07-16 17:39:21
INSERT INTO `keycloak`.`CREDENTIAL`(`ID`, `DEVICE`, `HASH_ITERATIONS`, `SALT`, `TYPE`, `VALUE`, `USER_ID`, `CREATED_DATE`, `COUNTER`, `DIGITS`, `PERIOD`, `ALGORITHM`) VALUES ('c2568fdf-b2e6-4f65-bed3-d0483dc5607f', NULL, 27500, '|.D	ӳ<', 'password', '9aEjzLcUSu/iuHRnC9PMCT3ORgswHeAI2IzZoCsW+l1CrsomKKg3aHtntQJbe+9a6V/gaP3UX8CDtaOzrL5KSw==', '095cca90-0a1b-4720-987f-752a48bd2f11', 1626428362244, 0, 0, 0, 'pbkdf2-sha256'); #start 7072332 end 7072737 time 2021-07-16 17:39:22
INSERT INTO `keycloak`.`USER_REQUIRED_ACTION`(`USER_ID`, `REQUIRED_ACTION`) VALUES ('095cca90-0a1b-4720-987f-752a48bd2f11', 'UPDATE_PASSWORD'); #start 7072332 end 7072891 time 2021-07-16 17:39:22
INSERT INTO `keycloak`.`USER_ENTITY`(`ID`, `EMAIL`, `EMAIL_CONSTRAINT`, `EMAIL_VERIFIED`, `ENABLED`, `FEDERATION_LINK`, `FIRST_NAME`, `LAST_NAME`, `REALM_ID`, `USERNAME`, `CREATED_TIMESTAMP`, `SERVICE_ACCOUNT_CLIENT_LINK`, `NOT_BEFORE`) VALUES ('dcb5a0e5-a2db-4fe7-b2e6-ed6164721229', NULL, 'f07082d8-a292-496b-aa29-3b91e95eb75e', '0', '0', NULL, NULL, NULL, 'baishancloud', 'songtian.yuan@baishan.com', 1626749749863, NULL, 0); #start 7080943 end 7081260 time 2021-07-20 10:55:49
INSERT INTO `keycloak`.`USER_ROLE_MAPPING`(`ROLE_ID`, `USER_ID`) VALUES ('70e82ac4-5116-46ba-a4e7-6464049d5a87', 'dcb5a0e5-a2db-4fe7-b2e6-ed6164721229'); #start 7080943 end 7081432 time 2021-07-20 10:55:49
INSERT INTO `keycloak`.`USER_ROLE_MAPPING`(`ROLE_ID`, `USER_ID`) VALUES ('89dadc51-9dea-4340-a128-16a4d7a9786b', 'dcb5a0e5-a2db-4fe7-b2e6-ed6164721229'); #start 7080943 end 7081604 time 2021-07-20 10:55:49
INSERT INTO `keycloak`.`USER_ROLE_MAPPING`(`ROLE_ID`, `USER_ID`) VALUES ('bb8325c4-4bac-4650-bc79-6f1dfe260167', 'dcb5a0e5-a2db-4fe7-b2e6-ed6164721229'); #start 7080943 end 7081776 time 2021-07-20 10:55:49
INSERT INTO `keycloak`.`USER_ROLE_MAPPING`(`ROLE_ID`, `USER_ID`) VALUES ('c2831949-a58d-48af-b3db-6992c6fca946', 'dcb5a0e5-a2db-4fe7-b2e6-ed6164721229'); #start 7080943 end 7081948 time 2021-07-20 10:55:49
UPDATE `keycloak`.`USER_ENTITY` SET `ID`='dcb5a0e5-a2db-4fe7-b2e6-ed6164721229', `EMAIL`='songtian.yuan@baishan.com', `EMAIL_CONSTRAINT`='songtian.yuan@baishan.com', `EMAIL_VERIFIED`='0', `ENABLED`='1', `FEDERATION_LINK`=NULL, `FIRST_NAME`='袁松田', `LAST_NAME`=NULL, `REALM_ID`='baishancloud', `USERNAME`='songtian.yuan@baishan.com', `CREATED_TIMESTAMP`=1626749749863, `SERVICE_ACCOUNT_CLIENT_LINK`=NULL, `NOT_BEFORE`=0 WHERE `ID`='dcb5a0e5-a2db-4fe7-b2e6-ed6164721229' AND `EMAIL` IS NULL AND `EMAIL_CONSTRAINT`='f07082d8-a292-496b-aa29-3b91e95eb75e' AND `EMAIL_VERIFIED`='0' AND `ENABLED`='0' AND `FEDERATION_LINK` IS NULL AND `FIRST_NAME` IS NULL AND `LAST_NAME` IS NULL AND `REALM_ID`='baishancloud' AND `USERNAME`='songtian.yuan@baishan.com' AND `CREATED_TIMESTAMP`=1626749749863 AND `SERVICE_ACCOUNT_CLIENT_LINK` IS NULL AND `NOT_BEFORE`=0 LIMIT 1; #start 7080943 end 7082362 time 2021-07-20 10:55:49
INSERT INTO `keycloak`.`CREDENTIAL`(`ID`, `DEVICE`, `HASH_ITERATIONS`, `SALT`, `TYPE`, `VALUE`, `USER_ID`, `CREATED_DATE`, `COUNTER`, `DIGITS`, `PERIOD`, `ALGORITHM`) VALUES ('f4c4c9f0-e3d3-4cf7-9f80-53d454566e0a', NULL, 27500, '>!]$n>&', 'password', 'U/jjD8k7yMAgozt6o5oF1NjOosVkz9TUuCDQZVyR1JX11KGUAKB4BGm15kVWMVwFkkbWXuGlnGRamcJ5UT1wJg==', 'dcb5a0e5-a2db-4fe7-b2e6-ed6164721229', 1626749750648, 0, 0, 0, 'pbkdf2-sha256'); #start 7082450 end 7082855 time 2021-07-20 10:55:50
INSERT INTO `keycloak`.`USER_ENTITY`(`ID`, `EMAIL`, `EMAIL_CONSTRAINT`, `EMAIL_VERIFIED`, `ENABLED`, `FEDERATION_LINK`, `FIRST_NAME`, `LAST_NAME`, `REALM_ID`, `USERNAME`, `CREATED_TIMESTAMP`, `SERVICE_ACCOUNT_CLIENT_LINK`, `NOT_BEFORE`) VALUES ('4faff277-0430-4861-a407-3c80f29a052b', NULL, 'd3add67b-963f-4e3d-aa18-5535655ee8ae', '0', '0', NULL, NULL, NULL, 'baishancloud', 'testopenapi@baishan.com', 1627026249199, NULL, 0); #start 7354799 end 7355114 time 2021-07-23 15:44:09
INSERT INTO `keycloak`.`USER_ROLE_MAPPING`(`ROLE_ID`, `USER_ID`) VALUES ('70e82ac4-5116-46ba-a4e7-6464049d5a87', '4faff277-0430-4861-a407-3c80f29a052b'); #start 7354799 end 7355286 time 2021-07-23 15:44:09
INSERT INTO `keycloak`.`USER_ROLE_MAPPING`(`ROLE_ID`, `USER_ID`) VALUES ('89dadc51-9dea-4340-a128-16a4d7a9786b', '4faff277-0430-4861-a407-3c80f29a052b'); #start 7354799 end 7355458 time 2021-07-23 15:44:09
INSERT INTO `keycloak`.`USER_ROLE_MAPPING`(`ROLE_ID`, `USER_ID`) VALUES ('bb8325c4-4bac-4650-bc79-6f1dfe260167', '4faff277-0430-4861-a407-3c80f29a052b'); #start 7354799 end 7355630 time 2021-07-23 15:44:09
INSERT INTO `keycloak`.`USER_ROLE_MAPPING`(`ROLE_ID`, `USER_ID`) VALUES ('c2831949-a58d-48af-b3db-6992c6fca946', '4faff277-0430-4861-a407-3c80f29a052b'); #start 7354799 end 7355802 time 2021-07-23 15:44:09
UPDATE `keycloak`.`USER_ENTITY` SET `ID`='4faff277-0430-4861-a407-3c80f29a052b', `EMAIL`='testopenapi@baishan.com', `EMAIL_CONSTRAINT`='testopenapi@baishan.com', `EMAIL_VERIFIED`='0', `ENABLED`='1', `FEDERATION_LINK`=NULL, `FIRST_NAME`='testopenapi', `LAST_NAME`=NULL, `REALM_ID`='baishancloud', `USERNAME`='testopenapi@baishan.com', `CREATED_TIMESTAMP`=1627026249199, `SERVICE_ACCOUNT_CLIENT_LINK`=NULL, `NOT_BEFORE`=0 WHERE `ID`='4faff277-0430-4861-a407-3c80f29a052b' AND `EMAIL` IS NULL AND `EMAIL_CONSTRAINT`='d3add67b-963f-4e3d-aa18-5535655ee8ae' AND `EMAIL_VERIFIED`='0' AND `ENABLED`='0' AND `FEDERATION_LINK` IS NULL AND `FIRST_NAME` IS NULL AND `LAST_NAME` IS NULL AND `REALM_ID`='baishancloud' AND `USERNAME`='testopenapi@baishan.com' AND `CREATED_TIMESTAMP`=1627026249199 AND `SERVICE_ACCOUNT_CLIENT_LINK` IS NULL AND `NOT_BEFORE`=0 LIMIT 1; #start 7354799 end 7356210 time 2021-07-23 15:44:09
INSERT INTO `keycloak`.`USER_ENTITY`(`ID`, `EMAIL`, `EMAIL_CONSTRAINT`, `EMAIL_VERIFIED`, `ENABLED`, `FEDERATION_LINK`, `FIRST_NAME`, `LAST_NAME`, `REALM_ID`, `USERNAME`, `CREATED_TIMESTAMP`, `SERVICE_ACCOUNT_CLIENT_LINK`, `NOT_BEFORE`) VALUES ('8795fae0-3bc9-43b6-bc8d-5f6320c5c0fc', NULL, 'f8243406-50c7-4007-9ccf-0a2e13adf6fe', '0', '0', NULL, NULL, NULL, 'baishancloud', 'partneropenapi@baishan.com', 1627026389357, NULL, 0); #start 7356298 end 7356616 time 2021-07-23 15:46:29
INSERT INTO `keycloak`.`USER_ROLE_MAPPING`(`ROLE_ID`, `USER_ID`) VALUES ('70e82ac4-5116-46ba-a4e7-6464049d5a87', '8795fae0-3bc9-43b6-bc8d-5f6320c5c0fc'); #start 7356298 end 7356788 time 2021-07-23 15:46:29
INSERT INTO `keycloak`.`USER_ROLE_MAPPING`(`ROLE_ID`, `USER_ID`) VALUES ('89dadc51-9dea-4340-a128-16a4d7a9786b', '8795fae0-3bc9-43b6-bc8d-5f6320c5c0fc'); #start 7356298 end 7356960 time 2021-07-23 15:46:29
INSERT INTO `keycloak`.`USER_ROLE_MAPPING`(`ROLE_ID`, `USER_ID`) VALUES ('bb8325c4-4bac-4650-bc79-6f1dfe260167', '8795fae0-3bc9-43b6-bc8d-5f6320c5c0fc'); #start 7356298 end 7357132 time 2021-07-23 15:46:29
INSERT INTO `keycloak`.`USER_ROLE_MAPPING`(`ROLE_ID`, `USER_ID`) VALUES ('c2831949-a58d-48af-b3db-6992c6fca946', '8795fae0-3bc9-43b6-bc8d-5f6320c5c0fc'); #start 7356298 end 7357304 time 2021-07-23 15:46:29
INSERT INTO `keycloak`.`USER_ATTRIBUTE`(`NAME`, `VALUE`, `USER_ID`, `ID`) VALUES ('userType', 'partner', '8795fae0-3bc9-43b6-bc8d-5f6320c5c0fc', 'ac0b769b-c751-4360-bf32-de598e070b76'); #start 7356298 end 7357497 time 2021-07-23 15:46:29
UPDATE `keycloak`.`USER_ENTITY` SET `ID`='8795fae0-3bc9-43b6-bc8d-5f6320c5c0fc', `EMAIL`='partneropenapi@baishan.com', `EMAIL_CONSTRAINT`='partneropenapi@baishan.com', `EMAIL_VERIFIED`='0', `ENABLED`='1', `FEDERATION_LINK`=NULL, `FIRST_NAME`='partneropenapi', `LAST_NAME`=NULL, `REALM_ID`='baishancloud', `USERNAME`='partneropenapi@baishan.com', `CREATED_TIMESTAMP`=1627026389357, `SERVICE_ACCOUNT_CLIENT_LINK`=NULL, `NOT_BEFORE`=0 WHERE `ID`='8795fae0-3bc9-43b6-bc8d-5f6320c5c0fc' AND `EMAIL` IS NULL AND `EMAIL_CONSTRAINT`='f8243406-50c7-4007-9ccf-0a2e13adf6fe' AND `EMAIL_VERIFIED`='0' AND `ENABLED`='0' AND `FEDERATION_LINK` IS NULL AND `FIRST_NAME` IS NULL AND `LAST_NAME` IS NULL AND `REALM_ID`='baishancloud' AND `USERNAME`='partneropenapi@baishan.com' AND `CREATED_TIMESTAMP`=1627026389357 AND `SERVICE_ACCOUNT_CLIENT_LINK` IS NULL AND `NOT_BEFORE`=0 LIMIT 1; #start 7356298 end 7357920 time 2021-07-23 15:46:29
INSERT INTO `keycloak`.`CREDENTIAL`(`ID`, `DEVICE`, `HASH_ITERATIONS`, `SALT`, `TYPE`, `VALUE`, `USER_ID`, `CREATED_DATE`, `COUNTER`, `DIGITS`, `PERIOD`, `ALGORITHM`) VALUES ('8389e063-7027-4d5f-9f62-a76505fc5dfc', NULL, 27500, 'zcx@:#37\\', 'password', '/6p1+8SZZfcXbkXScyjOPy1POVxZjOF6DFG+fs5KrMHYeyULiMflQQN1heB7PdmBVvfHDkHrLskgBbK71OYukg==', '8795fae0-3bc9-43b6-bc8d-5f6320c5c0fc', 1627026390514, 0, 0, 0, 'pbkdf2-sha256'); #start 7358008 end 7358413 time 2021-07-23 15:46:30
INSERT INTO `keycloak`.`USER_REQUIRED_ACTION`(`USER_ID`, `REQUIRED_ACTION`) VALUES ('8795fae0-3bc9-43b6-bc8d-5f6320c5c0fc', 'UPDATE_PASSWORD'); #start 7358008 end 7358567 time 2021-07-23 15:46:30
INSERT INTO `keycloak`.`USER_ENTITY`(`ID`, `EMAIL`, `EMAIL_CONSTRAINT`, `EMAIL_VERIFIED`, `ENABLED`, `FEDERATION_LINK`, `FIRST_NAME`, `LAST_NAME`, `REALM_ID`, `USERNAME`, `CREATED_TIMESTAMP`, `SERVICE_ACCOUNT_CLIENT_LINK`, `NOT_BEFORE`) VALUES ('9af1034f-cc7d-4e81-af6d-b930b853063c', NULL, 'd971eeda-2c9b-40bf-b9d7-f2872e3b8a3e', '0', '0', NULL, NULL, NULL, 'baishancloud', 'zhaoqian.niu@baishan.com', 1627285004120, NULL, 0); #start 7709236 end 7709552 time 2021-07-26 15:36:44
INSERT INTO `keycloak`.`USER_ROLE_MAPPING`(`ROLE_ID`, `USER_ID`) VALUES ('70e82ac4-5116-46ba-a4e7-6464049d5a87', '9af1034f-cc7d-4e81-af6d-b930b853063c'); #start 7709236 end 7709724 time 2021-07-26 15:36:44
INSERT INTO `keycloak`.`USER_ROLE_MAPPING`(`ROLE_ID`, `USER_ID`) VALUES ('89dadc51-9dea-4340-a128-16a4d7a9786b', '9af1034f-cc7d-4e81-af6d-b930b853063c'); #start 7709236 end 7709896 time 2021-07-26 15:36:44
INSERT INTO `keycloak`.`USER_ROLE_MAPPING`(`ROLE_ID`, `USER_ID`) VALUES ('bb8325c4-4bac-4650-bc79-6f1dfe260167', '9af1034f-cc7d-4e81-af6d-b930b853063c'); #start 7709236 end 7710068 time 2021-07-26 15:36:44
INSERT INTO `keycloak`.`USER_ROLE_MAPPING`(`ROLE_ID`, `USER_ID`) VALUES ('c2831949-a58d-48af-b3db-6992c6fca946', '9af1034f-cc7d-4e81-af6d-b930b853063c'); #start 7709236 end 7710240 time 2021-07-26 15:36:44
UPDATE `keycloak`.`USER_ENTITY` SET `ID`='9af1034f-cc7d-4e81-af6d-b930b853063c', `EMAIL`='zhaoqian.niu@baishan.com', `EMAIL_CONSTRAINT`='zhaoqian.niu@baishan.com', `EMAIL_VERIFIED`='0', `ENABLED`='1', `FEDERATION_LINK`=NULL, `FIRST_NAME`='zhaoqian', `LAST_NAME`=NULL, `REALM_ID`='baishancloud', `USERNAME`='zhaoqian.niu@baishan.com', `CREATED_TIMESTAMP`=1627285004120, `SERVICE_ACCOUNT_CLIENT_LINK`=NULL, `NOT_BEFORE`=0 WHERE `ID`='9af1034f-cc7d-4e81-af6d-b930b853063c' AND `EMAIL` IS NULL AND `EMAIL_CONSTRAINT`='d971eeda-2c9b-40bf-b9d7-f2872e3b8a3e' AND `EMAIL_VERIFIED`='0' AND `ENABLED`='0' AND `FEDERATION_LINK` IS NULL AND `FIRST_NAME` IS NULL AND `LAST_NAME` IS NULL AND `REALM_ID`='baishancloud' AND `USERNAME`='zhaoqian.niu@baishan.com' AND `CREATED_TIMESTAMP`=1627285004120 AND `SERVICE_ACCOUNT_CLIENT_LINK` IS NULL AND `NOT_BEFORE`=0 LIMIT 1; #start 7709236 end 7710649 time 2021-07-26 15:36:44
INSERT INTO `keycloak`.`CREDENTIAL`(`ID`, `DEVICE`, `HASH_ITERATIONS`, `SALT`, `TYPE`, `VALUE`, `USER_ID`, `CREATED_DATE`, `COUNTER`, `DIGITS`, `PERIOD`, `ALGORITHM`) VALUES ('5126d8d6-f13e-4274-9caf-d9c2a0edfc62', NULL, 27500, 'D+G6', 'password', 'AERe+Vhid2Q87KVUBodMjeVl8dJqQsvydH9KJVQxu4vvn2aWJa3LBLLsxvUYOnRM179Qm/k8nhOJuckyBLfeTQ==', '9af1034f-cc7d-4e81-af6d-b930b853063c', 1627285004929, 0, 0, 0, 'pbkdf2-sha256'); #start 7710737 end 7711142 time 2021-07-26 15:36:45
INSERT INTO `keycloak`.`USER_ATTRIBUTE`(`NAME`, `VALUE`, `USER_ID`, `ID`) VALUES ('locale', 'zh-CN', '9af1034f-cc7d-4e81-af6d-b930b853063c', 'cd2d41b1-d37b-4813-8a40-1cb63e0d1247'); #start 7868132 end 7868385 time 2021-07-27 16:04:48
INSERT INTO `keycloak`.`USER_ENTITY`(`ID`, `EMAIL`, `EMAIL_CONSTRAINT`, `EMAIL_VERIFIED`, `ENABLED`, `FEDERATION_LINK`, `FIRST_NAME`, `LAST_NAME`, `REALM_ID`, `USERNAME`, `CREATED_TIMESTAMP`, `SERVICE_ACCOUNT_CLIENT_LINK`, `NOT_BEFORE`) VALUES ('113ce30f-abca-44a3-953e-29ef07acfc8a', NULL, '0ddb1f5c-7c50-4ed5-aab8-e36ba26bf7d7', '0', '0', NULL, NULL, NULL, 'baishancloud', 'songtian@test.com', 1627374742355, NULL, 0); #start 7868473 end 7868782 time 2021-07-27 16:32:22
INSERT INTO `keycloak`.`USER_ROLE_MAPPING`(`ROLE_ID`, `USER_ID`) VALUES ('70e82ac4-5116-46ba-a4e7-6464049d5a87', '113ce30f-abca-44a3-953e-29ef07acfc8a'); #start 7868473 end 7868954 time 2021-07-27 16:32:22
INSERT INTO `keycloak`.`USER_ROLE_MAPPING`(`ROLE_ID`, `USER_ID`) VALUES ('89dadc51-9dea-4340-a128-16a4d7a9786b', '113ce30f-abca-44a3-953e-29ef07acfc8a'); #start 7868473 end 7869126 time 2021-07-27 16:32:22
INSERT INTO `keycloak`.`USER_ROLE_MAPPING`(`ROLE_ID`, `USER_ID`) VALUES ('bb8325c4-4bac-4650-bc79-6f1dfe260167', '113ce30f-abca-44a3-953e-29ef07acfc8a'); #start 7868473 end 7869298 time 2021-07-27 16:32:22
INSERT INTO `keycloak`.`USER_ROLE_MAPPING`(`ROLE_ID`, `USER_ID`) VALUES ('c2831949-a58d-48af-b3db-6992c6fca946', '113ce30f-abca-44a3-953e-29ef07acfc8a'); #start 7868473 end 7869470 time 2021-07-27 16:32:22
UPDATE `keycloak`.`USER_ENTITY` SET `ID`='113ce30f-abca-44a3-953e-29ef07acfc8a', `EMAIL`='songtian@test.com', `EMAIL_CONSTRAINT`='songtian@test.com', `EMAIL_VERIFIED`='0', `ENABLED`='1', `FEDERATION_LINK`=NULL, `FIRST_NAME`='袁松田0604xxx', `LAST_NAME`=NULL, `REALM_ID`='baishancloud', `USERNAME`='songtian@test.com', `CREATED_TIMESTAMP`=1627374742355, `SERVICE_ACCOUNT_CLIENT_LINK`=NULL, `NOT_BEFORE`=0 WHERE `ID`='113ce30f-abca-44a3-953e-29ef07acfc8a' AND `EMAIL` IS NULL AND `EMAIL_CONSTRAINT`='0ddb1f5c-7c50-4ed5-aab8-e36ba26bf7d7' AND `EMAIL_VERIFIED`='0' AND `ENABLED`='0' AND `FEDERATION_LINK` IS NULL AND `FIRST_NAME` IS NULL AND `LAST_NAME` IS NULL AND `REALM_ID`='baishancloud' AND `USERNAME`='songtian@test.com' AND `CREATED_TIMESTAMP`=1627374742355 AND `SERVICE_ACCOUNT_CLIENT_LINK` IS NULL AND `NOT_BEFORE`=0 LIMIT 1; #start 7868473 end 7869859 time 2021-07-27 16:32:22
INSERT INTO `keycloak`.`CREDENTIAL`(`ID`, `DEVICE`, `HASH_ITERATIONS`, `SALT`, `TYPE`, `VALUE`, `USER_ID`, `CREATED_DATE`, `COUNTER`, `DIGITS`, `PERIOD`, `ALGORITHM`) VALUES ('04f892cd-fcc4-4621-b86f-e99daf689ef8', NULL, 27500, 'vBv4[=\r6', 'password', 'EmeckoFbVjJqrXaI5O4c56BKZni1VS0YCQapyIvZQfUnK0DLuSBh73+Zjccz0RrTLO/KY6UI+wg57ipU1E4X/A==', '113ce30f-abca-44a3-953e-29ef07acfc8a', 1627374743642, 0, 0, 0, 'pbkdf2-sha256'); #start 7869947 end 7870352 time 2021-07-27 16:32:23
INSERT INTO `keycloak`.`AUTHENTICATION_FLOW`(`ID`, `ALIAS`, `DESCRIPTION`, `REALM_ID`, `PROVIDER_ID`, `TOP_LEVEL`, `BUILT_IN`) VALUES ('72c8a273-d657-4cae-b2b5-43cd36da101c', 'des password', '', 'baishanone', 'basic-flow', '1', '0'); #start 8287742 end 8287997 time 2021-08-02 14:57:43
INSERT INTO `keycloak`.`AUTHENTICATION_EXECUTION`(`ID`, `ALIAS`, `AUTHENTICATOR`, `REALM_ID`, `FLOW_ID`, `REQUIREMENT`, `PRIORITY`, `AUTHENTICATOR_FLOW`, `AUTH_FLOW_ID`, `AUTH_CONFIG`) VALUES ('b765b792-6b67-43e1-940a-9d92a3d20e3d', NULL, 'console-username-password', 'baishanone', '72c8a273-d657-4cae-b2b5-43cd36da101c', 3, 0, '0', NULL, NULL); #start 8288085 end 8288396 time 2021-08-02 15:03:37
DELETE FROM `keycloak`.`AUTHENTICATION_EXECUTION` WHERE `ID`='b765b792-6b67-43e1-940a-9d92a3d20e3d' AND `ALIAS` IS NULL AND `AUTHENTICATOR`='console-username-password' AND `REALM_ID`='baishanone' AND `FLOW_ID`='72c8a273-d657-4cae-b2b5-43cd36da101c' AND `REQUIREMENT`=3 AND `PRIORITY`=0 AND `AUTHENTICATOR_FLOW`='0' AND `AUTH_FLOW_ID` IS NULL AND `AUTH_CONFIG` IS NULL LIMIT 1; #start 8288484 end 8288795 time 2021-08-02 15:03:54
DELETE FROM `keycloak`.`AUTHENTICATION_FLOW` WHERE `ID`='72c8a273-d657-4cae-b2b5-43cd36da101c' AND `ALIAS`='des password' AND `DESCRIPTION`='' AND `REALM_ID`='baishanone' AND `PROVIDER_ID`='basic-flow' AND `TOP_LEVEL`='1' AND `BUILT_IN`='0' LIMIT 1; #start 8291369 end 8291624 time 2021-08-02 15:04:36
INSERT INTO `keycloak`.`AUTHENTICATION_FLOW`(`ID`, `ALIAS`, `DESCRIPTION`, `REALM_ID`, `PROVIDER_ID`, `TOP_LEVEL`, `BUILT_IN`) VALUES ('d71507c3-4d26-489f-9b64-1698b9dad53a', 'encpwd', 'encpwd', 'baishancloud', 'basic-flow', '1', '0'); #start 8471162 end 8471419 time 2021-08-02 19:30:26
INSERT INTO `keycloak`.`AUTHENTICATION_EXECUTION`(`ID`, `ALIAS`, `AUTHENTICATOR`, `REALM_ID`, `FLOW_ID`, `REQUIREMENT`, `PRIORITY`, `AUTHENTICATOR_FLOW`, `AUTH_FLOW_ID`, `AUTH_CONFIG`) VALUES ('d5b0b5f4-fcdc-4b26-9126-72b1b9251a3c', NULL, 'password-encryption', 'baishancloud', 'd71507c3-4d26-489f-9b64-1698b9dad53a', 3, 0, '0', NULL, NULL); #start 8471507 end 8471814 time 2021-08-02 19:33:03
UPDATE `keycloak`.`AUTHENTICATION_EXECUTION` SET `ID`='d5b0b5f4-fcdc-4b26-9126-72b1b9251a3c', `ALIAS`=NULL, `AUTHENTICATOR`='password-encryption', `REALM_ID`='baishancloud', `FLOW_ID`='d71507c3-4d26-489f-9b64-1698b9dad53a', `REQUIREMENT`=0, `PRIORITY`=0, `AUTHENTICATOR_FLOW`='0', `AUTH_FLOW_ID`=NULL, `AUTH_CONFIG`=NULL WHERE `ID`='d5b0b5f4-fcdc-4b26-9126-72b1b9251a3c' AND `ALIAS` IS NULL AND `AUTHENTICATOR`='password-encryption' AND `REALM_ID`='baishancloud' AND `FLOW_ID`='d71507c3-4d26-489f-9b64-1698b9dad53a' AND `REQUIREMENT`=3 AND `PRIORITY`=0 AND `AUTHENTICATOR_FLOW`='0' AND `AUTH_FLOW_ID` IS NULL AND `AUTH_CONFIG` IS NULL LIMIT 1; #start 8471902 end 8472329 time 2021-08-02 19:33:06
INSERT INTO `keycloak`.`CLIENT_ATTRIBUTES`(`CLIENT_ID`, `VALUE`, `NAME`) VALUES ('c3dff324-fb44-48f8-9e05-1a37f39f85eb', 'false', 'saml.assertion.signature'); #start 8472417 end 8472651 time 2021-08-02 19:34:25
INSERT INTO `keycloak`.`CLIENT_ATTRIBUTES`(`CLIENT_ID`, `VALUE`, `NAME`) VALUES ('c3dff324-fb44-48f8-9e05-1a37f39f85eb', 'false', 'saml.multivalued.roles'); #start 8472417 end 8472819 time 2021-08-02 19:34:25
INSERT INTO `keycloak`.`CLIENT_ATTRIBUTES`(`CLIENT_ID`, `VALUE`, `NAME`) VALUES ('c3dff324-fb44-48f8-9e05-1a37f39f85eb', 'false', 'saml.force.post.binding'); #start 8472417 end 8472988 time 2021-08-02 19:34:25
INSERT INTO `keycloak`.`CLIENT_ATTRIBUTES`(`CLIENT_ID`, `VALUE`, `NAME`) VALUES ('c3dff324-fb44-48f8-9e05-1a37f39f85eb', 'false', 'saml.encrypt'); #start 8472417 end 8473146 time 2021-08-02 19:34:25
INSERT INTO `keycloak`.`CLIENT_ATTRIBUTES`(`CLIENT_ID`, `VALUE`, `NAME`) VALUES ('c3dff324-fb44-48f8-9e05-1a37f39f85eb', 'false', 'saml.server.signature'); #start 8472417 end 8473313 time 2021-08-02 19:34:25
INSERT INTO `keycloak`.`CLIENT_ATTRIBUTES`(`CLIENT_ID`, `VALUE`, `NAME`) VALUES ('c3dff324-fb44-48f8-9e05-1a37f39f85eb', 'false', 'saml.server.signature.keyinfo.ext'); #start 8472417 end 8473492 time 2021-08-02 19:34:25
INSERT INTO `keycloak`.`CLIENT_ATTRIBUTES`(`CLIENT_ID`, `VALUE`, `NAME`) VALUES ('c3dff324-fb44-48f8-9e05-1a37f39f85eb', 'false', 'exclude.session.state.from.auth.response'); #start 8472417 end 8473678 time 2021-08-02 19:34:25
INSERT INTO `keycloak`.`CLIENT_ATTRIBUTES`(`CLIENT_ID`, `VALUE`, `NAME`) VALUES ('c3dff324-fb44-48f8-9e05-1a37f39f85eb', 'false', 'saml_force_name_id_format'); #start 8472417 end 8473849 time 2021-08-02 19:34:25
INSERT INTO `keycloak`.`CLIENT_ATTRIBUTES`(`CLIENT_ID`, `VALUE`, `NAME`) VALUES ('c3dff324-fb44-48f8-9e05-1a37f39f85eb', 'false', 'saml.client.signature'); #start 8472417 end 8474016 time 2021-08-02 19:34:25
INSERT INTO `keycloak`.`CLIENT_ATTRIBUTES`(`CLIENT_ID`, `VALUE`, `NAME`) VALUES ('c3dff324-fb44-48f8-9e05-1a37f39f85eb', 'false', 'tls.client.certificate.bound.access.tokens'); #start 8472417 end 8474204 time 2021-08-02 19:34:25
INSERT INTO `keycloak`.`CLIENT_ATTRIBUTES`(`CLIENT_ID`, `VALUE`, `NAME`) VALUES ('c3dff324-fb44-48f8-9e05-1a37f39f85eb', 'false', 'saml.authnstatement'); #start 8472417 end 8474369 time 2021-08-02 19:34:25
INSERT INTO `keycloak`.`CLIENT_ATTRIBUTES`(`CLIENT_ID`, `VALUE`, `NAME`) VALUES ('c3dff324-fb44-48f8-9e05-1a37f39f85eb', 'false', 'display.on.consent.screen'); #start 8472417 end 8474540 time 2021-08-02 19:34:25
INSERT INTO `keycloak`.`CLIENT_ATTRIBUTES`(`CLIENT_ID`, `VALUE`, `NAME`) VALUES ('c3dff324-fb44-48f8-9e05-1a37f39f85eb', 'false', 'saml.onetimeuse.condition'); #start 8472417 end 8474711 time 2021-08-02 19:34:25
INSERT INTO `keycloak`.`CLIENT_AUTH_FLOW_BINDINGS`(`CLIENT_ID`, `FLOW_ID`, `BINDING_NAME`) VALUES ('c3dff324-fb44-48f8-9e05-1a37f39f85eb', 'a1822d8d-9138-4311-b7c3-8b97c4f835a3', 'browser'); #start 8472417 end 8474902 time 2021-08-02 19:34:25
INSERT INTO `keycloak`.`CLIENT_AUTH_FLOW_BINDINGS`(`CLIENT_ID`, `FLOW_ID`, `BINDING_NAME`) VALUES ('c3dff324-fb44-48f8-9e05-1a37f39f85eb', 'd71507c3-4d26-489f-9b64-1698b9dad53a', 'direct_grant'); #start 8472417 end 8475098 time 2021-08-02 19:34:25
DELETE FROM `keycloak`.`REDIRECT_URIS` WHERE `CLIENT_ID`='975d02b5-d542-491f-8c51-e06c484d022d' AND `VALUE`='http://172.19.123.28:5556/*' LIMIT 1; #start 8475186 end 8475477 time 2021-08-02 19:41:38
DELETE FROM `keycloak`.`REDIRECT_URIS` WHERE `CLIENT_ID`='975d02b5-d542-491f-8c51-e06c484d022d' AND `VALUE`='https://172.18.28.240:8888/*' LIMIT 1; #start 8475186 end 8475477 time 2021-08-02 19:41:38
DELETE FROM `keycloak`.`WEB_ORIGINS` WHERE `CLIENT_ID`='975d02b5-d542-491f-8c51-e06c484d022d' AND `VALUE`='*' LIMIT 1; #start 8475186 end 8475608 time 2021-08-02 19:41:38
INSERT INTO `keycloak`.`CLIENT_AUTH_FLOW_BINDINGS`(`CLIENT_ID`, `FLOW_ID`, `BINDING_NAME`) VALUES ('975d02b5-d542-491f-8c51-e06c484d022d', 'a1822d8d-9138-4311-b7c3-8b97c4f835a3', 'browser'); #start 8475186 end 8475799 time 2021-08-02 19:41:38
INSERT INTO `keycloak`.`CLIENT_AUTH_FLOW_BINDINGS`(`CLIENT_ID`, `FLOW_ID`, `BINDING_NAME`) VALUES ('975d02b5-d542-491f-8c51-e06c484d022d', 'd71507c3-4d26-489f-9b64-1698b9dad53a', 'direct_grant'); #start 8475186 end 8475995 time 2021-08-02 19:41:38
INSERT INTO `keycloak`.`REDIRECT_URIS`(`CLIENT_ID`, `VALUE`) VALUES ('975d02b5-d542-491f-8c51-e06c484d022d', 'https://172.18.28.240:8888/*'); #start 8475186 end 8476155 time 2021-08-02 19:41:38
INSERT INTO `keycloak`.`REDIRECT_URIS`(`CLIENT_ID`, `VALUE`) VALUES ('975d02b5-d542-491f-8c51-e06c484d022d', 'http://172.19.123.28:5556/*'); #start 8475186 end 8476314 time 2021-08-02 19:41:38
INSERT INTO `keycloak`.`WEB_ORIGINS`(`CLIENT_ID`, `VALUE`) VALUES ('975d02b5-d542-491f-8c51-e06c484d022d', '*'); #start 8475186 end 8476445 time 2021-08-02 19:41:38
INSERT INTO `keycloak`.`USER_ENTITY`(`ID`, `EMAIL`, `EMAIL_CONSTRAINT`, `EMAIL_VERIFIED`, `ENABLED`, `FEDERATION_LINK`, `FIRST_NAME`, `LAST_NAME`, `REALM_ID`, `USERNAME`, `CREATED_TIMESTAMP`, `SERVICE_ACCOUNT_CLIENT_LINK`, `NOT_BEFORE`) VALUES ('7bb1fa72-0c75-41f7-a804-d15f2f2f53b5', NULL, 'a3d56e9c-a557-4ca3-a634-08ac5c5d98e6', '0', '0', NULL, NULL, NULL, 'baishancloud', 'service-account-coreapi', 1627904663362, NULL, 0); #start 8476533 end 8476848 time 2021-08-02 19:44:23
UPDATE `keycloak`.`CLIENT` SET `ID`='975d02b5-d542-491f-8c51-e06c484d022d', `ENABLED`='1', `FULL_SCOPE_ALLOWED`='1', `CLIENT_ID`='coreapi', `NOT_BEFORE`=0, `PUBLIC_CLIENT`='1', `SECRET`='22eaade5-7d92-45c2-a839-4e5aa476f28d', `BASE_URL`=NULL, `BEARER_ONLY`='0', `MANAGEMENT_URL`=NULL, `SURROGATE_AUTH_REQUIRED`='0', `REALM_ID`='baishancloud', `PROTOCOL`='openid-connect', `NODE_REREG_TIMEOUT`=-1, `FRONTCHANNEL_LOGOUT`='0', `CONSENT_REQUIRED`='0', `NAME`=NULL, `SERVICE_ACCOUNTS_ENABLED`='1', `CLIENT_AUTHENTICATOR_TYPE`='client-secret', `ROOT_URL`='https://172.18.28.240:8888', `DESCRIPTION`=NULL, `REGISTRATION_TOKEN`=NULL, `STANDARD_FLOW_ENABLED`='1', `IMPLICIT_FLOW_ENABLED`='0', `DIRECT_ACCESS_GRANTS_ENABLED`='0' WHERE `ID`='975d02b5-d542-491f-8c51-e06c484d022d' AND `ENABLED`='1' AND `FULL_SCOPE_ALLOWED`='1' AND `CLIENT_ID`='coreapi' AND `NOT_BEFORE`=0 AND `PUBLIC_CLIENT`='1' AND `SECRET`='22eaade5-7d92-45c2-a839-4e5aa476f28d' AND `BASE_URL` IS NULL AND `BEARER_ONLY`='0' AND `MANAGEMENT_URL` IS NULL AND `SURROGATE_AUTH_REQUIRED`='0' AND `REALM_ID`='baishancloud' AND `PROTOCOL`='openid-connect' AND `NODE_REREG_TIMEOUT`=-1 AND `FRONTCHANNEL_LOGOUT`='0' AND `CONSENT_REQUIRED`='0' AND `NAME` IS NULL AND `SERVICE_ACCOUNTS_ENABLED`='0' AND `CLIENT_AUTHENTICATOR_TYPE`='client-secret' AND `ROOT_URL`='https://172.18.28.240:8888' AND `DESCRIPTION` IS NULL AND `REGISTRATION_TOKEN` IS NULL AND `STANDARD_FLOW_ENABLED`='1' AND `IMPLICIT_FLOW_ENABLED`='0' AND `DIRECT_ACCESS_GRANTS_ENABLED`='0' LIMIT 1; #start 8476533 end 8477366 time 2021-08-02 19:44:23
INSERT INTO `keycloak`.`USER_ROLE_MAPPING`(`ROLE_ID`, `USER_ID`) VALUES ('70e82ac4-5116-46ba-a4e7-6464049d5a87', '7bb1fa72-0c75-41f7-a804-d15f2f2f53b5'); #start 8476533 end 8477538 time 2021-08-02 19:44:23
INSERT INTO `keycloak`.`USER_ROLE_MAPPING`(`ROLE_ID`, `USER_ID`) VALUES ('89dadc51-9dea-4340-a128-16a4d7a9786b', '7bb1fa72-0c75-41f7-a804-d15f2f2f53b5'); #start 8476533 end 8477710 time 2021-08-02 19:44:23
INSERT INTO `keycloak`.`USER_ROLE_MAPPING`(`ROLE_ID`, `USER_ID`) VALUES ('bb8325c4-4bac-4650-bc79-6f1dfe260167', '7bb1fa72-0c75-41f7-a804-d15f2f2f53b5'); #start 8476533 end 8477882 time 2021-08-02 19:44:23
INSERT INTO `keycloak`.`USER_ROLE_MAPPING`(`ROLE_ID`, `USER_ID`) VALUES ('c2831949-a58d-48af-b3db-6992c6fca946', '7bb1fa72-0c75-41f7-a804-d15f2f2f53b5'); #start 8476533 end 8478054 time 2021-08-02 19:44:23
INSERT INTO `keycloak`.`PROTOCOL_MAPPER`(`ID`, `NAME`, `PROTOCOL`, `PROTOCOL_MAPPER_NAME`, `CLIENT_ID`, `CLIENT_SCOPE_ID`) VALUES ('7b1ce7ff-6961-4cb1-9ed7-38b5614d1fb3', 'Client ID', 'openid-connect', 'oidc-usersessionmodel-note-mapper', '975d02b5-d542-491f-8c51-e06c484d022d', NULL); #start 8476533 end 8478297 time 2021-08-02 19:44:23
INSERT INTO `keycloak`.`PROTOCOL_MAPPER`(`ID`, `NAME`, `PROTOCOL`, `PROTOCOL_MAPPER_NAME`, `CLIENT_ID`, `CLIENT_SCOPE_ID`) VALUES ('0d7aa331-e0fb-4be3-9dd6-444f0675c7b6', 'Client Host', 'openid-connect', 'oidc-usersessionmodel-note-mapper', '975d02b5-d542-491f-8c51-e06c484d022d', NULL); #start 8476533 end 8478542 time 2021-08-02 19:44:23
INSERT INTO `keycloak`.`PROTOCOL_MAPPER`(`ID`, `NAME`, `PROTOCOL`, `PROTOCOL_MAPPER_NAME`, `CLIENT_ID`, `CLIENT_SCOPE_ID`) VALUES ('627cb3ad-6eb2-4901-b894-ee5114b60bd8', 'Client IP Address', 'openid-connect', 'oidc-usersessionmodel-note-mapper', '975d02b5-d542-491f-8c51-e06c484d022d', NULL); #start 8476533 end 8478793 time 2021-08-02 19:44:23
UPDATE `keycloak`.`CLIENT` SET `ID`='975d02b5-d542-491f-8c51-e06c484d022d', `ENABLED`='1', `FULL_SCOPE_ALLOWED`='1', `CLIENT_ID`='coreapi', `NOT_BEFORE`=0, `PUBLIC_CLIENT`='0', `SECRET`='22eaade5-7d92-45c2-a839-4e5aa476f28d', `BASE_URL`=NULL, `BEARER_ONLY`='0', `MANAGEMENT_URL`=NULL, `SURROGATE_AUTH_REQUIRED`='0', `REALM_ID`='baishancloud', `PROTOCOL`='openid-connect', `NODE_REREG_TIMEOUT`=-1, `FRONTCHANNEL_LOGOUT`='0', `CONSENT_REQUIRED`='0', `NAME`=NULL, `SERVICE_ACCOUNTS_ENABLED`='1', `CLIENT_AUTHENTICATOR_TYPE`='client-secret', `ROOT_URL`='https://172.18.28.240:8888', `DESCRIPTION`=NULL, `REGISTRATION_TOKEN`=NULL, `STANDARD_FLOW_ENABLED`='1', `IMPLICIT_FLOW_ENABLED`='0', `DIRECT_ACCESS_GRANTS_ENABLED`='0' WHERE `ID`='975d02b5-d542-491f-8c51-e06c484d022d' AND `ENABLED`='1' AND `FULL_SCOPE_ALLOWED`='1' AND `CLIENT_ID`='coreapi' AND `NOT_BEFORE`=0 AND `PUBLIC_CLIENT`='1' AND `SECRET`='22eaade5-7d92-45c2-a839-4e5aa476f28d' AND `BASE_URL` IS NULL AND `BEARER_ONLY`='0' AND `MANAGEMENT_URL` IS NULL AND `SURROGATE_AUTH_REQUIRED`='0' AND `REALM_ID`='baishancloud' AND `PROTOCOL`='openid-connect' AND `NODE_REREG_TIMEOUT`=-1 AND `FRONTCHANNEL_LOGOUT`='0' AND `CONSENT_REQUIRED`='0' AND `NAME` IS NULL AND `SERVICE_ACCOUNTS_ENABLED`='1' AND `CLIENT_AUTHENTICATOR_TYPE`='client-secret' AND `ROOT_URL`='https://172.18.28.240:8888' AND `DESCRIPTION` IS NULL AND `REGISTRATION_TOKEN` IS NULL AND `STANDARD_FLOW_ENABLED`='1' AND `IMPLICIT_FLOW_ENABLED`='0' AND `DIRECT_ACCESS_GRANTS_ENABLED`='0' LIMIT 1; #start 8476533 end 8479311 time 2021-08-02 19:44:23
UPDATE `keycloak`.`USER_ENTITY` SET `ID`='7bb1fa72-0c75-41f7-a804-d15f2f2f53b5', `EMAIL`='service-account-coreapi@placeholder.org', `EMAIL_CONSTRAINT`='service-account-coreapi@placeholder.org', `EMAIL_VERIFIED`='0', `ENABLED`='1', `FEDERATION_LINK`=NULL, `FIRST_NAME`=NULL, `LAST_NAME`=NULL, `REALM_ID`='baishancloud', `USERNAME`='service-account-coreapi', `CREATED_TIMESTAMP`=1627904663362, `SERVICE_ACCOUNT_CLIENT_LINK`='975d02b5-d542-491f-8c51-e06c484d022d', `NOT_BEFORE`=0 WHERE `ID`='7bb1fa72-0c75-41f7-a804-d15f2f2f53b5' AND `EMAIL` IS NULL AND `EMAIL_CONSTRAINT`='a3d56e9c-a557-4ca3-a634-08ac5c5d98e6' AND `EMAIL_VERIFIED`='0' AND `ENABLED`='0' AND `FEDERATION_LINK` IS NULL AND `FIRST_NAME` IS NULL AND `LAST_NAME` IS NULL AND `REALM_ID`='baishancloud' AND `USERNAME`='service-account-coreapi' AND `CREATED_TIMESTAMP`=1627904663362 AND `SERVICE_ACCOUNT_CLIENT_LINK` IS NULL AND `NOT_BEFORE`=0 LIMIT 1; #start 8476533 end 8479775 time 2021-08-02 19:44:23
DELETE FROM `keycloak`.`REDIRECT_URIS` WHERE `CLIENT_ID`='975d02b5-d542-491f-8c51-e06c484d022d' AND `VALUE`='http://172.19.123.28:5556/*' LIMIT 1; #start 8476533 end 8480002 time 2021-08-02 19:44:23
DELETE FROM `keycloak`.`REDIRECT_URIS` WHERE `CLIENT_ID`='975d02b5-d542-491f-8c51-e06c484d022d' AND `VALUE`='https://172.18.28.240:8888/*' LIMIT 1; #start 8476533 end 8480002 time 2021-08-02 19:44:23
DELETE FROM `keycloak`.`WEB_ORIGINS` WHERE `CLIENT_ID`='975d02b5-d542-491f-8c51-e06c484d022d' AND `VALUE`='*' LIMIT 1; #start 8476533 end 8480133 time 2021-08-02 19:44:23
INSERT INTO `keycloak`.`PROTOCOL_MAPPER_CONFIG`(`PROTOCOL_MAPPER_ID`, `VALUE`, `NAME`) VALUES ('7b1ce7ff-6961-4cb1-9ed7-38b5614d1fb3', 'clientId', 'user.session.note'); #start 8476533 end 8480305 time 2021-08-02 19:44:23
INSERT INTO `keycloak`.`PROTOCOL_MAPPER_CONFIG`(`PROTOCOL_MAPPER_ID`, `VALUE`, `NAME`) VALUES ('7b1ce7ff-6961-4cb1-9ed7-38b5614d1fb3', 'true', 'id.token.claim'); #start 8476533 end 8480470 time 2021-08-02 19:44:23
INSERT INTO `keycloak`.`PROTOCOL_MAPPER_CONFIG`(`PROTOCOL_MAPPER_ID`, `VALUE`, `NAME`) VALUES ('7b1ce7ff-6961-4cb1-9ed7-38b5614d1fb3', 'true', 'access.token.claim'); #start 8476533 end 8480639 time 2021-08-02 19:44:23
INSERT INTO `keycloak`.`PROTOCOL_MAPPER_CONFIG`(`PROTOCOL_MAPPER_ID`, `VALUE`, `NAME`) VALUES ('7b1ce7ff-6961-4cb1-9ed7-38b5614d1fb3', 'clientId', 'claim.name'); #start 8476533 end 8480804 time 2021-08-02 19:44:23
INSERT INTO `keycloak`.`PROTOCOL_MAPPER_CONFIG`(`PROTOCOL_MAPPER_ID`, `VALUE`, `NAME`) VALUES ('7b1ce7ff-6961-4cb1-9ed7-38b5614d1fb3', 'String', 'jsonType.label'); #start 8476533 end 8480971 time 2021-08-02 19:44:23
INSERT INTO `keycloak`.`PROTOCOL_MAPPER_CONFIG`(`PROTOCOL_MAPPER_ID`, `VALUE`, `NAME`) VALUES ('0d7aa331-e0fb-4be3-9dd6-444f0675c7b6', 'clientHost', 'user.session.note'); #start 8476533 end 8481145 time 2021-08-02 19:44:23
INSERT INTO `keycloak`.`PROTOCOL_MAPPER_CONFIG`(`PROTOCOL_MAPPER_ID`, `VALUE`, `NAME`) VALUES ('0d7aa331-e0fb-4be3-9dd6-444f0675c7b6', 'true', 'id.token.claim'); #start 8476533 end 8481310 time 2021-08-02 19:44:23
INSERT INTO `keycloak`.`PROTOCOL_MAPPER_CONFIG`(`PROTOCOL_MAPPER_ID`, `VALUE`, `NAME`) VALUES ('0d7aa331-e0fb-4be3-9dd6-444f0675c7b6', 'true', 'access.token.claim'); #start 8476533 end 8481479 time 2021-08-02 19:44:23
INSERT INTO `keycloak`.`PROTOCOL_MAPPER_CONFIG`(`PROTOCOL_MAPPER_ID`, `VALUE`, `NAME`) VALUES ('0d7aa331-e0fb-4be3-9dd6-444f0675c7b6', 'clientHost', 'claim.name'); #start 8476533 end 8481646 time 2021-08-02 19:44:23
INSERT INTO `keycloak`.`PROTOCOL_MAPPER_CONFIG`(`PROTOCOL_MAPPER_ID`, `VALUE`, `NAME`) VALUES ('0d7aa331-e0fb-4be3-9dd6-444f0675c7b6', 'String', 'jsonType.label'); #start 8476533 end 8481813 time 2021-08-02 19:44:23
INSERT INTO `keycloak`.`PROTOCOL_MAPPER_CONFIG`(`PROTOCOL_MAPPER_ID`, `VALUE`, `NAME`) VALUES ('627cb3ad-6eb2-4901-b894-ee5114b60bd8', 'clientAddress', 'user.session.note'); #start 8476533 end 8481990 time 2021-08-02 19:44:23
INSERT INTO `keycloak`.`PROTOCOL_MAPPER_CONFIG`(`PROTOCOL_MAPPER_ID`, `VALUE`, `NAME`) VALUES ('627cb3ad-6eb2-4901-b894-ee5114b60bd8', 'true', 'id.token.claim'); #start 8476533 end 8482155 time 2021-08-02 19:44:23
INSERT INTO `keycloak`.`PROTOCOL_MAPPER_CONFIG`(`PROTOCOL_MAPPER_ID`, `VALUE`, `NAME`) VALUES ('627cb3ad-6eb2-4901-b894-ee5114b60bd8', 'true', 'access.token.claim'); #start 8476533 end 8482324 time 2021-08-02 19:44:23
INSERT INTO `keycloak`.`PROTOCOL_MAPPER_CONFIG`(`PROTOCOL_MAPPER_ID`, `VALUE`, `NAME`) VALUES ('627cb3ad-6eb2-4901-b894-ee5114b60bd8', 'clientAddress', 'claim.name'); #start 8476533 end 8482494 time 2021-08-02 19:44:23
INSERT INTO `keycloak`.`PROTOCOL_MAPPER_CONFIG`(`PROTOCOL_MAPPER_ID`, `VALUE`, `NAME`) VALUES ('627cb3ad-6eb2-4901-b894-ee5114b60bd8', 'String', 'jsonType.label'); #start 8476533 end 8482661 time 2021-08-02 19:44:23
INSERT INTO `keycloak`.`REDIRECT_URIS`(`CLIENT_ID`, `VALUE`) VALUES ('975d02b5-d542-491f-8c51-e06c484d022d', 'https://172.18.28.240:8888/*'); #start 8476533 end 8482821 time 2021-08-02 19:44:23
INSERT INTO `keycloak`.`REDIRECT_URIS`(`CLIENT_ID`, `VALUE`) VALUES ('975d02b5-d542-491f-8c51-e06c484d022d', 'http://172.19.123.28:5556/*'); #start 8476533 end 8482980 time 2021-08-02 19:44:23
INSERT INTO `keycloak`.`WEB_ORIGINS`(`CLIENT_ID`, `VALUE`) VALUES ('975d02b5-d542-491f-8c51-e06c484d022d', '*'); #start 8476533 end 8483111 time 2021-08-02 19:44:23
INSERT INTO `keycloak`.`RESOURCE_SERVER`(`ID`, `ALLOW_RS_REMOTE_MGMT`, `POLICY_ENFORCE_MODE`) VALUES ('975d02b5-d542-491f-8c51-e06c484d022d', '0', '0'); #start 8476533 end 8483249 time 2021-08-02 19:44:23
INSERT INTO `keycloak`.`KEYCLOAK_ROLE`(`ID`, `CLIENT_REALM_CONSTRAINT`, `CLIENT_ROLE`, `DESCRIPTION`, `NAME`, `REALM_ID`, `CLIENT`, `REALM`) VALUES ('dcbc736c-1ce9-4f43-be6d-88869e810f52', '975d02b5-d542-491f-8c51-e06c484d022d', '1', NULL, 'uma_protection', 'baishancloud', '975d02b5-d542-491f-8c51-e06c484d022d', NULL); #start 8476533 end 8483502 time 2021-08-02 19:44:23
INSERT INTO `keycloak`.`USER_ROLE_MAPPING`(`ROLE_ID`, `USER_ID`) VALUES ('dcbc736c-1ce9-4f43-be6d-88869e810f52', '7bb1fa72-0c75-41f7-a804-d15f2f2f53b5'); #start 8476533 end 8483674 time 2021-08-02 19:44:23
INSERT INTO `keycloak`.`RESOURCE_SERVER_RESOURCE`(`ID`, `NAME`, `TYPE`, `ICON_URI`, `OWNER`, `RESOURCE_SERVER_ID`, `OWNER_MANAGED_ACCESS`, `DISPLAY_NAME`) VALUES ('5b913889-95c2-4fad-a35c-1050d3c61efb', 'Default Resource', NULL, NULL, '975d02b5-d542-491f-8c51-e06c484d022d', '975d02b5-d542-491f-8c51-e06c484d022d', '0', NULL); #start 8476533 end 8483926 time 2021-08-02 19:44:23
INSERT INTO `keycloak`.`RESOURCE_SERVER_POLICY`(`ID`, `NAME`, `DESCRIPTION`, `TYPE`, `DECISION_STRATEGY`, `LOGIC`, `RESOURCE_SERVER_ID`, `OWNER`) VALUES ('880cb038-89a1-4634-8acb-7647bbcc96bc', 'Default Policy', NULL, 'js', '1', '0', '975d02b5-d542-491f-8c51-e06c484d022d', NULL); #start 8476533 end 8484144 time 2021-08-02 19:44:23
UPDATE `keycloak`.`RESOURCE_SERVER_RESOURCE` SET `ID`='5b913889-95c2-4fad-a35c-1050d3c61efb', `NAME`='Default Resource', `TYPE`='urn:coreapi:resources:default', `ICON_URI`=NULL, `OWNER`='975d02b5-d542-491f-8c51-e06c484d022d', `RESOURCE_SERVER_ID`='975d02b5-d542-491f-8c51-e06c484d022d', `OWNER_MANAGED_ACCESS`='0', `DISPLAY_NAME`=NULL WHERE `ID`='5b913889-95c2-4fad-a35c-1050d3c61efb' AND `NAME`='Default Resource' AND `TYPE` IS NULL AND `ICON_URI` IS NULL AND `OWNER`='975d02b5-d542-491f-8c51-e06c484d022d' AND `RESOURCE_SERVER_ID`='975d02b5-d542-491f-8c51-e06c484d022d' AND `OWNER_MANAGED_ACCESS`='0' AND `DISPLAY_NAME` IS NULL LIMIT 1; #start 8476533 end 8484559 time 2021-08-02 19:44:23
INSERT INTO `keycloak`.`RESOURCE_URIS`(`RESOURCE_ID`, `VALUE`, `idd`) VALUES ('5b913889-95c2-4fad-a35c-1050d3c61efb', '/*', 101); #start 8476533 end 8484702 time 2021-08-02 19:44:23
INSERT INTO `keycloak`.`RESOURCE_SERVER_POLICY`(`ID`, `NAME`, `DESCRIPTION`, `TYPE`, `DECISION_STRATEGY`, `LOGIC`, `RESOURCE_SERVER_ID`, `OWNER`) VALUES ('f6ecc4a4-095e-4c05-8f85-35b21b12a99f', 'Default Permission', NULL, 'resource', '1', '0', '975d02b5-d542-491f-8c51-e06c484d022d', NULL); #start 8476533 end 8484930 time 2021-08-02 19:44:24
UPDATE `keycloak`.`RESOURCE_SERVER_POLICY` SET `ID`='880cb038-89a1-4634-8acb-7647bbcc96bc', `NAME`='Default Policy', `DESCRIPTION`='A policy that grants access only for users within this realm', `TYPE`='js', `DECISION_STRATEGY`='0', `LOGIC`='0', `RESOURCE_SERVER_ID`='975d02b5-d542-491f-8c51-e06c484d022d', `OWNER`=NULL WHERE `ID`='880cb038-89a1-4634-8acb-7647bbcc96bc' AND `NAME`='Default Policy' AND `DESCRIPTION` IS NULL AND `TYPE`='js' AND `DECISION_STRATEGY`='1' AND `LOGIC`='0' AND `RESOURCE_SERVER_ID`='975d02b5-d542-491f-8c51-e06c484d022d' AND `OWNER` IS NULL LIMIT 1; #start 8476533 end 8485310 time 2021-08-02 19:44:24
INSERT INTO `keycloak`.`POLICY_CONFIG`(`POLICY_ID`, `NAME`, `VALUE`) VALUES ('880cb038-89a1-4634-8acb-7647bbcc96bc', 'code', '// by default, grants any permission associated with this policy\n$evaluation.grant();\n'); #start 8476533 end 8485538 time 2021-08-02 19:44:24
UPDATE `keycloak`.`RESOURCE_SERVER_POLICY` SET `ID`='f6ecc4a4-095e-4c05-8f85-35b21b12a99f', `NAME`='Default Permission', `DESCRIPTION`='A permission that applies to the default resource type', `TYPE`='resource', `DECISION_STRATEGY`='1', `LOGIC`='0', `RESOURCE_SERVER_ID`='975d02b5-d542-491f-8c51-e06c484d022d', `OWNER`=NULL WHERE `ID`='f6ecc4a4-095e-4c05-8f85-35b21b12a99f' AND `NAME`='Default Permission' AND `DESCRIPTION` IS NULL AND `TYPE`='resource' AND `DECISION_STRATEGY`='1' AND `LOGIC`='0' AND `RESOURCE_SERVER_ID`='975d02b5-d542-491f-8c51-e06c484d022d' AND `OWNER` IS NULL LIMIT 1; #start 8476533 end 8485932 time 2021-08-02 19:44:24
INSERT INTO `keycloak`.`ASSOCIATED_POLICY`(`POLICY_ID`, `ASSOCIATED_POLICY_ID`) VALUES ('f6ecc4a4-095e-4c05-8f85-35b21b12a99f', '880cb038-89a1-4634-8acb-7647bbcc96bc'); #start 8476533 end 8486103 time 2021-08-02 19:44:24
INSERT INTO `keycloak`.`POLICY_CONFIG`(`POLICY_ID`, `NAME`, `VALUE`) VALUES ('f6ecc4a4-095e-4c05-8f85-35b21b12a99f', 'defaultResourceType', 'urn:coreapi:resources:default'); #start 8476533 end 8486289 time 2021-08-02 19:44:24
DELETE FROM `keycloak`.`REDIRECT_URIS` WHERE `CLIENT_ID`='975d02b5-d542-491f-8c51-e06c484d022d' AND `VALUE`='http://172.19.123.28:5556/*' LIMIT 1; #start 8486377 end 8486668 time 2021-08-02 19:52:25
DELETE FROM `keycloak`.`REDIRECT_URIS` WHERE `CLIENT_ID`='975d02b5-d542-491f-8c51-e06c484d022d' AND `VALUE`='https://172.18.28.240:8888/*' LIMIT 1; #start 8486377 end 8486668 time 2021-08-02 19:52:25
DELETE FROM `keycloak`.`WEB_ORIGINS` WHERE `CLIENT_ID`='975d02b5-d542-491f-8c51-e06c484d022d' AND `VALUE`='*' LIMIT 1; #start 8486377 end 8486799 time 2021-08-02 19:52:25
INSERT INTO `keycloak`.`REDIRECT_URIS`(`CLIENT_ID`, `VALUE`) VALUES ('975d02b5-d542-491f-8c51-e06c484d022d', 'https://172.18.28.240:8888/*'); #start 8486377 end 8486959 time 2021-08-02 19:52:25
INSERT INTO `keycloak`.`REDIRECT_URIS`(`CLIENT_ID`, `VALUE`) VALUES ('975d02b5-d542-491f-8c51-e06c484d022d', 'http://172.19.123.28:5556/*'); #start 8486377 end 8487118 time 2021-08-02 19:52:25
INSERT INTO `keycloak`.`WEB_ORIGINS`(`CLIENT_ID`, `VALUE`) VALUES ('975d02b5-d542-491f-8c51-e06c484d022d', '*'); #start 8486377 end 8487249 time 2021-08-02 19:52:25
DELETE FROM `keycloak`.`POLICY_CONFIG` WHERE `POLICY_ID`='880cb038-89a1-4634-8acb-7647bbcc96bc' AND `NAME`='code' AND `VALUE`='// by default, grants any permission associated with this policy\n$evaluation.grant();\n' LIMIT 1; #start 8486377 end 8487477 time 2021-08-02 19:52:25
DELETE FROM `keycloak`.`ASSOCIATED_POLICY` WHERE `POLICY_ID`='f6ecc4a4-095e-4c05-8f85-35b21b12a99f' AND `ASSOCIATED_POLICY_ID`='880cb038-89a1-4634-8acb-7647bbcc96bc' LIMIT 1; #start 8486377 end 8487648 time 2021-08-02 19:52:25
DELETE FROM `keycloak`.`POLICY_CONFIG` WHERE `POLICY_ID`='f6ecc4a4-095e-4c05-8f85-35b21b12a99f' AND `NAME`='defaultResourceType' AND `VALUE`='urn:coreapi:resources:default' LIMIT 1; #start 8486377 end 8487834 time 2021-08-02 19:52:25
DELETE FROM `keycloak`.`RESOURCE_URIS` WHERE `RESOURCE_ID`='5b913889-95c2-4fad-a35c-1050d3c61efb' AND `VALUE`='/*' AND `idd`=101 LIMIT 1; #start 8486377 end 8487977 time 2021-08-02 19:52:25
DELETE FROM `keycloak`.`RESOURCE_SERVER_POLICY` WHERE `ID`='880cb038-89a1-4634-8acb-7647bbcc96bc' AND `NAME`='Default Policy' AND `DESCRIPTION`='A policy that grants access only for users within this realm' AND `TYPE`='js' AND `DECISION_STRATEGY`='0' AND `LOGIC`='0' AND `RESOURCE_SERVER_ID`='975d02b5-d542-491f-8c51-e06c484d022d' AND `OWNER` IS NULL LIMIT 1; #start 8486377 end 8488257 time 2021-08-02 19:52:25
DELETE FROM `keycloak`.`RESOURCE_SERVER_POLICY` WHERE `ID`='f6ecc4a4-095e-4c05-8f85-35b21b12a99f' AND `NAME`='Default Permission' AND `DESCRIPTION`='A permission that applies to the default resource type' AND `TYPE`='resource' AND `DECISION_STRATEGY`='1' AND `LOGIC`='0' AND `RESOURCE_SERVER_ID`='975d02b5-d542-491f-8c51-e06c484d022d' AND `OWNER` IS NULL LIMIT 1; #start 8486377 end 8488541 time 2021-08-02 19:52:25
DELETE FROM `keycloak`.`RESOURCE_SERVER_RESOURCE` WHERE `ID`='5b913889-95c2-4fad-a35c-1050d3c61efb' AND `NAME`='Default Resource' AND `TYPE`='urn:coreapi:resources:default' AND `ICON_URI` IS NULL AND `OWNER`='975d02b5-d542-491f-8c51-e06c484d022d' AND `RESOURCE_SERVER_ID`='975d02b5-d542-491f-8c51-e06c484d022d' AND `OWNER_MANAGED_ACCESS`='0' AND `DISPLAY_NAME` IS NULL LIMIT 1; #start 8486377 end 8488824 time 2021-08-02 19:52:25
DELETE FROM `keycloak`.`RESOURCE_SERVER` WHERE `ID`='975d02b5-d542-491f-8c51-e06c484d022d' AND `ALLOW_RS_REMOTE_MGMT`='0' AND `POLICY_ENFORCE_MODE`='0' LIMIT 1; #start 8486377 end 8488962 time 2021-08-02 19:52:25
DELETE FROM `keycloak`.`REDIRECT_URIS` WHERE `CLIENT_ID`='975d02b5-d542-491f-8c51-e06c484d022d' AND `VALUE`='http://172.19.123.28:5556/*' LIMIT 1; #start 8489050 end 8489341 time 2021-08-02 19:53:53
DELETE FROM `keycloak`.`REDIRECT_URIS` WHERE `CLIENT_ID`='975d02b5-d542-491f-8c51-e06c484d022d' AND `VALUE`='https://172.18.28.240:8888/*' LIMIT 1; #start 8489050 end 8489341 time 2021-08-02 19:53:53
DELETE FROM `keycloak`.`WEB_ORIGINS` WHERE `CLIENT_ID`='975d02b5-d542-491f-8c51-e06c484d022d' AND `VALUE`='*' LIMIT 1; #start 8489050 end 8489472 time 2021-08-02 19:53:53
INSERT INTO `keycloak`.`REDIRECT_URIS`(`CLIENT_ID`, `VALUE`) VALUES ('975d02b5-d542-491f-8c51-e06c484d022d', 'https://172.18.28.240:8888/*'); #start 8489050 end 8489632 time 2021-08-02 19:53:53
INSERT INTO `keycloak`.`REDIRECT_URIS`(`CLIENT_ID`, `VALUE`) VALUES ('975d02b5-d542-491f-8c51-e06c484d022d', 'http://172.19.123.28:5556/*'); #start 8489050 end 8489791 time 2021-08-02 19:53:53
INSERT INTO `keycloak`.`WEB_ORIGINS`(`CLIENT_ID`, `VALUE`) VALUES ('975d02b5-d542-491f-8c51-e06c484d022d', '*'); #start 8489050 end 8489922 time 2021-08-02 19:53:53
INSERT INTO `keycloak`.`RESOURCE_SERVER`(`ID`, `ALLOW_RS_REMOTE_MGMT`, `POLICY_ENFORCE_MODE`) VALUES ('975d02b5-d542-491f-8c51-e06c484d022d', '0', '0'); #start 8489050 end 8490060 time 2021-08-02 19:53:53
INSERT INTO `keycloak`.`RESOURCE_SERVER_RESOURCE`(`ID`, `NAME`, `TYPE`, `ICON_URI`, `OWNER`, `RESOURCE_SERVER_ID`, `OWNER_MANAGED_ACCESS`, `DISPLAY_NAME`) VALUES ('ec4a777b-b7f8-4a04-864c-7792cab9c458', 'Default Resource', NULL, NULL, '975d02b5-d542-491f-8c51-e06c484d022d', '975d02b5-d542-491f-8c51-e06c484d022d', '0', NULL); #start 8489050 end 8490312 time 2021-08-02 19:53:53
INSERT INTO `keycloak`.`RESOURCE_SERVER_POLICY`(`ID`, `NAME`, `DESCRIPTION`, `TYPE`, `DECISION_STRATEGY`, `LOGIC`, `RESOURCE_SERVER_ID`, `OWNER`) VALUES ('b37b26d6-b47d-4320-a43a-8e5f0ca5baa5', 'Default Policy', NULL, 'js', '1', '0', '975d02b5-d542-491f-8c51-e06c484d022d', NULL); #start 8489050 end 8490530 time 2021-08-02 19:53:53
UPDATE `keycloak`.`RESOURCE_SERVER_RESOURCE` SET `ID`='ec4a777b-b7f8-4a04-864c-7792cab9c458', `NAME`='Default Resource', `TYPE`='urn:coreapi:resources:default', `ICON_URI`=NULL, `OWNER`='975d02b5-d542-491f-8c51-e06c484d022d', `RESOURCE_SERVER_ID`='975d02b5-d542-491f-8c51-e06c484d022d', `OWNER_MANAGED_ACCESS`='0', `DISPLAY_NAME`=NULL WHERE `ID`='ec4a777b-b7f8-4a04-864c-7792cab9c458' AND `NAME`='Default Resource' AND `TYPE` IS NULL AND `ICON_URI` IS NULL AND `OWNER`='975d02b5-d542-491f-8c51-e06c484d022d' AND `RESOURCE_SERVER_ID`='975d02b5-d542-491f-8c51-e06c484d022d' AND `OWNER_MANAGED_ACCESS`='0' AND `DISPLAY_NAME` IS NULL LIMIT 1; #start 8489050 end 8490945 time 2021-08-02 19:53:53
INSERT INTO `keycloak`.`RESOURCE_URIS`(`RESOURCE_ID`, `VALUE`, `idd`) VALUES ('ec4a777b-b7f8-4a04-864c-7792cab9c458', '/*', 201); #start 8489050 end 8491088 time 2021-08-02 19:53:53
INSERT INTO `keycloak`.`RESOURCE_SERVER_POLICY`(`ID`, `NAME`, `DESCRIPTION`, `TYPE`, `DECISION_STRATEGY`, `LOGIC`, `RESOURCE_SERVER_ID`, `OWNER`) VALUES ('dc1ff862-133c-44b5-b1fc-3f33c5a3c3e7', 'Default Permission', NULL, 'resource', '1', '0', '975d02b5-d542-491f-8c51-e06c484d022d', NULL); #start 8489050 end 8491316 time 2021-08-02 19:53:53
UPDATE `keycloak`.`RESOURCE_SERVER_POLICY` SET `ID`='b37b26d6-b47d-4320-a43a-8e5f0ca5baa5', `NAME`='Default Policy', `DESCRIPTION`='A policy that grants access only for users within this realm', `TYPE`='js', `DECISION_STRATEGY`='0', `LOGIC`='0', `RESOURCE_SERVER_ID`='975d02b5-d542-491f-8c51-e06c484d022d', `OWNER`=NULL WHERE `ID`='b37b26d6-b47d-4320-a43a-8e5f0ca5baa5' AND `NAME`='Default Policy' AND `DESCRIPTION` IS NULL AND `TYPE`='js' AND `DECISION_STRATEGY`='1' AND `LOGIC`='0' AND `RESOURCE_SERVER_ID`='975d02b5-d542-491f-8c51-e06c484d022d' AND `OWNER` IS NULL LIMIT 1; #start 8489050 end 8491696 time 2021-08-02 19:53:53
INSERT INTO `keycloak`.`POLICY_CONFIG`(`POLICY_ID`, `NAME`, `VALUE`) VALUES ('b37b26d6-b47d-4320-a43a-8e5f0ca5baa5', 'code', '// by default, grants any permission associated with this policy\n$evaluation.grant();\n'); #start 8489050 end 8491924 time 2021-08-02 19:53:53
UPDATE `keycloak`.`RESOURCE_SERVER_POLICY` SET `ID`='dc1ff862-133c-44b5-b1fc-3f33c5a3c3e7', `NAME`='Default Permission', `DESCRIPTION`='A permission that applies to the default resource type', `TYPE`='resource', `DECISION_STRATEGY`='1', `LOGIC`='0', `RESOURCE_SERVER_ID`='975d02b5-d542-491f-8c51-e06c484d022d', `OWNER`=NULL WHERE `ID`='dc1ff862-133c-44b5-b1fc-3f33c5a3c3e7' AND `NAME`='Default Permission' AND `DESCRIPTION` IS NULL AND `TYPE`='resource' AND `DECISION_STRATEGY`='1' AND `LOGIC`='0' AND `RESOURCE_SERVER_ID`='975d02b5-d542-491f-8c51-e06c484d022d' AND `OWNER` IS NULL LIMIT 1; #start 8489050 end 8492318 time 2021-08-02 19:53:53
INSERT INTO `keycloak`.`ASSOCIATED_POLICY`(`POLICY_ID`, `ASSOCIATED_POLICY_ID`) VALUES ('dc1ff862-133c-44b5-b1fc-3f33c5a3c3e7', 'b37b26d6-b47d-4320-a43a-8e5f0ca5baa5'); #start 8489050 end 8492489 time 2021-08-02 19:53:53
INSERT INTO `keycloak`.`POLICY_CONFIG`(`POLICY_ID`, `NAME`, `VALUE`) VALUES ('dc1ff862-133c-44b5-b1fc-3f33c5a3c3e7', 'defaultResourceType', 'urn:coreapi:resources:default'); #start 8489050 end 8492675 time 2021-08-02 19:53:53
UPDATE `keycloak`.`CLIENT` SET `ID`='975d02b5-d542-491f-8c51-e06c484d022d', `ENABLED`='1', `FULL_SCOPE_ALLOWED`='1', `CLIENT_ID`='coreapi', `NOT_BEFORE`=0, `PUBLIC_CLIENT`='0', `SECRET`='22eaade5-7d92-45c2-a839-4e5aa476f28d', `BASE_URL`=NULL, `BEARER_ONLY`='0', `MANAGEMENT_URL`=NULL, `SURROGATE_AUTH_REQUIRED`='0', `REALM_ID`='baishancloud', `PROTOCOL`='openid-connect', `NODE_REREG_TIMEOUT`=-1, `FRONTCHANNEL_LOGOUT`='0', `CONSENT_REQUIRED`='0', `NAME`=NULL, `SERVICE_ACCOUNTS_ENABLED`='1', `CLIENT_AUTHENTICATOR_TYPE`='client-secret', `ROOT_URL`='https://172.18.28.240:8888', `DESCRIPTION`=NULL, `REGISTRATION_TOKEN`=NULL, `STANDARD_FLOW_ENABLED`='0', `IMPLICIT_FLOW_ENABLED`='0', `DIRECT_ACCESS_GRANTS_ENABLED`='0' WHERE `ID`='975d02b5-d542-491f-8c51-e06c484d022d' AND `ENABLED`='1' AND `FULL_SCOPE_ALLOWED`='1' AND `CLIENT_ID`='coreapi' AND `NOT_BEFORE`=0 AND `PUBLIC_CLIENT`='0' AND `SECRET`='22eaade5-7d92-45c2-a839-4e5aa476f28d' AND `BASE_URL` IS NULL AND `BEARER_ONLY`='0' AND `MANAGEMENT_URL` IS NULL AND `SURROGATE_AUTH_REQUIRED`='0' AND `REALM_ID`='baishancloud' AND `PROTOCOL`='openid-connect' AND `NODE_REREG_TIMEOUT`=-1 AND `FRONTCHANNEL_LOGOUT`='0' AND `CONSENT_REQUIRED`='0' AND `NAME` IS NULL AND `SERVICE_ACCOUNTS_ENABLED`='1' AND `CLIENT_AUTHENTICATOR_TYPE`='client-secret' AND `ROOT_URL`='https://172.18.28.240:8888' AND `DESCRIPTION` IS NULL AND `REGISTRATION_TOKEN` IS NULL AND `STANDARD_FLOW_ENABLED`='1' AND `IMPLICIT_FLOW_ENABLED`='0' AND `DIRECT_ACCESS_GRANTS_ENABLED`='0' LIMIT 1; #start 8492763 end 8493345 time 2021-08-02 19:54:39
DELETE FROM `keycloak`.`REDIRECT_URIS` WHERE `CLIENT_ID`='975d02b5-d542-491f-8c51-e06c484d022d' AND `VALUE`='http://172.19.123.28:5556/*' LIMIT 1; #start 8492763 end 8493572 time 2021-08-02 19:54:39
DELETE FROM `keycloak`.`REDIRECT_URIS` WHERE `CLIENT_ID`='975d02b5-d542-491f-8c51-e06c484d022d' AND `VALUE`='https://172.18.28.240:8888/*' LIMIT 1; #start 8492763 end 8493572 time 2021-08-02 19:54:39
DELETE FROM `keycloak`.`WEB_ORIGINS` WHERE `CLIENT_ID`='975d02b5-d542-491f-8c51-e06c484d022d' AND `VALUE`='*' LIMIT 1; #start 8492763 end 8493703 time 2021-08-02 19:54:39
INSERT INTO `keycloak`.`REDIRECT_URIS`(`CLIENT_ID`, `VALUE`) VALUES ('975d02b5-d542-491f-8c51-e06c484d022d', 'https://172.18.28.240:8888/*'); #start 8492763 end 8493863 time 2021-08-02 19:54:39
INSERT INTO `keycloak`.`REDIRECT_URIS`(`CLIENT_ID`, `VALUE`) VALUES ('975d02b5-d542-491f-8c51-e06c484d022d', 'http://172.19.123.28:5556/*'); #start 8492763 end 8494022 time 2021-08-02 19:54:39
INSERT INTO `keycloak`.`WEB_ORIGINS`(`CLIENT_ID`, `VALUE`) VALUES ('975d02b5-d542-491f-8c51-e06c484d022d', '*'); #start 8492763 end 8494153 time 2021-08-02 19:54:39
UPDATE `keycloak`.`CLIENT` SET `ID`='975d02b5-d542-491f-8c51-e06c484d022d', `ENABLED`='1', `FULL_SCOPE_ALLOWED`='1', `CLIENT_ID`='coreapi', `NOT_BEFORE`=0, `PUBLIC_CLIENT`='0', `SECRET`='22eaade5-7d92-45c2-a839-4e5aa476f28d', `BASE_URL`=NULL, `BEARER_ONLY`='0', `MANAGEMENT_URL`=NULL, `SURROGATE_AUTH_REQUIRED`='0', `REALM_ID`='baishancloud', `PROTOCOL`='openid-connect', `NODE_REREG_TIMEOUT`=-1, `FRONTCHANNEL_LOGOUT`='0', `CONSENT_REQUIRED`='0', `NAME`=NULL, `SERVICE_ACCOUNTS_ENABLED`='1', `CLIENT_AUTHENTICATOR_TYPE`='client-secret', `ROOT_URL`='https://172.18.28.240:8888', `DESCRIPTION`=NULL, `REGISTRATION_TOKEN`=NULL, `STANDARD_FLOW_ENABLED`='0', `IMPLICIT_FLOW_ENABLED`='1', `DIRECT_ACCESS_GRANTS_ENABLED`='1' WHERE `ID`='975d02b5-d542-491f-8c51-e06c484d022d' AND `ENABLED`='1' AND `FULL_SCOPE_ALLOWED`='1' AND `CLIENT_ID`='coreapi' AND `NOT_BEFORE`=0 AND `PUBLIC_CLIENT`='0' AND `SECRET`='22eaade5-7d92-45c2-a839-4e5aa476f28d' AND `BASE_URL` IS NULL AND `BEARER_ONLY`='0' AND `MANAGEMENT_URL` IS NULL AND `SURROGATE_AUTH_REQUIRED`='0' AND `REALM_ID`='baishancloud' AND `PROTOCOL`='openid-connect' AND `NODE_REREG_TIMEOUT`=-1 AND `FRONTCHANNEL_LOGOUT`='0' AND `CONSENT_REQUIRED`='0' AND `NAME` IS NULL AND `SERVICE_ACCOUNTS_ENABLED`='1' AND `CLIENT_AUTHENTICATOR_TYPE`='client-secret' AND `ROOT_URL`='https://172.18.28.240:8888' AND `DESCRIPTION` IS NULL AND `REGISTRATION_TOKEN` IS NULL AND `STANDARD_FLOW_ENABLED`='0' AND `IMPLICIT_FLOW_ENABLED`='0' AND `DIRECT_ACCESS_GRANTS_ENABLED`='0' LIMIT 1; #start 8494241 end 8494823 time 2021-08-02 19:55:01
DELETE FROM `keycloak`.`REDIRECT_URIS` WHERE `CLIENT_ID`='975d02b5-d542-491f-8c51-e06c484d022d' AND `VALUE`='http://172.19.123.28:5556/*' LIMIT 1; #start 8494241 end 8495050 time 2021-08-02 19:55:01
DELETE FROM `keycloak`.`REDIRECT_URIS` WHERE `CLIENT_ID`='975d02b5-d542-491f-8c51-e06c484d022d' AND `VALUE`='https://172.18.28.240:8888/*' LIMIT 1; #start 8494241 end 8495050 time 2021-08-02 19:55:01
DELETE FROM `keycloak`.`WEB_ORIGINS` WHERE `CLIENT_ID`='975d02b5-d542-491f-8c51-e06c484d022d' AND `VALUE`='*' LIMIT 1; #start 8494241 end 8495181 time 2021-08-02 19:55:01
INSERT INTO `keycloak`.`REDIRECT_URIS`(`CLIENT_ID`, `VALUE`) VALUES ('975d02b5-d542-491f-8c51-e06c484d022d', 'https://172.18.28.240:8888/*'); #start 8494241 end 8495341 time 2021-08-02 19:55:01
INSERT INTO `keycloak`.`REDIRECT_URIS`(`CLIENT_ID`, `VALUE`) VALUES ('975d02b5-d542-491f-8c51-e06c484d022d', 'http://172.19.123.28:5556/*'); #start 8494241 end 8495500 time 2021-08-02 19:55:01
INSERT INTO `keycloak`.`WEB_ORIGINS`(`CLIENT_ID`, `VALUE`) VALUES ('975d02b5-d542-491f-8c51-e06c484d022d', '*'); #start 8494241 end 8495631 time 2021-08-02 19:55:01
UPDATE `keycloak`.`CLIENT` SET `ID`='975d02b5-d542-491f-8c51-e06c484d022d', `ENABLED`='1', `FULL_SCOPE_ALLOWED`='1', `CLIENT_ID`='coreapi', `NOT_BEFORE`=0, `PUBLIC_CLIENT`='0', `SECRET`='22eaade5-7d92-45c2-a839-4e5aa476f28d', `BASE_URL`=NULL, `BEARER_ONLY`='0', `MANAGEMENT_URL`=NULL, `SURROGATE_AUTH_REQUIRED`='0', `REALM_ID`='baishancloud', `PROTOCOL`='openid-connect', `NODE_REREG_TIMEOUT`=-1, `FRONTCHANNEL_LOGOUT`='0', `CONSENT_REQUIRED`='0', `NAME`=NULL, `SERVICE_ACCOUNTS_ENABLED`='1', `CLIENT_AUTHENTICATOR_TYPE`='client-secret', `ROOT_URL`='https://172.18.28.240:8888', `DESCRIPTION`=NULL, `REGISTRATION_TOKEN`=NULL, `STANDARD_FLOW_ENABLED`='1', `IMPLICIT_FLOW_ENABLED`='0', `DIRECT_ACCESS_GRANTS_ENABLED`='0' WHERE `ID`='975d02b5-d542-491f-8c51-e06c484d022d' AND `ENABLED`='1' AND `FULL_SCOPE_ALLOWED`='1' AND `CLIENT_ID`='coreapi' AND `NOT_BEFORE`=0 AND `PUBLIC_CLIENT`='0' AND `SECRET`='22eaade5-7d92-45c2-a839-4e5aa476f28d' AND `BASE_URL` IS NULL AND `BEARER_ONLY`='0' AND `MANAGEMENT_URL` IS NULL AND `SURROGATE_AUTH_REQUIRED`='0' AND `REALM_ID`='baishancloud' AND `PROTOCOL`='openid-connect' AND `NODE_REREG_TIMEOUT`=-1 AND `FRONTCHANNEL_LOGOUT`='0' AND `CONSENT_REQUIRED`='0' AND `NAME` IS NULL AND `SERVICE_ACCOUNTS_ENABLED`='1' AND `CLIENT_AUTHENTICATOR_TYPE`='client-secret' AND `ROOT_URL`='https://172.18.28.240:8888' AND `DESCRIPTION` IS NULL AND `REGISTRATION_TOKEN` IS NULL AND `STANDARD_FLOW_ENABLED`='0' AND `IMPLICIT_FLOW_ENABLED`='1' AND `DIRECT_ACCESS_GRANTS_ENABLED`='1' LIMIT 1; #start 8495719 end 8496301 time 2021-08-02 20:00:58
DELETE FROM `keycloak`.`REDIRECT_URIS` WHERE `CLIENT_ID`='975d02b5-d542-491f-8c51-e06c484d022d' AND `VALUE`='http://172.19.123.28:5556/*' LIMIT 1; #start 8495719 end 8496528 time 2021-08-02 20:00:58
DELETE FROM `keycloak`.`REDIRECT_URIS` WHERE `CLIENT_ID`='975d02b5-d542-491f-8c51-e06c484d022d' AND `VALUE`='https://172.18.28.240:8888/*' LIMIT 1; #start 8495719 end 8496528 time 2021-08-02 20:00:58
DELETE FROM `keycloak`.`WEB_ORIGINS` WHERE `CLIENT_ID`='975d02b5-d542-491f-8c51-e06c484d022d' AND `VALUE`='*' LIMIT 1; #start 8495719 end 8496659 time 2021-08-02 20:00:58
INSERT INTO `keycloak`.`REDIRECT_URIS`(`CLIENT_ID`, `VALUE`) VALUES ('975d02b5-d542-491f-8c51-e06c484d022d', 'https://172.18.28.240:8888/*'); #start 8495719 end 8496819 time 2021-08-02 20:00:58
INSERT INTO `keycloak`.`REDIRECT_URIS`(`CLIENT_ID`, `VALUE`) VALUES ('975d02b5-d542-491f-8c51-e06c484d022d', 'http://172.19.123.28:5556/*'); #start 8495719 end 8496978 time 2021-08-02 20:00:58
INSERT INTO `keycloak`.`WEB_ORIGINS`(`CLIENT_ID`, `VALUE`) VALUES ('975d02b5-d542-491f-8c51-e06c484d022d', '*'); #start 8495719 end 8497109 time 2021-08-02 20:00:58
DELETE FROM `keycloak`.`AUTHENTICATION_EXECUTION` WHERE `ID`='d5b0b5f4-fcdc-4b26-9126-72b1b9251a3c' AND `ALIAS` IS NULL AND `AUTHENTICATOR`='password-encryption' AND `REALM_ID`='baishancloud' AND `FLOW_ID`='d71507c3-4d26-489f-9b64-1698b9dad53a' AND `REQUIREMENT`=0 AND `PRIORITY`=0 AND `AUTHENTICATOR_FLOW`='0' AND `AUTH_FLOW_ID` IS NULL AND `AUTH_CONFIG` IS NULL LIMIT 1; #start 8497197 end 8497504 time 2021-08-02 20:01:57
DELETE FROM `keycloak`.`AUTHENTICATION_FLOW` WHERE `ID`='d71507c3-4d26-489f-9b64-1698b9dad53a' AND `ALIAS`='encpwd' AND `DESCRIPTION`='encpwd' AND `REALM_ID`='baishancloud' AND `PROVIDER_ID`='basic-flow' AND `TOP_LEVEL`='1' AND `BUILT_IN`='0' LIMIT 1; #start 8497197 end 8497697 time 2021-08-02 20:01:57
UPDATE `keycloak`.`AUTHENTICATION_EXECUTION` SET `ID`='6cc4aaf7-c9e0-4699-88cb-f9f09a8692c5', `ALIAS`=NULL, `AUTHENTICATOR`='client-secret', `REALM_ID`='baishancloud', `FLOW_ID`='8bdb5cd5-6bbc-4bb2-94ae-3c25cc52f53d', `REQUIREMENT`=3, `PRIORITY`=10, `AUTHENTICATOR_FLOW`='0', `AUTH_FLOW_ID`=NULL, `AUTH_CONFIG`=NULL WHERE `ID`='6cc4aaf7-c9e0-4699-88cb-f9f09a8692c5' AND `ALIAS` IS NULL AND `AUTHENTICATOR`='client-secret' AND `REALM_ID`='baishancloud' AND `FLOW_ID`='8bdb5cd5-6bbc-4bb2-94ae-3c25cc52f53d' AND `REQUIREMENT`=2 AND `PRIORITY`=10 AND `AUTHENTICATOR_FLOW`='0' AND `AUTH_FLOW_ID` IS NULL AND `AUTH_CONFIG` IS NULL LIMIT 1; #start 8497785 end 8498200 time 2021-08-02 20:06:09
UPDATE `keycloak`.`AUTHENTICATION_EXECUTION` SET `ID`='e9d60a70-55f9-4a50-b2b5-465cc7f84a9d', `ALIAS`=NULL, `AUTHENTICATOR`='client-jwt', `REALM_ID`='baishancloud', `FLOW_ID`='8bdb5cd5-6bbc-4bb2-94ae-3c25cc52f53d', `REQUIREMENT`=3, `PRIORITY`=20, `AUTHENTICATOR_FLOW`='0', `AUTH_FLOW_ID`=NULL, `AUTH_CONFIG`=NULL WHERE `ID`='e9d60a70-55f9-4a50-b2b5-465cc7f84a9d' AND `ALIAS` IS NULL AND `AUTHENTICATOR`='client-jwt' AND `REALM_ID`='baishancloud' AND `FLOW_ID`='8bdb5cd5-6bbc-4bb2-94ae-3c25cc52f53d' AND `REQUIREMENT`=2 AND `PRIORITY`=20 AND `AUTHENTICATOR_FLOW`='0' AND `AUTH_FLOW_ID` IS NULL AND `AUTH_CONFIG` IS NULL LIMIT 1; #start 8498288 end 8498697 time 2021-08-02 20:06:10
UPDATE `keycloak`.`AUTHENTICATION_EXECUTION` SET `ID`='e226c356-3d59-4342-8282-0b4817b7cd06', `ALIAS`=NULL, `AUTHENTICATOR`='client-secret-jwt', `REALM_ID`='baishancloud', `FLOW_ID`='8bdb5cd5-6bbc-4bb2-94ae-3c25cc52f53d', `REQUIREMENT`=3, `PRIORITY`=30, `AUTHENTICATOR_FLOW`='0', `AUTH_FLOW_ID`=NULL, `AUTH_CONFIG`=NULL WHERE `ID`='e226c356-3d59-4342-8282-0b4817b7cd06' AND `ALIAS` IS NULL AND `AUTHENTICATOR`='client-secret-jwt' AND `REALM_ID`='baishancloud' AND `FLOW_ID`='8bdb5cd5-6bbc-4bb2-94ae-3c25cc52f53d' AND `REQUIREMENT`=2 AND `PRIORITY`=30 AND `AUTHENTICATOR_FLOW`='0' AND `AUTH_FLOW_ID` IS NULL AND `AUTH_CONFIG` IS NULL LIMIT 1; #start 8498785 end 8499208 time 2021-08-02 20:06:11
UPDATE `keycloak`.`AUTHENTICATION_EXECUTION` SET `ID`='eb868a35-fba5-4145-b021-5958864223b4', `ALIAS`=NULL, `AUTHENTICATOR`='client-x509', `REALM_ID`='baishancloud', `FLOW_ID`='8bdb5cd5-6bbc-4bb2-94ae-3c25cc52f53d', `REQUIREMENT`=3, `PRIORITY`=40, `AUTHENTICATOR_FLOW`='0', `AUTH_FLOW_ID`=NULL, `AUTH_CONFIG`=NULL WHERE `ID`='eb868a35-fba5-4145-b021-5958864223b4' AND `ALIAS` IS NULL AND `AUTHENTICATOR`='client-x509' AND `REALM_ID`='baishancloud' AND `FLOW_ID`='8bdb5cd5-6bbc-4bb2-94ae-3c25cc52f53d' AND `REQUIREMENT`=2 AND `PRIORITY`=40 AND `AUTHENTICATOR_FLOW`='0' AND `AUTH_FLOW_ID` IS NULL AND `AUTH_CONFIG` IS NULL LIMIT 1; #start 8499296 end 8499707 time 2021-08-02 20:06:12
UPDATE `keycloak`.`AUTHENTICATION_EXECUTION` SET `ID`='6cc4aaf7-c9e0-4699-88cb-f9f09a8692c5', `ALIAS`=NULL, `AUTHENTICATOR`='client-secret', `REALM_ID`='baishancloud', `FLOW_ID`='8bdb5cd5-6bbc-4bb2-94ae-3c25cc52f53d', `REQUIREMENT`=2, `PRIORITY`=10, `AUTHENTICATOR_FLOW`='0', `AUTH_FLOW_ID`=NULL, `AUTH_CONFIG`=NULL WHERE `ID`='6cc4aaf7-c9e0-4699-88cb-f9f09a8692c5' AND `ALIAS` IS NULL AND `AUTHENTICATOR`='client-secret' AND `REALM_ID`='baishancloud' AND `FLOW_ID`='8bdb5cd5-6bbc-4bb2-94ae-3c25cc52f53d' AND `REQUIREMENT`=3 AND `PRIORITY`=10 AND `AUTHENTICATOR_FLOW`='0' AND `AUTH_FLOW_ID` IS NULL AND `AUTH_CONFIG` IS NULL LIMIT 1; #start 8499795 end 8500210 time 2021-08-02 20:13:17
UPDATE `keycloak`.`AUTHENTICATION_EXECUTION` SET `ID`='e9d60a70-55f9-4a50-b2b5-465cc7f84a9d', `ALIAS`=NULL, `AUTHENTICATOR`='client-jwt', `REALM_ID`='baishancloud', `FLOW_ID`='8bdb5cd5-6bbc-4bb2-94ae-3c25cc52f53d', `REQUIREMENT`=2, `PRIORITY`=20, `AUTHENTICATOR_FLOW`='0', `AUTH_FLOW_ID`=NULL, `AUTH_CONFIG`=NULL WHERE `ID`='e9d60a70-55f9-4a50-b2b5-465cc7f84a9d' AND `ALIAS` IS NULL AND `AUTHENTICATOR`='client-jwt' AND `REALM_ID`='baishancloud' AND `FLOW_ID`='8bdb5cd5-6bbc-4bb2-94ae-3c25cc52f53d' AND `REQUIREMENT`=3 AND `PRIORITY`=20 AND `AUTHENTICATOR_FLOW`='0' AND `AUTH_FLOW_ID` IS NULL AND `AUTH_CONFIG` IS NULL LIMIT 1; #start 8500298 end 8500707 time 2021-08-02 20:13:18
UPDATE `keycloak`.`AUTHENTICATION_EXECUTION` SET `ID`='e226c356-3d59-4342-8282-0b4817b7cd06', `ALIAS`=NULL, `AUTHENTICATOR`='client-secret-jwt', `REALM_ID`='baishancloud', `FLOW_ID`='8bdb5cd5-6bbc-4bb2-94ae-3c25cc52f53d', `REQUIREMENT`=2, `PRIORITY`=30, `AUTHENTICATOR_FLOW`='0', `AUTH_FLOW_ID`=NULL, `AUTH_CONFIG`=NULL WHERE `ID`='e226c356-3d59-4342-8282-0b4817b7cd06' AND `ALIAS` IS NULL AND `AUTHENTICATOR`='client-secret-jwt' AND `REALM_ID`='baishancloud' AND `FLOW_ID`='8bdb5cd5-6bbc-4bb2-94ae-3c25cc52f53d' AND `REQUIREMENT`=3 AND `PRIORITY`=30 AND `AUTHENTICATOR_FLOW`='0' AND `AUTH_FLOW_ID` IS NULL AND `AUTH_CONFIG` IS NULL LIMIT 1; #start 8500795 end 8501218 time 2021-08-02 20:13:19
UPDATE `keycloak`.`AUTHENTICATION_EXECUTION` SET `ID`='eb868a35-fba5-4145-b021-5958864223b4', `ALIAS`=NULL, `AUTHENTICATOR`='client-x509', `REALM_ID`='baishancloud', `FLOW_ID`='8bdb5cd5-6bbc-4bb2-94ae-3c25cc52f53d', `REQUIREMENT`=2, `PRIORITY`=40, `AUTHENTICATOR_FLOW`='0', `AUTH_FLOW_ID`=NULL, `AUTH_CONFIG`=NULL WHERE `ID`='eb868a35-fba5-4145-b021-5958864223b4' AND `ALIAS` IS NULL AND `AUTHENTICATOR`='client-x509' AND `REALM_ID`='baishancloud' AND `FLOW_ID`='8bdb5cd5-6bbc-4bb2-94ae-3c25cc52f53d' AND `REQUIREMENT`=3 AND `PRIORITY`=40 AND `AUTHENTICATOR_FLOW`='0' AND `AUTH_FLOW_ID` IS NULL AND `AUTH_CONFIG` IS NULL LIMIT 1; #start 8501306 end 8501717 time 2021-08-02 20:13:19
INSERT INTO `keycloak`.`CLIENT`(`ID`, `ENABLED`, `FULL_SCOPE_ALLOWED`, `CLIENT_ID`, `NOT_BEFORE`, `PUBLIC_CLIENT`, `SECRET`, `BASE_URL`, `BEARER_ONLY`, `MANAGEMENT_URL`, `SURROGATE_AUTH_REQUIRED`, `REALM_ID`, `PROTOCOL`, `NODE_REREG_TIMEOUT`, `FRONTCHANNEL_LOGOUT`, `CONSENT_REQUIRED`, `NAME`, `SERVICE_ACCOUNTS_ENABLED`, `CLIENT_AUTHENTICATOR_TYPE`, `ROOT_URL`, `DESCRIPTION`, `REGISTRATION_TOKEN`, `STANDARD_FLOW_ENABLED`, `IMPLICIT_FLOW_ENABLED`, `DIRECT_ACCESS_GRANTS_ENABLED`) VALUES ('b5cdc86f-177c-4838-8819-cfcf0f186d08', '1', '0', 'coreapi1', 0, '0', NULL, NULL, '0', NULL, '0', 'baishancloud', NULL, 0, '0', '0', NULL, '0', NULL, NULL, NULL, NULL, '1', '0', '0'); #start 8501805 end 8502108 time 2021-08-02 20:15:30
INSERT INTO `keycloak`.`CLIENT_SCOPE_CLIENT`(`CLIENT_ID`, `SCOPE_ID`, `DEFAULT_SCOPE`) VALUES ('b5cdc86f-177c-4838-8819-cfcf0f186d08', '22920758-5d04-45bb-9675-5d264f021132', '1'); #start 8501805 end 8502285 time 2021-08-02 20:15:30
INSERT INTO `keycloak`.`CLIENT_SCOPE_CLIENT`(`CLIENT_ID`, `SCOPE_ID`, `DEFAULT_SCOPE`) VALUES ('b5cdc86f-177c-4838-8819-cfcf0f186d08', '5c045129-d0b9-4353-a953-34a3d09438e2', '1'); #start 8501805 end 8502462 time 2021-08-02 20:15:30
INSERT INTO `keycloak`.`CLIENT_SCOPE_CLIENT`(`CLIENT_ID`, `SCOPE_ID`, `DEFAULT_SCOPE`) VALUES ('b5cdc86f-177c-4838-8819-cfcf0f186d08', 'de143345-5cbc-4912-93fc-9fe118719471', '1'); #start 8501805 end 8502639 time 2021-08-02 20:15:30
INSERT INTO `keycloak`.`CLIENT_SCOPE_CLIENT`(`CLIENT_ID`, `SCOPE_ID`, `DEFAULT_SCOPE`) VALUES ('b5cdc86f-177c-4838-8819-cfcf0f186d08', '13946b60-2c28-4b0a-9311-0787f9d7e239', '0'); #start 8501805 end 8502816 time 2021-08-02 20:15:30
INSERT INTO `keycloak`.`CLIENT_SCOPE_CLIENT`(`CLIENT_ID`, `SCOPE_ID`, `DEFAULT_SCOPE`) VALUES ('b5cdc86f-177c-4838-8819-cfcf0f186d08', '3182d1f6-0310-499c-9299-58c0f9cb0c45', '0'); #start 8501805 end 8502993 time 2021-08-02 20:15:31
INSERT INTO `keycloak`.`CLIENT_SCOPE_CLIENT`(`CLIENT_ID`, `SCOPE_ID`, `DEFAULT_SCOPE`) VALUES ('b5cdc86f-177c-4838-8819-cfcf0f186d08', 'be46632e-db09-42da-aea0-37130ce7bb77', '0'); #start 8501805 end 8503170 time 2021-08-02 20:15:31
UPDATE `keycloak`.`CLIENT` SET `ID`='b5cdc86f-177c-4838-8819-cfcf0f186d08', `ENABLED`='1', `FULL_SCOPE_ALLOWED`='1', `CLIENT_ID`='coreapi1', `NOT_BEFORE`=0, `PUBLIC_CLIENT`='0', `SECRET`='9f84e697-2495-4c6d-ab90-3c5024bf2513', `BASE_URL`=NULL, `BEARER_ONLY`='0', `MANAGEMENT_URL`=NULL, `SURROGATE_AUTH_REQUIRED`='0', `REALM_ID`='baishancloud', `PROTOCOL`='openid-connect', `NODE_REREG_TIMEOUT`=-1, `FRONTCHANNEL_LOGOUT`='0', `CONSENT_REQUIRED`='0', `NAME`=NULL, `SERVICE_ACCOUNTS_ENABLED`='0', `CLIENT_AUTHENTICATOR_TYPE`='client-secret', `ROOT_URL`=NULL, `DESCRIPTION`=NULL, `REGISTRATION_TOKEN`=NULL, `STANDARD_FLOW_ENABLED`='1', `IMPLICIT_FLOW_ENABLED`='0', `DIRECT_ACCESS_GRANTS_ENABLED`='0' WHERE `ID`='b5cdc86f-177c-4838-8819-cfcf0f186d08' AND `ENABLED`='1' AND `FULL_SCOPE_ALLOWED`='0' AND `CLIENT_ID`='coreapi1' AND `NOT_BEFORE`=0 AND `PUBLIC_CLIENT`='0' AND `SECRET` IS NULL AND `BASE_URL` IS NULL AND `BEARER_ONLY`='0' AND `MANAGEMENT_URL` IS NULL AND `SURROGATE_AUTH_REQUIRED`='0' AND `REALM_ID`='baishancloud' AND `PROTOCOL` IS NULL AND `NODE_REREG_TIMEOUT`=0 AND `FRONTCHANNEL_LOGOUT`='0' AND `CONSENT_REQUIRED`='0' AND `NAME` IS NULL AND `SERVICE_ACCOUNTS_ENABLED`='0' AND `CLIENT_AUTHENTICATOR_TYPE` IS NULL AND `ROOT_URL` IS NULL AND `DESCRIPTION` IS NULL AND `REGISTRATION_TOKEN` IS NULL AND `STANDARD_FLOW_ENABLED`='1' AND `IMPLICIT_FLOW_ENABLED`='0' AND `DIRECT_ACCESS_GRANTS_ENABLED`='0' LIMIT 1; #start 8501805 end 8503565 time 2021-08-02 20:15:31
UPDATE `keycloak`.`CLIENT` SET `ID`='b5cdc86f-177c-4838-8819-cfcf0f186d08', `ENABLED`='1', `FULL_SCOPE_ALLOWED`='1', `CLIENT_ID`='coreapi1', `NOT_BEFORE`=0, `PUBLIC_CLIENT`='1', `SECRET`='9f84e697-2495-4c6d-ab90-3c5024bf2513', `BASE_URL`=NULL, `BEARER_ONLY`='0', `MANAGEMENT_URL`=NULL, `SURROGATE_AUTH_REQUIRED`='0', `REALM_ID`='baishancloud', `PROTOCOL`='openid-connect', `NODE_REREG_TIMEOUT`=-1, `FRONTCHANNEL_LOGOUT`='0', `CONSENT_REQUIRED`='0', `NAME`=NULL, `SERVICE_ACCOUNTS_ENABLED`='0', `CLIENT_AUTHENTICATOR_TYPE`='client-secret', `ROOT_URL`=NULL, `DESCRIPTION`=NULL, `REGISTRATION_TOKEN`=NULL, `STANDARD_FLOW_ENABLED`='1', `IMPLICIT_FLOW_ENABLED`='0', `DIRECT_ACCESS_GRANTS_ENABLED`='1' WHERE `ID`='b5cdc86f-177c-4838-8819-cfcf0f186d08' AND `ENABLED`='1' AND `FULL_SCOPE_ALLOWED`='1' AND `CLIENT_ID`='coreapi1' AND `NOT_BEFORE`=0 AND `PUBLIC_CLIENT`='0' AND `SECRET`='9f84e697-2495-4c6d-ab90-3c5024bf2513' AND `BASE_URL` IS NULL AND `BEARER_ONLY`='0' AND `MANAGEMENT_URL` IS NULL AND `SURROGATE_AUTH_REQUIRED`='0' AND `REALM_ID`='baishancloud' AND `PROTOCOL`='openid-connect' AND `NODE_REREG_TIMEOUT`=-1 AND `FRONTCHANNEL_LOGOUT`='0' AND `CONSENT_REQUIRED`='0' AND `NAME` IS NULL AND `SERVICE_ACCOUNTS_ENABLED`='0' AND `CLIENT_AUTHENTICATOR_TYPE`='client-secret' AND `ROOT_URL` IS NULL AND `DESCRIPTION` IS NULL AND `REGISTRATION_TOKEN` IS NULL AND `STANDARD_FLOW_ENABLED`='1' AND `IMPLICIT_FLOW_ENABLED`='0' AND `DIRECT_ACCESS_GRANTS_ENABLED`='0' LIMIT 1; #start 8501805 end 8504029 time 2021-08-02 20:15:31
DELETE FROM `keycloak`.`REDIRECT_URIS` WHERE `CLIENT_ID`='975d02b5-d542-491f-8c51-e06c484d022d' AND `VALUE`='http://172.19.123.28:5556/*' LIMIT 1; #start 8504117 end 8504408 time 2021-08-02 20:35:11
DELETE FROM `keycloak`.`REDIRECT_URIS` WHERE `CLIENT_ID`='975d02b5-d542-491f-8c51-e06c484d022d' AND `VALUE`='https://172.18.28.240:8888/*' LIMIT 1; #start 8504117 end 8504408 time 2021-08-02 20:35:11
DELETE FROM `keycloak`.`WEB_ORIGINS` WHERE `CLIENT_ID`='975d02b5-d542-491f-8c51-e06c484d022d' AND `VALUE`='*' LIMIT 1; #start 8504117 end 8504539 time 2021-08-02 20:35:11
DELETE FROM `keycloak`.`CLIENT_AUTH_FLOW_BINDINGS` WHERE `CLIENT_ID`='975d02b5-d542-491f-8c51-e06c484d022d' AND `FLOW_ID`='a1822d8d-9138-4311-b7c3-8b97c4f835a3' AND `BINDING_NAME`='browser' LIMIT 1; #start 8504117 end 8504819 time 2021-08-02 20:35:11
DELETE FROM `keycloak`.`CLIENT_AUTH_FLOW_BINDINGS` WHERE `CLIENT_ID`='975d02b5-d542-491f-8c51-e06c484d022d' AND `FLOW_ID`='d71507c3-4d26-489f-9b64-1698b9dad53a' AND `BINDING_NAME`='direct_grant' LIMIT 1; #start 8504117 end 8504819 time 2021-08-02 20:35:11
INSERT INTO `keycloak`.`REDIRECT_URIS`(`CLIENT_ID`, `VALUE`) VALUES ('975d02b5-d542-491f-8c51-e06c484d022d', 'https://172.18.28.240:8888/*'); #start 8504117 end 8504979 time 2021-08-02 20:35:11
INSERT INTO `keycloak`.`REDIRECT_URIS`(`CLIENT_ID`, `VALUE`) VALUES ('975d02b5-d542-491f-8c51-e06c484d022d', 'http://172.19.123.28:5556/*'); #start 8504117 end 8505138 time 2021-08-02 20:35:11
INSERT INTO `keycloak`.`WEB_ORIGINS`(`CLIENT_ID`, `VALUE`) VALUES ('975d02b5-d542-491f-8c51-e06c484d022d', '*'); #start 8504117 end 8505269 time 2021-08-02 20:35:11
UPDATE `keycloak`.`CLIENT` SET `ID`='04e96893-af5b-4b76-8475-0830bcad2c27', `ENABLED`='1', `FULL_SCOPE_ALLOWED`='1', `CLIENT_ID`='runtime', `NOT_BEFORE`=0, `PUBLIC_CLIENT`='0', `SECRET`='d84bd46a-1136-477e-8108-cf9870282cb6', `BASE_URL`=NULL, `BEARER_ONLY`='0', `MANAGEMENT_URL`='https://172.18.28.240:8443', `SURROGATE_AUTH_REQUIRED`='0', `REALM_ID`='baishancloud', `PROTOCOL`='openid-connect', `NODE_REREG_TIMEOUT`=-1, `FRONTCHANNEL_LOGOUT`='0', `CONSENT_REQUIRED`='0', `NAME`='ttt', `SERVICE_ACCOUNTS_ENABLED`='0', `CLIENT_AUTHENTICATOR_TYPE`='client-secret', `ROOT_URL`='https://172.18.28.240:8443', `DESCRIPTION`=NULL, `REGISTRATION_TOKEN`=NULL, `STANDARD_FLOW_ENABLED`='1', `IMPLICIT_FLOW_ENABLED`='0', `DIRECT_ACCESS_GRANTS_ENABLED`='1' WHERE `ID`='04e96893-af5b-4b76-8475-0830bcad2c27' AND `ENABLED`='1' AND `FULL_SCOPE_ALLOWED`='1' AND `CLIENT_ID`='runtime' AND `NOT_BEFORE`=0 AND `PUBLIC_CLIENT`='0' AND `SECRET`='d84bd46a-1136-477e-8108-cf9870282cb6' AND `BASE_URL` IS NULL AND `BEARER_ONLY`='0' AND `MANAGEMENT_URL`='https://172.18.28.240:8443' AND `SURROGATE_AUTH_REQUIRED`='0' AND `REALM_ID`='baishancloud' AND `PROTOCOL`='openid-connect' AND `NODE_REREG_TIMEOUT`=-1 AND `FRONTCHANNEL_LOGOUT`='0' AND `CONSENT_REQUIRED`='0' AND `NAME` IS NULL AND `SERVICE_ACCOUNTS_ENABLED`='0' AND `CLIENT_AUTHENTICATOR_TYPE`='client-secret' AND `ROOT_URL`='https://172.18.28.240:8443' AND `DESCRIPTION` IS NULL AND `REGISTRATION_TOKEN` IS NULL AND `STANDARD_FLOW_ENABLED`='1' AND `IMPLICIT_FLOW_ENABLED`='0' AND `DIRECT_ACCESS_GRANTS_ENABLED`='1' LIMIT 1; #start 8505357 end 8506000 time 2021-08-02 20:35:27
DELETE FROM `keycloak`.`REDIRECT_URIS` WHERE `CLIENT_ID`='04e96893-af5b-4b76-8475-0830bcad2c27' AND `VALUE`='https://172.18.28.240:8443/*' LIMIT 1; #start 8505357 end 8506160 time 2021-08-02 20:35:27
DELETE FROM `keycloak`.`WEB_ORIGINS` WHERE `CLIENT_ID`='04e96893-af5b-4b76-8475-0830bcad2c27' AND `VALUE`='https://172.18.28.240:8443' LIMIT 1; #start 8505357 end 8506316 time 2021-08-02 20:35:27
INSERT INTO `keycloak`.`REDIRECT_URIS`(`CLIENT_ID`, `VALUE`) VALUES ('04e96893-af5b-4b76-8475-0830bcad2c27', 'https://172.18.28.240:8443/*'); #start 8505357 end 8506476 time 2021-08-02 20:35:27
INSERT INTO `keycloak`.`WEB_ORIGINS`(`CLIENT_ID`, `VALUE`) VALUES ('04e96893-af5b-4b76-8475-0830bcad2c27', 'https://172.18.28.240:8443'); #start 8505357 end 8506632 time 2021-08-02 20:35:27
UPDATE `keycloak`.`CLIENT` SET `ID`='975d02b5-d542-491f-8c51-e06c484d022d', `ENABLED`='1', `FULL_SCOPE_ALLOWED`='1', `CLIENT_ID`='coreapi', `NOT_BEFORE`=0, `PUBLIC_CLIENT`='0', `SECRET`='22eaade5-7d92-45c2-a839-4e5aa476f28d', `BASE_URL`=NULL, `BEARER_ONLY`='0', `MANAGEMENT_URL`=NULL, `SURROGATE_AUTH_REQUIRED`='0', `REALM_ID`='baishancloud', `PROTOCOL`='openid-connect', `NODE_REREG_TIMEOUT`=-1, `FRONTCHANNEL_LOGOUT`='0', `CONSENT_REQUIRED`='0', `NAME`='ttt', `SERVICE_ACCOUNTS_ENABLED`='1', `CLIENT_AUTHENTICATOR_TYPE`='client-secret', `ROOT_URL`='https://172.18.28.240:8888', `DESCRIPTION`=NULL, `REGISTRATION_TOKEN`=NULL, `STANDARD_FLOW_ENABLED`='1', `IMPLICIT_FLOW_ENABLED`='0', `DIRECT_ACCESS_GRANTS_ENABLED`='0' WHERE `ID`='975d02b5-d542-491f-8c51-e06c484d022d' AND `ENABLED`='1' AND `FULL_SCOPE_ALLOWED`='1' AND `CLIENT_ID`='coreapi' AND `NOT_BEFORE`=0 AND `PUBLIC_CLIENT`='0' AND `SECRET`='22eaade5-7d92-45c2-a839-4e5aa476f28d' AND `BASE_URL` IS NULL AND `BEARER_ONLY`='0' AND `MANAGEMENT_URL` IS NULL AND `SURROGATE_AUTH_REQUIRED`='0' AND `REALM_ID`='baishancloud' AND `PROTOCOL`='openid-connect' AND `NODE_REREG_TIMEOUT`=-1 AND `FRONTCHANNEL_LOGOUT`='0' AND `CONSENT_REQUIRED`='0' AND `NAME` IS NULL AND `SERVICE_ACCOUNTS_ENABLED`='1' AND `CLIENT_AUTHENTICATOR_TYPE`='client-secret' AND `ROOT_URL`='https://172.18.28.240:8888' AND `DESCRIPTION` IS NULL AND `REGISTRATION_TOKEN` IS NULL AND `STANDARD_FLOW_ENABLED`='1' AND `IMPLICIT_FLOW_ENABLED`='0' AND `DIRECT_ACCESS_GRANTS_ENABLED`='0' LIMIT 1; #start 8506720 end 8507307 time 2021-08-02 20:35:49
DELETE FROM `keycloak`.`REDIRECT_URIS` WHERE `CLIENT_ID`='975d02b5-d542-491f-8c51-e06c484d022d' AND `VALUE`='http://172.19.123.28:5556/*' LIMIT 1; #start 8506720 end 8507534 time 2021-08-02 20:35:49
DELETE FROM `keycloak`.`REDIRECT_URIS` WHERE `CLIENT_ID`='975d02b5-d542-491f-8c51-e06c484d022d' AND `VALUE`='https://172.18.28.240:8888/*' LIMIT 1; #start 8506720 end 8507534 time 2021-08-02 20:35:49
DELETE FROM `keycloak`.`WEB_ORIGINS` WHERE `CLIENT_ID`='975d02b5-d542-491f-8c51-e06c484d022d' AND `VALUE`='*' LIMIT 1; #start 8506720 end 8507665 time 2021-08-02 20:35:49
INSERT INTO `keycloak`.`REDIRECT_URIS`(`CLIENT_ID`, `VALUE`) VALUES ('975d02b5-d542-491f-8c51-e06c484d022d', 'https://172.18.28.240:8888/*'); #start 8506720 end 8507825 time 2021-08-02 20:35:49
INSERT INTO `keycloak`.`REDIRECT_URIS`(`CLIENT_ID`, `VALUE`) VALUES ('975d02b5-d542-491f-8c51-e06c484d022d', 'http://172.19.123.28:5556/*'); #start 8506720 end 8507984 time 2021-08-02 20:35:49
INSERT INTO `keycloak`.`WEB_ORIGINS`(`CLIENT_ID`, `VALUE`) VALUES ('975d02b5-d542-491f-8c51-e06c484d022d', '*'); #start 8506720 end 8508115 time 2021-08-02 20:35:49
DELETE FROM `keycloak`.`REDIRECT_URIS` WHERE `CLIENT_ID`='975d02b5-d542-491f-8c51-e06c484d022d' AND `VALUE`='http://172.19.123.28:5556/*' LIMIT 1; #start 8508203 end 8508494 time 2021-08-02 20:37:50
DELETE FROM `keycloak`.`REDIRECT_URIS` WHERE `CLIENT_ID`='975d02b5-d542-491f-8c51-e06c484d022d' AND `VALUE`='https://172.18.28.240:8888/*' LIMIT 1; #start 8508203 end 8508494 time 2021-08-02 20:37:50
DELETE FROM `keycloak`.`WEB_ORIGINS` WHERE `CLIENT_ID`='975d02b5-d542-491f-8c51-e06c484d022d' AND `VALUE`='*' LIMIT 1; #start 8508203 end 8508625 time 2021-08-02 20:37:50
INSERT INTO `keycloak`.`REDIRECT_URIS`(`CLIENT_ID`, `VALUE`) VALUES ('975d02b5-d542-491f-8c51-e06c484d022d', 'https://172.18.28.240:8888/*'); #start 8508203 end 8508785 time 2021-08-02 20:37:50
INSERT INTO `keycloak`.`REDIRECT_URIS`(`CLIENT_ID`, `VALUE`) VALUES ('975d02b5-d542-491f-8c51-e06c484d022d', 'http://172.19.123.28:5556/*'); #start 8508203 end 8508944 time 2021-08-02 20:37:50
INSERT INTO `keycloak`.`WEB_ORIGINS`(`CLIENT_ID`, `VALUE`) VALUES ('975d02b5-d542-491f-8c51-e06c484d022d', '*'); #start 8508203 end 8509075 time 2021-08-02 20:37:50
DELETE FROM `keycloak`.`POLICY_CONFIG` WHERE `POLICY_ID`='b37b26d6-b47d-4320-a43a-8e5f0ca5baa5' AND `NAME`='code' AND `VALUE`='// by default, grants any permission associated with this policy\n$evaluation.grant();\n' LIMIT 1; #start 8508203 end 8509303 time 2021-08-02 20:37:50
DELETE FROM `keycloak`.`ASSOCIATED_POLICY` WHERE `POLICY_ID`='dc1ff862-133c-44b5-b1fc-3f33c5a3c3e7' AND `ASSOCIATED_POLICY_ID`='b37b26d6-b47d-4320-a43a-8e5f0ca5baa5' LIMIT 1; #start 8508203 end 8509474 time 2021-08-02 20:37:50
DELETE FROM `keycloak`.`POLICY_CONFIG` WHERE `POLICY_ID`='dc1ff862-133c-44b5-b1fc-3f33c5a3c3e7' AND `NAME`='defaultResourceType' AND `VALUE`='urn:coreapi:resources:default' LIMIT 1; #start 8508203 end 8509660 time 2021-08-02 20:37:50
DELETE FROM `keycloak`.`RESOURCE_URIS` WHERE `RESOURCE_ID`='ec4a777b-b7f8-4a04-864c-7792cab9c458' AND `VALUE`='/*' AND `idd`=201 LIMIT 1; #start 8508203 end 8509803 time 2021-08-02 20:37:50
DELETE FROM `keycloak`.`RESOURCE_SERVER_POLICY` WHERE `ID`='b37b26d6-b47d-4320-a43a-8e5f0ca5baa5' AND `NAME`='Default Policy' AND `DESCRIPTION`='A policy that grants access only for users within this realm' AND `TYPE`='js' AND `DECISION_STRATEGY`='0' AND `LOGIC`='0' AND `RESOURCE_SERVER_ID`='975d02b5-d542-491f-8c51-e06c484d022d' AND `OWNER` IS NULL LIMIT 1; #start 8508203 end 8510083 time 2021-08-02 20:37:50
DELETE FROM `keycloak`.`RESOURCE_SERVER_POLICY` WHERE `ID`='dc1ff862-133c-44b5-b1fc-3f33c5a3c3e7' AND `NAME`='Default Permission' AND `DESCRIPTION`='A permission that applies to the default resource type' AND `TYPE`='resource' AND `DECISION_STRATEGY`='1' AND `LOGIC`='0' AND `RESOURCE_SERVER_ID`='975d02b5-d542-491f-8c51-e06c484d022d' AND `OWNER` IS NULL LIMIT 1; #start 8508203 end 8510367 time 2021-08-02 20:37:50
DELETE FROM `keycloak`.`RESOURCE_SERVER_RESOURCE` WHERE `ID`='ec4a777b-b7f8-4a04-864c-7792cab9c458' AND `NAME`='Default Resource' AND `TYPE`='urn:coreapi:resources:default' AND `ICON_URI` IS NULL AND `OWNER`='975d02b5-d542-491f-8c51-e06c484d022d' AND `RESOURCE_SERVER_ID`='975d02b5-d542-491f-8c51-e06c484d022d' AND `OWNER_MANAGED_ACCESS`='0' AND `DISPLAY_NAME` IS NULL LIMIT 1; #start 8508203 end 8510650 time 2021-08-02 20:37:50
DELETE FROM `keycloak`.`RESOURCE_SERVER` WHERE `ID`='975d02b5-d542-491f-8c51-e06c484d022d' AND `ALLOW_RS_REMOTE_MGMT`='0' AND `POLICY_ENFORCE_MODE`='0' LIMIT 1; #start 8508203 end 8510788 time 2021-08-02 20:37:50
DELETE FROM `keycloak`.`REDIRECT_URIS` WHERE `CLIENT_ID`='975d02b5-d542-491f-8c51-e06c484d022d' AND `VALUE`='http://172.19.123.28:5556/*' LIMIT 1; #start 8510876 end 8511167 time 2021-08-02 20:38:13
DELETE FROM `keycloak`.`REDIRECT_URIS` WHERE `CLIENT_ID`='975d02b5-d542-491f-8c51-e06c484d022d' AND `VALUE`='https://172.18.28.240:8888/*' LIMIT 1; #start 8510876 end 8511167 time 2021-08-02 20:38:13
DELETE FROM `keycloak`.`WEB_ORIGINS` WHERE `CLIENT_ID`='975d02b5-d542-491f-8c51-e06c484d022d' AND `VALUE`='*' LIMIT 1; #start 8510876 end 8511298 time 2021-08-02 20:38:13
INSERT INTO `keycloak`.`CLIENT_AUTH_FLOW_BINDINGS`(`CLIENT_ID`, `FLOW_ID`, `BINDING_NAME`) VALUES ('975d02b5-d542-491f-8c51-e06c484d022d', 'a1822d8d-9138-4311-b7c3-8b97c4f835a3', 'browser'); #start 8510876 end 8511489 time 2021-08-02 20:38:13
INSERT INTO `keycloak`.`REDIRECT_URIS`(`CLIENT_ID`, `VALUE`) VALUES ('975d02b5-d542-491f-8c51-e06c484d022d', 'https://172.18.28.240:8888/*'); #start 8510876 end 8511649 time 2021-08-02 20:38:13
INSERT INTO `keycloak`.`REDIRECT_URIS`(`CLIENT_ID`, `VALUE`) VALUES ('975d02b5-d542-491f-8c51-e06c484d022d', 'http://172.19.123.28:5556/*'); #start 8510876 end 8511808 time 2021-08-02 20:38:13
INSERT INTO `keycloak`.`WEB_ORIGINS`(`CLIENT_ID`, `VALUE`) VALUES ('975d02b5-d542-491f-8c51-e06c484d022d', '*'); #start 8510876 end 8511939 time 2021-08-02 20:38:13
UPDATE `keycloak`.`CLIENT` SET `ID`='975d02b5-d542-491f-8c51-e06c484d022d', `ENABLED`='1', `FULL_SCOPE_ALLOWED`='1', `CLIENT_ID`='coreapi', `NOT_BEFORE`=0, `PUBLIC_CLIENT`='1', `SECRET`='22eaade5-7d92-45c2-a839-4e5aa476f28d', `BASE_URL`=NULL, `BEARER_ONLY`='0', `MANAGEMENT_URL`=NULL, `SURROGATE_AUTH_REQUIRED`='0', `REALM_ID`='baishancloud', `PROTOCOL`='openid-connect', `NODE_REREG_TIMEOUT`=-1, `FRONTCHANNEL_LOGOUT`='0', `CONSENT_REQUIRED`='0', `NAME`='ttt', `SERVICE_ACCOUNTS_ENABLED`='1', `CLIENT_AUTHENTICATOR_TYPE`='client-secret', `ROOT_URL`='https://172.18.28.240:8888', `DESCRIPTION`=NULL, `REGISTRATION_TOKEN`=NULL, `STANDARD_FLOW_ENABLED`='1', `IMPLICIT_FLOW_ENABLED`='0', `DIRECT_ACCESS_GRANTS_ENABLED`='0' WHERE `ID`='975d02b5-d542-491f-8c51-e06c484d022d' AND `ENABLED`='1' AND `FULL_SCOPE_ALLOWED`='1' AND `CLIENT_ID`='coreapi' AND `NOT_BEFORE`=0 AND `PUBLIC_CLIENT`='0' AND `SECRET`='22eaade5-7d92-45c2-a839-4e5aa476f28d' AND `BASE_URL` IS NULL AND `BEARER_ONLY`='0' AND `MANAGEMENT_URL` IS NULL AND `SURROGATE_AUTH_REQUIRED`='0' AND `REALM_ID`='baishancloud' AND `PROTOCOL`='openid-connect' AND `NODE_REREG_TIMEOUT`=-1 AND `FRONTCHANNEL_LOGOUT`='0' AND `CONSENT_REQUIRED`='0' AND `NAME`='ttt' AND `SERVICE_ACCOUNTS_ENABLED`='1' AND `CLIENT_AUTHENTICATOR_TYPE`='client-secret' AND `ROOT_URL`='https://172.18.28.240:8888' AND `DESCRIPTION` IS NULL AND `REGISTRATION_TOKEN` IS NULL AND `STANDARD_FLOW_ENABLED`='1' AND `IMPLICIT_FLOW_ENABLED`='0' AND `DIRECT_ACCESS_GRANTS_ENABLED`='0' LIMIT 1; #start 8512027 end 8512619 time 2021-08-02 20:38:51
DELETE FROM `keycloak`.`REDIRECT_URIS` WHERE `CLIENT_ID`='975d02b5-d542-491f-8c51-e06c484d022d' AND `VALUE`='http://172.19.123.28:5556/*' LIMIT 1; #start 8512027 end 8512846 time 2021-08-02 20:38:51
DELETE FROM `keycloak`.`REDIRECT_URIS` WHERE `CLIENT_ID`='975d02b5-d542-491f-8c51-e06c484d022d' AND `VALUE`='https://172.18.28.240:8888/*' LIMIT 1; #start 8512027 end 8512846 time 2021-08-02 20:38:51
DELETE FROM `keycloak`.`WEB_ORIGINS` WHERE `CLIENT_ID`='975d02b5-d542-491f-8c51-e06c484d022d' AND `VALUE`='*' LIMIT 1; #start 8512027 end 8512977 time 2021-08-02 20:38:51
INSERT INTO `keycloak`.`REDIRECT_URIS`(`CLIENT_ID`, `VALUE`) VALUES ('975d02b5-d542-491f-8c51-e06c484d022d', 'https://172.18.28.240:8888/*'); #start 8512027 end 8513137 time 2021-08-02 20:38:51
INSERT INTO `keycloak`.`REDIRECT_URIS`(`CLIENT_ID`, `VALUE`) VALUES ('975d02b5-d542-491f-8c51-e06c484d022d', 'http://172.19.123.28:5556/*'); #start 8512027 end 8513296 time 2021-08-02 20:38:51
INSERT INTO `keycloak`.`WEB_ORIGINS`(`CLIENT_ID`, `VALUE`) VALUES ('975d02b5-d542-491f-8c51-e06c484d022d', '*'); #start 8512027 end 8513427 time 2021-08-02 20:38:51
UPDATE `keycloak`.`CLIENT` SET `ID`='975d02b5-d542-491f-8c51-e06c484d022d', `ENABLED`='1', `FULL_SCOPE_ALLOWED`='1', `CLIENT_ID`='coreapi', `NOT_BEFORE`=0, `PUBLIC_CLIENT`='1', `SECRET`='22eaade5-7d92-45c2-a839-4e5aa476f28d', `BASE_URL`=NULL, `BEARER_ONLY`='0', `MANAGEMENT_URL`=NULL, `SURROGATE_AUTH_REQUIRED`='0', `REALM_ID`='baishancloud', `PROTOCOL`='openid-connect', `NODE_REREG_TIMEOUT`=-1, `FRONTCHANNEL_LOGOUT`='0', `CONSENT_REQUIRED`='0', `NAME`='ttt', `SERVICE_ACCOUNTS_ENABLED`='1', `CLIENT_AUTHENTICATOR_TYPE`='client-secret', `ROOT_URL`='https://172.18.28.240:8888', `DESCRIPTION`=NULL, `REGISTRATION_TOKEN`=NULL, `STANDARD_FLOW_ENABLED`='1', `IMPLICIT_FLOW_ENABLED`='0', `DIRECT_ACCESS_GRANTS_ENABLED`='1' WHERE `ID`='975d02b5-d542-491f-8c51-e06c484d022d' AND `ENABLED`='1' AND `FULL_SCOPE_ALLOWED`='1' AND `CLIENT_ID`='coreapi' AND `NOT_BEFORE`=0 AND `PUBLIC_CLIENT`='1' AND `SECRET`='22eaade5-7d92-45c2-a839-4e5aa476f28d' AND `BASE_URL` IS NULL AND `BEARER_ONLY`='0' AND `MANAGEMENT_URL` IS NULL AND `SURROGATE_AUTH_REQUIRED`='0' AND `REALM_ID`='baishancloud' AND `PROTOCOL`='openid-connect' AND `NODE_REREG_TIMEOUT`=-1 AND `FRONTCHANNEL_LOGOUT`='0' AND `CONSENT_REQUIRED`='0' AND `NAME`='ttt' AND `SERVICE_ACCOUNTS_ENABLED`='1' AND `CLIENT_AUTHENTICATOR_TYPE`='client-secret' AND `ROOT_URL`='https://172.18.28.240:8888' AND `DESCRIPTION` IS NULL AND `REGISTRATION_TOKEN` IS NULL AND `STANDARD_FLOW_ENABLED`='1' AND `IMPLICIT_FLOW_ENABLED`='0' AND `DIRECT_ACCESS_GRANTS_ENABLED`='0' LIMIT 1; #start 8513515 end 8514107 time 2021-08-02 20:38:56
DELETE FROM `keycloak`.`REDIRECT_URIS` WHERE `CLIENT_ID`='975d02b5-d542-491f-8c51-e06c484d022d' AND `VALUE`='http://172.19.123.28:5556/*' LIMIT 1; #start 8513515 end 8514334 time 2021-08-02 20:38:56
DELETE FROM `keycloak`.`REDIRECT_URIS` WHERE `CLIENT_ID`='975d02b5-d542-491f-8c51-e06c484d022d' AND `VALUE`='https://172.18.28.240:8888/*' LIMIT 1; #start 8513515 end 8514334 time 2021-08-02 20:38:56
DELETE FROM `keycloak`.`WEB_ORIGINS` WHERE `CLIENT_ID`='975d02b5-d542-491f-8c51-e06c484d022d' AND `VALUE`='*' LIMIT 1; #start 8513515 end 8514465 time 2021-08-02 20:38:56
INSERT INTO `keycloak`.`REDIRECT_URIS`(`CLIENT_ID`, `VALUE`) VALUES ('975d02b5-d542-491f-8c51-e06c484d022d', 'https://172.18.28.240:8888/*'); #start 8513515 end 8514625 time 2021-08-02 20:38:56
INSERT INTO `keycloak`.`REDIRECT_URIS`(`CLIENT_ID`, `VALUE`) VALUES ('975d02b5-d542-491f-8c51-e06c484d022d', 'http://172.19.123.28:5556/*'); #start 8513515 end 8514784 time 2021-08-02 20:38:56
INSERT INTO `keycloak`.`WEB_ORIGINS`(`CLIENT_ID`, `VALUE`) VALUES ('975d02b5-d542-491f-8c51-e06c484d022d', '*'); #start 8513515 end 8514915 time 2021-08-02 20:38:56
UPDATE `keycloak`.`CLIENT` SET `ID`='975d02b5-d542-491f-8c51-e06c484d022d', `ENABLED`='1', `FULL_SCOPE_ALLOWED`='1', `CLIENT_ID`='coreapi', `NOT_BEFORE`=0, `PUBLIC_CLIENT`='0', `SECRET`='22eaade5-7d92-45c2-a839-4e5aa476f28d', `BASE_URL`=NULL, `BEARER_ONLY`='0', `MANAGEMENT_URL`=NULL, `SURROGATE_AUTH_REQUIRED`='0', `REALM_ID`='baishancloud', `PROTOCOL`='openid-connect', `NODE_REREG_TIMEOUT`=-1, `FRONTCHANNEL_LOGOUT`='0', `CONSENT_REQUIRED`='0', `NAME`='ttt', `SERVICE_ACCOUNTS_ENABLED`='1', `CLIENT_AUTHENTICATOR_TYPE`='client-secret', `ROOT_URL`='https://172.18.28.240:8888', `DESCRIPTION`=NULL, `REGISTRATION_TOKEN`=NULL, `STANDARD_FLOW_ENABLED`='1', `IMPLICIT_FLOW_ENABLED`='0', `DIRECT_ACCESS_GRANTS_ENABLED`='1' WHERE `ID`='975d02b5-d542-491f-8c51-e06c484d022d' AND `ENABLED`='1' AND `FULL_SCOPE_ALLOWED`='1' AND `CLIENT_ID`='coreapi' AND `NOT_BEFORE`=0 AND `PUBLIC_CLIENT`='1' AND `SECRET`='22eaade5-7d92-45c2-a839-4e5aa476f28d' AND `BASE_URL` IS NULL AND `BEARER_ONLY`='0' AND `MANAGEMENT_URL` IS NULL AND `SURROGATE_AUTH_REQUIRED`='0' AND `REALM_ID`='baishancloud' AND `PROTOCOL`='openid-connect' AND `NODE_REREG_TIMEOUT`=-1 AND `FRONTCHANNEL_LOGOUT`='0' AND `CONSENT_REQUIRED`='0' AND `NAME`='ttt' AND `SERVICE_ACCOUNTS_ENABLED`='1' AND `CLIENT_AUTHENTICATOR_TYPE`='client-secret' AND `ROOT_URL`='https://172.18.28.240:8888' AND `DESCRIPTION` IS NULL AND `REGISTRATION_TOKEN` IS NULL AND `STANDARD_FLOW_ENABLED`='1' AND `IMPLICIT_FLOW_ENABLED`='0' AND `DIRECT_ACCESS_GRANTS_ENABLED`='1' LIMIT 1; #start 8515003 end 8515595 time 2021-08-02 20:41:49
DELETE FROM `keycloak`.`REDIRECT_URIS` WHERE `CLIENT_ID`='975d02b5-d542-491f-8c51-e06c484d022d' AND `VALUE`='http://172.19.123.28:5556/*' LIMIT 1; #start 8515003 end 8515822 time 2021-08-02 20:41:49
DELETE FROM `keycloak`.`REDIRECT_URIS` WHERE `CLIENT_ID`='975d02b5-d542-491f-8c51-e06c484d022d' AND `VALUE`='https://172.18.28.240:8888/*' LIMIT 1; #start 8515003 end 8515822 time 2021-08-02 20:41:49
DELETE FROM `keycloak`.`WEB_ORIGINS` WHERE `CLIENT_ID`='975d02b5-d542-491f-8c51-e06c484d022d' AND `VALUE`='*' LIMIT 1; #start 8515003 end 8515953 time 2021-08-02 20:41:49
DELETE FROM `keycloak`.`CLIENT_AUTH_FLOW_BINDINGS` WHERE `CLIENT_ID`='975d02b5-d542-491f-8c51-e06c484d022d' AND `FLOW_ID`='a1822d8d-9138-4311-b7c3-8b97c4f835a3' AND `BINDING_NAME`='browser' LIMIT 1; #start 8515003 end 8516144 time 2021-08-02 20:41:49
INSERT INTO `keycloak`.`REDIRECT_URIS`(`CLIENT_ID`, `VALUE`) VALUES ('975d02b5-d542-491f-8c51-e06c484d022d', 'https://172.18.28.240:8888/*'); #start 8515003 end 8516304 time 2021-08-02 20:41:49
INSERT INTO `keycloak`.`REDIRECT_URIS`(`CLIENT_ID`, `VALUE`) VALUES ('975d02b5-d542-491f-8c51-e06c484d022d', 'http://172.19.123.28:5556/*'); #start 8515003 end 8516463 time 2021-08-02 20:41:49
INSERT INTO `keycloak`.`WEB_ORIGINS`(`CLIENT_ID`, `VALUE`) VALUES ('975d02b5-d542-491f-8c51-e06c484d022d', '*'); #start 8515003 end 8516594 time 2021-08-02 20:41:49
DELETE FROM `keycloak`.`REDIRECT_URIS` WHERE `CLIENT_ID`='975d02b5-d542-491f-8c51-e06c484d022d' AND `VALUE`='http://172.19.123.28:5556/*' LIMIT 1; #start 8516682 end 8516973 time 2021-08-02 20:42:47
DELETE FROM `keycloak`.`REDIRECT_URIS` WHERE `CLIENT_ID`='975d02b5-d542-491f-8c51-e06c484d022d' AND `VALUE`='https://172.18.28.240:8888/*' LIMIT 1; #start 8516682 end 8516973 time 2021-08-02 20:42:47
DELETE FROM `keycloak`.`WEB_ORIGINS` WHERE `CLIENT_ID`='975d02b5-d542-491f-8c51-e06c484d022d' AND `VALUE`='*' LIMIT 1; #start 8516682 end 8517104 time 2021-08-02 20:42:47
INSERT INTO `keycloak`.`REDIRECT_URIS`(`CLIENT_ID`, `VALUE`) VALUES ('975d02b5-d542-491f-8c51-e06c484d022d', 'https://172.18.28.240:8888/*'); #start 8516682 end 8517264 time 2021-08-02 20:42:47
INSERT INTO `keycloak`.`REDIRECT_URIS`(`CLIENT_ID`, `VALUE`) VALUES ('975d02b5-d542-491f-8c51-e06c484d022d', 'http://172.19.123.28:5556/*'); #start 8516682 end 8517423 time 2021-08-02 20:42:47
INSERT INTO `keycloak`.`WEB_ORIGINS`(`CLIENT_ID`, `VALUE`) VALUES ('975d02b5-d542-491f-8c51-e06c484d022d', '*'); #start 8516682 end 8517554 time 2021-08-02 20:42:47
INSERT INTO `keycloak`.`RESOURCE_SERVER`(`ID`, `ALLOW_RS_REMOTE_MGMT`, `POLICY_ENFORCE_MODE`) VALUES ('975d02b5-d542-491f-8c51-e06c484d022d', '0', '0'); #start 8516682 end 8517692 time 2021-08-02 20:42:48
INSERT INTO `keycloak`.`RESOURCE_SERVER_RESOURCE`(`ID`, `NAME`, `TYPE`, `ICON_URI`, `OWNER`, `RESOURCE_SERVER_ID`, `OWNER_MANAGED_ACCESS`, `DISPLAY_NAME`) VALUES ('452dd05b-6dfd-4e02-b3dd-046914cb7aa5', 'Default Resource', NULL, NULL, '975d02b5-d542-491f-8c51-e06c484d022d', '975d02b5-d542-491f-8c51-e06c484d022d', '0', NULL); #start 8516682 end 8517944 time 2021-08-02 20:42:48
INSERT INTO `keycloak`.`RESOURCE_SERVER_POLICY`(`ID`, `NAME`, `DESCRIPTION`, `TYPE`, `DECISION_STRATEGY`, `LOGIC`, `RESOURCE_SERVER_ID`, `OWNER`) VALUES ('a5b9cd7d-f684-4a03-b0ec-12d80574898b', 'Default Policy', NULL, 'js', '1', '0', '975d02b5-d542-491f-8c51-e06c484d022d', NULL); #start 8516682 end 8518162 time 2021-08-02 20:42:48
UPDATE `keycloak`.`RESOURCE_SERVER_RESOURCE` SET `ID`='452dd05b-6dfd-4e02-b3dd-046914cb7aa5', `NAME`='Default Resource', `TYPE`='urn:coreapi:resources:default', `ICON_URI`=NULL, `OWNER`='975d02b5-d542-491f-8c51-e06c484d022d', `RESOURCE_SERVER_ID`='975d02b5-d542-491f-8c51-e06c484d022d', `OWNER_MANAGED_ACCESS`='0', `DISPLAY_NAME`=NULL WHERE `ID`='452dd05b-6dfd-4e02-b3dd-046914cb7aa5' AND `NAME`='Default Resource' AND `TYPE` IS NULL AND `ICON_URI` IS NULL AND `OWNER`='975d02b5-d542-491f-8c51-e06c484d022d' AND `RESOURCE_SERVER_ID`='975d02b5-d542-491f-8c51-e06c484d022d' AND `OWNER_MANAGED_ACCESS`='0' AND `DISPLAY_NAME` IS NULL LIMIT 1; #start 8516682 end 8518577 time 2021-08-02 20:42:48
INSERT INTO `keycloak`.`RESOURCE_URIS`(`RESOURCE_ID`, `VALUE`, `idd`) VALUES ('452dd05b-6dfd-4e02-b3dd-046914cb7aa5', '/*', 301); #start 8516682 end 8518720 time 2021-08-02 20:42:48
INSERT INTO `keycloak`.`RESOURCE_SERVER_POLICY`(`ID`, `NAME`, `DESCRIPTION`, `TYPE`, `DECISION_STRATEGY`, `LOGIC`, `RESOURCE_SERVER_ID`, `OWNER`) VALUES ('6afe5583-4515-45b1-ad4b-a075613eccf0', 'Default Permission', NULL, 'resource', '1', '0', '975d02b5-d542-491f-8c51-e06c484d022d', NULL); #start 8516682 end 8518948 time 2021-08-02 20:42:48
UPDATE `keycloak`.`RESOURCE_SERVER_POLICY` SET `ID`='a5b9cd7d-f684-4a03-b0ec-12d80574898b', `NAME`='Default Policy', `DESCRIPTION`='A policy that grants access only for users within this realm', `TYPE`='js', `DECISION_STRATEGY`='0', `LOGIC`='0', `RESOURCE_SERVER_ID`='975d02b5-d542-491f-8c51-e06c484d022d', `OWNER`=NULL WHERE `ID`='a5b9cd7d-f684-4a03-b0ec-12d80574898b' AND `NAME`='Default Policy' AND `DESCRIPTION` IS NULL AND `TYPE`='js' AND `DECISION_STRATEGY`='1' AND `LOGIC`='0' AND `RESOURCE_SERVER_ID`='975d02b5-d542-491f-8c51-e06c484d022d' AND `OWNER` IS NULL LIMIT 1; #start 8516682 end 8519328 time 2021-08-02 20:42:48
INSERT INTO `keycloak`.`POLICY_CONFIG`(`POLICY_ID`, `NAME`, `VALUE`) VALUES ('a5b9cd7d-f684-4a03-b0ec-12d80574898b', 'code', '// by default, grants any permission associated with this policy\n$evaluation.grant();\n'); #start 8516682 end 8519556 time 2021-08-02 20:42:48
UPDATE `keycloak`.`RESOURCE_SERVER_POLICY` SET `ID`='6afe5583-4515-45b1-ad4b-a075613eccf0', `NAME`='Default Permission', `DESCRIPTION`='A permission that applies to the default resource type', `TYPE`='resource', `DECISION_STRATEGY`='1', `LOGIC`='0', `RESOURCE_SERVER_ID`='975d02b5-d542-491f-8c51-e06c484d022d', `OWNER`=NULL WHERE `ID`='6afe5583-4515-45b1-ad4b-a075613eccf0' AND `NAME`='Default Permission' AND `DESCRIPTION` IS NULL AND `TYPE`='resource' AND `DECISION_STRATEGY`='1' AND `LOGIC`='0' AND `RESOURCE_SERVER_ID`='975d02b5-d542-491f-8c51-e06c484d022d' AND `OWNER` IS NULL LIMIT 1; #start 8516682 end 8519950 time 2021-08-02 20:42:48
INSERT INTO `keycloak`.`ASSOCIATED_POLICY`(`POLICY_ID`, `ASSOCIATED_POLICY_ID`) VALUES ('6afe5583-4515-45b1-ad4b-a075613eccf0', 'a5b9cd7d-f684-4a03-b0ec-12d80574898b'); #start 8516682 end 8520121 time 2021-08-02 20:42:48
INSERT INTO `keycloak`.`POLICY_CONFIG`(`POLICY_ID`, `NAME`, `VALUE`) VALUES ('6afe5583-4515-45b1-ad4b-a075613eccf0', 'defaultResourceType', 'urn:coreapi:resources:default'); #start 8516682 end 8520307 time 2021-08-02 20:42:48
UPDATE `keycloak`.`CLIENT` SET `ID`='975d02b5-d542-491f-8c51-e06c484d022d', `ENABLED`='1', `FULL_SCOPE_ALLOWED`='1', `CLIENT_ID`='coreapi', `NOT_BEFORE`=0, `PUBLIC_CLIENT`='0', `SECRET`='22eaade5-7d92-45c2-a839-4e5aa476f28d', `BASE_URL`=NULL, `BEARER_ONLY`='0', `MANAGEMENT_URL`=NULL, `SURROGATE_AUTH_REQUIRED`='0', `REALM_ID`='baishancloud', `PROTOCOL`='openid-connect', `NODE_REREG_TIMEOUT`=-1, `FRONTCHANNEL_LOGOUT`='0', `CONSENT_REQUIRED`='0', `NAME`='ttt', `SERVICE_ACCOUNTS_ENABLED`='1', `CLIENT_AUTHENTICATOR_TYPE`='client-secret', `ROOT_URL`='https://172.18.28.240:8888', `DESCRIPTION`=NULL, `REGISTRATION_TOKEN`=NULL, `STANDARD_FLOW_ENABLED`='1', `IMPLICIT_FLOW_ENABLED`='0', `DIRECT_ACCESS_GRANTS_ENABLED`='0' WHERE `ID`='975d02b5-d542-491f-8c51-e06c484d022d' AND `ENABLED`='1' AND `FULL_SCOPE_ALLOWED`='1' AND `CLIENT_ID`='coreapi' AND `NOT_BEFORE`=0 AND `PUBLIC_CLIENT`='0' AND `SECRET`='22eaade5-7d92-45c2-a839-4e5aa476f28d' AND `BASE_URL` IS NULL AND `BEARER_ONLY`='0' AND `MANAGEMENT_URL` IS NULL AND `SURROGATE_AUTH_REQUIRED`='0' AND `REALM_ID`='baishancloud' AND `PROTOCOL`='openid-connect' AND `NODE_REREG_TIMEOUT`=-1 AND `FRONTCHANNEL_LOGOUT`='0' AND `CONSENT_REQUIRED`='0' AND `NAME`='ttt' AND `SERVICE_ACCOUNTS_ENABLED`='1' AND `CLIENT_AUTHENTICATOR_TYPE`='client-secret' AND `ROOT_URL`='https://172.18.28.240:8888' AND `DESCRIPTION` IS NULL AND `REGISTRATION_TOKEN` IS NULL AND `STANDARD_FLOW_ENABLED`='1' AND `IMPLICIT_FLOW_ENABLED`='0' AND `DIRECT_ACCESS_GRANTS_ENABLED`='1' LIMIT 1; #start 8520395 end 8520987 time 2021-08-02 20:42:53
DELETE FROM `keycloak`.`REDIRECT_URIS` WHERE `CLIENT_ID`='975d02b5-d542-491f-8c51-e06c484d022d' AND `VALUE`='http://172.19.123.28:5556/*' LIMIT 1; #start 8520395 end 8521214 time 2021-08-02 20:42:53
DELETE FROM `keycloak`.`REDIRECT_URIS` WHERE `CLIENT_ID`='975d02b5-d542-491f-8c51-e06c484d022d' AND `VALUE`='https://172.18.28.240:8888/*' LIMIT 1; #start 8520395 end 8521214 time 2021-08-02 20:42:53
DELETE FROM `keycloak`.`WEB_ORIGINS` WHERE `CLIENT_ID`='975d02b5-d542-491f-8c51-e06c484d022d' AND `VALUE`='*' LIMIT 1; #start 8520395 end 8521345 time 2021-08-02 20:42:53
INSERT INTO `keycloak`.`REDIRECT_URIS`(`CLIENT_ID`, `VALUE`) VALUES ('975d02b5-d542-491f-8c51-e06c484d022d', 'https://172.18.28.240:8888/*'); #start 8520395 end 8521505 time 2021-08-02 20:42:53
INSERT INTO `keycloak`.`REDIRECT_URIS`(`CLIENT_ID`, `VALUE`) VALUES ('975d02b5-d542-491f-8c51-e06c484d022d', 'http://172.19.123.28:5556/*'); #start 8520395 end 8521664 time 2021-08-02 20:42:53
INSERT INTO `keycloak`.`WEB_ORIGINS`(`CLIENT_ID`, `VALUE`) VALUES ('975d02b5-d542-491f-8c51-e06c484d022d', '*'); #start 8520395 end 8521795 time 2021-08-02 20:42:53
DELETE FROM `keycloak`.`REDIRECT_URIS` WHERE `CLIENT_ID`='975d02b5-d542-491f-8c51-e06c484d022d' AND `VALUE`='http://172.19.123.28:5556/*' LIMIT 1; #start 8521883 end 8522174 time 2021-08-02 20:43:00
DELETE FROM `keycloak`.`REDIRECT_URIS` WHERE `CLIENT_ID`='975d02b5-d542-491f-8c51-e06c484d022d' AND `VALUE`='https://172.18.28.240:8888/*' LIMIT 1; #start 8521883 end 8522174 time 2021-08-02 20:43:00
DELETE FROM `keycloak`.`WEB_ORIGINS` WHERE `CLIENT_ID`='975d02b5-d542-491f-8c51-e06c484d022d' AND `VALUE`='*' LIMIT 1; #start 8521883 end 8522305 time 2021-08-02 20:43:00
INSERT INTO `keycloak`.`REDIRECT_URIS`(`CLIENT_ID`, `VALUE`) VALUES ('975d02b5-d542-491f-8c51-e06c484d022d', 'https://172.18.28.240:8888/*'); #start 8521883 end 8522465 time 2021-08-02 20:43:00
INSERT INTO `keycloak`.`REDIRECT_URIS`(`CLIENT_ID`, `VALUE`) VALUES ('975d02b5-d542-491f-8c51-e06c484d022d', 'http://172.19.123.28:5556/*'); #start 8521883 end 8522624 time 2021-08-02 20:43:00
INSERT INTO `keycloak`.`WEB_ORIGINS`(`CLIENT_ID`, `VALUE`) VALUES ('975d02b5-d542-491f-8c51-e06c484d022d', '*'); #start 8521883 end 8522755 time 2021-08-02 20:43:00
DELETE FROM `keycloak`.`ASSOCIATED_POLICY` WHERE `POLICY_ID`='6afe5583-4515-45b1-ad4b-a075613eccf0' AND `ASSOCIATED_POLICY_ID`='a5b9cd7d-f684-4a03-b0ec-12d80574898b' LIMIT 1; #start 8521883 end 8522926 time 2021-08-02 20:43:00
DELETE FROM `keycloak`.`POLICY_CONFIG` WHERE `POLICY_ID`='6afe5583-4515-45b1-ad4b-a075613eccf0' AND `NAME`='defaultResourceType' AND `VALUE`='urn:coreapi:resources:default' LIMIT 1; #start 8521883 end 8523112 time 2021-08-02 20:43:00
DELETE FROM `keycloak`.`POLICY_CONFIG` WHERE `POLICY_ID`='a5b9cd7d-f684-4a03-b0ec-12d80574898b' AND `NAME`='code' AND `VALUE`='// by default, grants any permission associated with this policy\n$evaluation.grant();\n' LIMIT 1; #start 8521883 end 8523340 time 2021-08-02 20:43:00
DELETE FROM `keycloak`.`RESOURCE_URIS` WHERE `RESOURCE_ID`='452dd05b-6dfd-4e02-b3dd-046914cb7aa5' AND `VALUE`='/*' AND `idd`=301 LIMIT 1; #start 8521883 end 8523483 time 2021-08-02 20:43:00
DELETE FROM `keycloak`.`RESOURCE_SERVER_POLICY` WHERE `ID`='6afe5583-4515-45b1-ad4b-a075613eccf0' AND `NAME`='Default Permission' AND `DESCRIPTION`='A permission that applies to the default resource type' AND `TYPE`='resource' AND `DECISION_STRATEGY`='1' AND `LOGIC`='0' AND `RESOURCE_SERVER_ID`='975d02b5-d542-491f-8c51-e06c484d022d' AND `OWNER` IS NULL LIMIT 1; #start 8521883 end 8523767 time 2021-08-02 20:43:00
DELETE FROM `keycloak`.`RESOURCE_SERVER_POLICY` WHERE `ID`='a5b9cd7d-f684-4a03-b0ec-12d80574898b' AND `NAME`='Default Policy' AND `DESCRIPTION`='A policy that grants access only for users within this realm' AND `TYPE`='js' AND `DECISION_STRATEGY`='0' AND `LOGIC`='0' AND `RESOURCE_SERVER_ID`='975d02b5-d542-491f-8c51-e06c484d022d' AND `OWNER` IS NULL LIMIT 1; #start 8521883 end 8524047 time 2021-08-02 20:43:00
DELETE FROM `keycloak`.`RESOURCE_SERVER_RESOURCE` WHERE `ID`='452dd05b-6dfd-4e02-b3dd-046914cb7aa5' AND `NAME`='Default Resource' AND `TYPE`='urn:coreapi:resources:default' AND `ICON_URI` IS NULL AND `OWNER`='975d02b5-d542-491f-8c51-e06c484d022d' AND `RESOURCE_SERVER_ID`='975d02b5-d542-491f-8c51-e06c484d022d' AND `OWNER_MANAGED_ACCESS`='0' AND `DISPLAY_NAME` IS NULL LIMIT 1; #start 8521883 end 8524330 time 2021-08-02 20:43:00
DELETE FROM `keycloak`.`RESOURCE_SERVER` WHERE `ID`='975d02b5-d542-491f-8c51-e06c484d022d' AND `ALLOW_RS_REMOTE_MGMT`='0' AND `POLICY_ENFORCE_MODE`='0' LIMIT 1; #start 8521883 end 8524468 time 2021-08-02 20:43:00
UPDATE `keycloak`.`CLIENT` SET `ID`='975d02b5-d542-491f-8c51-e06c484d022d', `ENABLED`='1', `FULL_SCOPE_ALLOWED`='1', `CLIENT_ID`='coreapi', `NOT_BEFORE`=0, `PUBLIC_CLIENT`='0', `SECRET`='22eaade5-7d92-45c2-a839-4e5aa476f28d', `BASE_URL`=NULL, `BEARER_ONLY`='0', `MANAGEMENT_URL`=NULL, `SURROGATE_AUTH_REQUIRED`='0', `REALM_ID`='baishancloud', `PROTOCOL`='openid-connect', `NODE_REREG_TIMEOUT`=-1, `FRONTCHANNEL_LOGOUT`='0', `CONSENT_REQUIRED`='0', `NAME`='ttt', `SERVICE_ACCOUNTS_ENABLED`='1', `CLIENT_AUTHENTICATOR_TYPE`='client-secret', `ROOT_URL`='https://172.18.28.240:8888', `DESCRIPTION`=NULL, `REGISTRATION_TOKEN`=NULL, `STANDARD_FLOW_ENABLED`='1', `IMPLICIT_FLOW_ENABLED`='0', `DIRECT_ACCESS_GRANTS_ENABLED`='1' WHERE `ID`='975d02b5-d542-491f-8c51-e06c484d022d' AND `ENABLED`='1' AND `FULL_SCOPE_ALLOWED`='1' AND `CLIENT_ID`='coreapi' AND `NOT_BEFORE`=0 AND `PUBLIC_CLIENT`='0' AND `SECRET`='22eaade5-7d92-45c2-a839-4e5aa476f28d' AND `BASE_URL` IS NULL AND `BEARER_ONLY`='0' AND `MANAGEMENT_URL` IS NULL AND `SURROGATE_AUTH_REQUIRED`='0' AND `REALM_ID`='baishancloud' AND `PROTOCOL`='openid-connect' AND `NODE_REREG_TIMEOUT`=-1 AND `FRONTCHANNEL_LOGOUT`='0' AND `CONSENT_REQUIRED`='0' AND `NAME`='ttt' AND `SERVICE_ACCOUNTS_ENABLED`='1' AND `CLIENT_AUTHENTICATOR_TYPE`='client-secret' AND `ROOT_URL`='https://172.18.28.240:8888' AND `DESCRIPTION` IS NULL AND `REGISTRATION_TOKEN` IS NULL AND `STANDARD_FLOW_ENABLED`='1' AND `IMPLICIT_FLOW_ENABLED`='0' AND `DIRECT_ACCESS_GRANTS_ENABLED`='0' LIMIT 1; #start 8524556 end 8525148 time 2021-08-02 20:44:17
DELETE FROM `keycloak`.`REDIRECT_URIS` WHERE `CLIENT_ID`='975d02b5-d542-491f-8c51-e06c484d022d' AND `VALUE`='http://172.19.123.28:5556/*' LIMIT 1; #start 8524556 end 8525375 time 2021-08-02 20:44:17
DELETE FROM `keycloak`.`REDIRECT_URIS` WHERE `CLIENT_ID`='975d02b5-d542-491f-8c51-e06c484d022d' AND `VALUE`='https://172.18.28.240:8888/*' LIMIT 1; #start 8524556 end 8525375 time 2021-08-02 20:44:17
DELETE FROM `keycloak`.`WEB_ORIGINS` WHERE `CLIENT_ID`='975d02b5-d542-491f-8c51-e06c484d022d' AND `VALUE`='*' LIMIT 1; #start 8524556 end 8525506 time 2021-08-02 20:44:17
INSERT INTO `keycloak`.`REDIRECT_URIS`(`CLIENT_ID`, `VALUE`) VALUES ('975d02b5-d542-491f-8c51-e06c484d022d', 'https://172.18.28.240:8888/*'); #start 8524556 end 8525666 time 2021-08-02 20:44:17
INSERT INTO `keycloak`.`REDIRECT_URIS`(`CLIENT_ID`, `VALUE`) VALUES ('975d02b5-d542-491f-8c51-e06c484d022d', 'http://172.19.123.28:5556/*'); #start 8524556 end 8525825 time 2021-08-02 20:44:17
INSERT INTO `keycloak`.`WEB_ORIGINS`(`CLIENT_ID`, `VALUE`) VALUES ('975d02b5-d542-491f-8c51-e06c484d022d', '*'); #start 8524556 end 8525956 time 2021-08-02 20:44:17
UPDATE `keycloak`.`CLIENT` SET `ID`='975d02b5-d542-491f-8c51-e06c484d022d', `ENABLED`='1', `FULL_SCOPE_ALLOWED`='1', `CLIENT_ID`='coreapi', `NOT_BEFORE`=0, `PUBLIC_CLIENT`='1', `SECRET`='22eaade5-7d92-45c2-a839-4e5aa476f28d', `BASE_URL`=NULL, `BEARER_ONLY`='0', `MANAGEMENT_URL`=NULL, `SURROGATE_AUTH_REQUIRED`='0', `REALM_ID`='baishancloud', `PROTOCOL`='openid-connect', `NODE_REREG_TIMEOUT`=-1, `FRONTCHANNEL_LOGOUT`='0', `CONSENT_REQUIRED`='0', `NAME`='ttt', `SERVICE_ACCOUNTS_ENABLED`='1', `CLIENT_AUTHENTICATOR_TYPE`='client-secret', `ROOT_URL`='https://172.18.28.240:8888', `DESCRIPTION`=NULL, `REGISTRATION_TOKEN`=NULL, `STANDARD_FLOW_ENABLED`='1', `IMPLICIT_FLOW_ENABLED`='0', `DIRECT_ACCESS_GRANTS_ENABLED`='1' WHERE `ID`='975d02b5-d542-491f-8c51-e06c484d022d' AND `ENABLED`='1' AND `FULL_SCOPE_ALLOWED`='1' AND `CLIENT_ID`='coreapi' AND `NOT_BEFORE`=0 AND `PUBLIC_CLIENT`='0' AND `SECRET`='22eaade5-7d92-45c2-a839-4e5aa476f28d' AND `BASE_URL` IS NULL AND `BEARER_ONLY`='0' AND `MANAGEMENT_URL` IS NULL AND `SURROGATE_AUTH_REQUIRED`='0' AND `REALM_ID`='baishancloud' AND `PROTOCOL`='openid-connect' AND `NODE_REREG_TIMEOUT`=-1 AND `FRONTCHANNEL_LOGOUT`='0' AND `CONSENT_REQUIRED`='0' AND `NAME`='ttt' AND `SERVICE_ACCOUNTS_ENABLED`='1' AND `CLIENT_AUTHENTICATOR_TYPE`='client-secret' AND `ROOT_URL`='https://172.18.28.240:8888' AND `DESCRIPTION` IS NULL AND `REGISTRATION_TOKEN` IS NULL AND `STANDARD_FLOW_ENABLED`='1' AND `IMPLICIT_FLOW_ENABLED`='0' AND `DIRECT_ACCESS_GRANTS_ENABLED`='1' LIMIT 1; #start 8526044 end 8526636 time 2021-08-02 20:44:27
DELETE FROM `keycloak`.`REDIRECT_URIS` WHERE `CLIENT_ID`='975d02b5-d542-491f-8c51-e06c484d022d' AND `VALUE`='http://172.19.123.28:5556/*' LIMIT 1; #start 8526044 end 8526863 time 2021-08-02 20:44:27
DELETE FROM `keycloak`.`REDIRECT_URIS` WHERE `CLIENT_ID`='975d02b5-d542-491f-8c51-e06c484d022d' AND `VALUE`='https://172.18.28.240:8888/*' LIMIT 1; #start 8526044 end 8526863 time 2021-08-02 20:44:27
DELETE FROM `keycloak`.`WEB_ORIGINS` WHERE `CLIENT_ID`='975d02b5-d542-491f-8c51-e06c484d022d' AND `VALUE`='*' LIMIT 1; #start 8526044 end 8526994 time 2021-08-02 20:44:27
INSERT INTO `keycloak`.`REDIRECT_URIS`(`CLIENT_ID`, `VALUE`) VALUES ('975d02b5-d542-491f-8c51-e06c484d022d', 'https://172.18.28.240:8888/*'); #start 8526044 end 8527154 time 2021-08-02 20:44:27
INSERT INTO `keycloak`.`REDIRECT_URIS`(`CLIENT_ID`, `VALUE`) VALUES ('975d02b5-d542-491f-8c51-e06c484d022d', 'http://172.19.123.28:5556/*'); #start 8526044 end 8527313 time 2021-08-02 20:44:27
INSERT INTO `keycloak`.`WEB_ORIGINS`(`CLIENT_ID`, `VALUE`) VALUES ('975d02b5-d542-491f-8c51-e06c484d022d', '*'); #start 8526044 end 8527444 time 2021-08-02 20:44:27
INSERT INTO `keycloak`.`AUTHENTICATION_FLOW`(`ID`, `ALIAS`, `DESCRIPTION`, `REALM_ID`, `PROVIDER_ID`, `TOP_LEVEL`, `BUILT_IN`) VALUES ('31adf501-9903-4991-8350-99e02cbd2690', 'encpwd', 'encpwd for runtime', 'baishancloud', 'basic-flow', '1', '0'); #start 8527532 end 8527801 time 2021-08-02 20:47:38
INSERT INTO `keycloak`.`AUTHENTICATION_EXECUTION`(`ID`, `ALIAS`, `AUTHENTICATOR`, `REALM_ID`, `FLOW_ID`, `REQUIREMENT`, `PRIORITY`, `AUTHENTICATOR_FLOW`, `AUTH_FLOW_ID`, `AUTH_CONFIG`) VALUES ('d247e497-4d4d-4637-8bec-caa3424e31a2', NULL, 'password-encryption', 'baishancloud', '31adf501-9903-4991-8350-99e02cbd2690', 3, 0, '0', NULL, NULL); #start 8527889 end 8528196 time 2021-08-02 20:47:49
UPDATE `keycloak`.`AUTHENTICATION_EXECUTION` SET `ID`='d247e497-4d4d-4637-8bec-caa3424e31a2', `ALIAS`=NULL, `AUTHENTICATOR`='password-encryption', `REALM_ID`='baishancloud', `FLOW_ID`='31adf501-9903-4991-8350-99e02cbd2690', `REQUIREMENT`=0, `PRIORITY`=0, `AUTHENTICATOR_FLOW`='0', `AUTH_FLOW_ID`=NULL, `AUTH_CONFIG`=NULL WHERE `ID`='d247e497-4d4d-4637-8bec-caa3424e31a2' AND `ALIAS` IS NULL AND `AUTHENTICATOR`='password-encryption' AND `REALM_ID`='baishancloud' AND `FLOW_ID`='31adf501-9903-4991-8350-99e02cbd2690' AND `REQUIREMENT`=3 AND `PRIORITY`=0 AND `AUTHENTICATOR_FLOW`='0' AND `AUTH_FLOW_ID` IS NULL AND `AUTH_CONFIG` IS NULL LIMIT 1; #start 8528284 end 8528711 time 2021-08-02 20:47:52
DELETE FROM `keycloak`.`REDIRECT_URIS` WHERE `CLIENT_ID`='04e96893-af5b-4b76-8475-0830bcad2c27' AND `VALUE`='https://172.18.28.240:8443/*' LIMIT 1; #start 8528799 end 8529023 time 2021-08-02 20:48:15
DELETE FROM `keycloak`.`WEB_ORIGINS` WHERE `CLIENT_ID`='04e96893-af5b-4b76-8475-0830bcad2c27' AND `VALUE`='https://172.18.28.240:8443' LIMIT 1; #start 8528799 end 8529179 time 2021-08-02 20:48:15
INSERT INTO `keycloak`.`CLIENT_AUTH_FLOW_BINDINGS`(`CLIENT_ID`, `FLOW_ID`, `BINDING_NAME`) VALUES ('04e96893-af5b-4b76-8475-0830bcad2c27', 'a1822d8d-9138-4311-b7c3-8b97c4f835a3', 'browser'); #start 8528799 end 8529370 time 2021-08-02 20:48:15
INSERT INTO `keycloak`.`CLIENT_AUTH_FLOW_BINDINGS`(`CLIENT_ID`, `FLOW_ID`, `BINDING_NAME`) VALUES ('04e96893-af5b-4b76-8475-0830bcad2c27', '31adf501-9903-4991-8350-99e02cbd2690', 'direct_grant'); #start 8528799 end 8529566 time 2021-08-02 20:48:15
INSERT INTO `keycloak`.`REDIRECT_URIS`(`CLIENT_ID`, `VALUE`) VALUES ('04e96893-af5b-4b76-8475-0830bcad2c27', 'https://172.18.28.240:8443/*'); #start 8528799 end 8529726 time 2021-08-02 20:48:15
INSERT INTO `keycloak`.`WEB_ORIGINS`(`CLIENT_ID`, `VALUE`) VALUES ('04e96893-af5b-4b76-8475-0830bcad2c27', 'https://172.18.28.240:8443'); #start 8528799 end 8529882 time 2021-08-02 20:48:15
DELETE FROM `keycloak`.`USER_ATTRIBUTE` WHERE `NAME`='locale' AND `VALUE`='zh-CN' AND `USER_ID`='57a3fcaa-eb11-475f-9959-6b2d2222ffee' AND `ID`='eeb9e51b-2b97-4b6c-abb0-ea3d62903ec4' LIMIT 1; #start 8529970 end 8530223 time 2021-08-02 21:00:01
INSERT INTO `keycloak`.`USER_ATTRIBUTE`(`NAME`, `VALUE`, `USER_ID`, `ID`) VALUES ('locale', 'zh-CN', '57a3fcaa-eb11-475f-9959-6b2d2222ffee', '23d281ad-4605-4f87-9345-3604abb980d7'); #start 8529970 end 8530412 time 2021-08-02 21:00:01
UPDATE `keycloak`.`USER_ENTITY` SET `ID`='57a3fcaa-eb11-475f-9959-6b2d2222ffee', `EMAIL`='admin@orchsym.com', `EMAIL_CONSTRAINT`='admin@orchsym.com', `EMAIL_VERIFIED`='1', `ENABLED`='1', `FEDERATION_LINK`=NULL, `FIRST_NAME`='Admin', `LAST_NAME`=NULL, `REALM_ID`='baishancloud', `USERNAME`='admin@orchsym.com', `CREATED_TIMESTAMP`=1584532621507, `SERVICE_ACCOUNT_CLIENT_LINK`=NULL, `NOT_BEFORE`=1589974067 WHERE `ID`='57a3fcaa-eb11-475f-9959-6b2d2222ffee' AND `EMAIL`='admin@orchsym.com' AND `EMAIL_CONSTRAINT`='admin@orchsym.com' AND `EMAIL_VERIFIED`='0' AND `ENABLED`='1' AND `FEDERATION_LINK` IS NULL AND `FIRST_NAME`='Admin' AND `LAST_NAME` IS NULL AND `REALM_ID`='baishancloud' AND `USERNAME`='admin@orchsym.com' AND `CREATED_TIMESTAMP`=1584532621507 AND `SERVICE_ACCOUNT_CLIENT_LINK` IS NULL AND `NOT_BEFORE`=1589974067 LIMIT 1; #start 8529970 end 8530797 time 2021-08-02 21:00:01
DELETE FROM `keycloak`.`USER_ATTRIBUTE` WHERE `NAME`='locale' AND `VALUE`='zh-CN' AND `USER_ID`='57a3fcaa-eb11-475f-9959-6b2d2222ffee' AND `ID`='23d281ad-4605-4f87-9345-3604abb980d7' LIMIT 1; #start 8530885 end 8531138 time 2021-08-02 21:00:22
INSERT INTO `keycloak`.`USER_ATTRIBUTE`(`NAME`, `VALUE`, `USER_ID`, `ID`) VALUES ('locale', 'zh-CN', '57a3fcaa-eb11-475f-9959-6b2d2222ffee', '221151d2-0a20-4ebb-826e-1b6037457ce9'); #start 8530885 end 8531327 time 2021-08-02 21:00:22
UPDATE `keycloak`.`USER_ENTITY` SET `ID`='57a3fcaa-eb11-475f-9959-6b2d2222ffee', `EMAIL`='admin@orchsym.com', `EMAIL_CONSTRAINT`='admin@orchsym.com', `EMAIL_VERIFIED`='0', `ENABLED`='1', `FEDERATION_LINK`=NULL, `FIRST_NAME`='Admin', `LAST_NAME`=NULL, `REALM_ID`='baishancloud', `USERNAME`='admin@orchsym.com', `CREATED_TIMESTAMP`=1584532621507, `SERVICE_ACCOUNT_CLIENT_LINK`=NULL, `NOT_BEFORE`=1589974067 WHERE `ID`='57a3fcaa-eb11-475f-9959-6b2d2222ffee' AND `EMAIL`='admin@orchsym.com' AND `EMAIL_CONSTRAINT`='admin@orchsym.com' AND `EMAIL_VERIFIED`='1' AND `ENABLED`='1' AND `FEDERATION_LINK` IS NULL AND `FIRST_NAME`='Admin' AND `LAST_NAME` IS NULL AND `REALM_ID`='baishancloud' AND `USERNAME`='admin@orchsym.com' AND `CREATED_TIMESTAMP`=1584532621507 AND `SERVICE_ACCOUNT_CLIENT_LINK` IS NULL AND `NOT_BEFORE`=1589974067 LIMIT 1; #start 8530885 end 8531712 time 2021-08-02 21:00:22
DELETE FROM `keycloak`.`REALM_EVENTS_LISTENERS` WHERE `REALM_ID`='master' AND `VALUE`='jboss-logging' LIMIT 1; #start 8915352 end 8915540 time 2021-08-04 11:14:02
INSERT INTO `keycloak`.`REALM_EVENTS_LISTENERS`(`REALM_ID`, `VALUE`) VALUES ('master', 'jboss-logging'); #start 8915352 end 8915664 time 2021-08-04 11:14:02
DELETE FROM `keycloak`.`REALM_EVENTS_LISTENERS` WHERE `REALM_ID`='master' AND `VALUE`='jboss-logging' LIMIT 1; #start 8915752 end 8915940 time 2021-08-04 11:34:42
INSERT INTO `keycloak`.`REALM_EVENTS_LISTENERS`(`REALM_ID`, `VALUE`) VALUES ('master', 'jboss-logging'); #start 8915752 end 8916064 time 2021-08-04 11:34:42
DELETE FROM `keycloak`.`REALM_EVENTS_LISTENERS` WHERE `REALM_ID`='master' AND `VALUE`='jboss-logging' LIMIT 1; #start 8916152 end 8916340 time 2021-08-04 11:44:19
INSERT INTO `keycloak`.`REALM_EVENTS_LISTENERS`(`REALM_ID`, `VALUE`) VALUES ('master', 'jboss-logging'); #start 8916152 end 8916464 time 2021-08-04 11:44:19
USE b'junhua630';
drop procedure if exists addColumnToPartnerApp;
USE b'junhua630';
CREATE DEFINER=`root`@`%` PROCEDURE `addColumnToPartnerApp`()
BEGIN
    declare clmCreator varchar(500);
    declare schema_name varchar(500);

    set @clmCreator = 'alter table `partner_app` add column `create_partner_id` int COMMENT "APP创建人id"';

    SELECT db into @schema_name from information_schema.processlist where info like '%infOrmation_shcema.processlist%' limit 1;

    select count(*) into @countClmCreator from information_schema.COLUMNS where table_schema = @schema_name and  table_name = 'partner_app' and column_name = 'create_partner_id';
    if @countClmCreator < 1 then
      PREPARE stmt FROM @clmCreator;
      EXECUTE stmt ;
    end if;

END;
USE b'junhua630';
alter table `partner_app` add column `create_partner_id` int COMMENT "APP创建人id";
USE b'junhua630';
DROP PROCEDURE IF EXISTS add_idx_kc_uuid_for_user_company;
USE b'junhua630';
CREATE DEFINER=`root`@`%` PROCEDURE `add_idx_kc_uuid_for_user_company`()
begin
  DECLARE add_index VARCHAR(250);

  set @add_index='create index `idx__kc_uuid` using hash on `user_company`(`kc_uuid`)';
  select count(*) into @idx_count from information_schema.statistics where table_schema =
    (select db from information_schema.processlist where info like '%information_schema%')
    and table_name = 'user_company' and index_name = 'idx__kc_uuid';

  if @idx_count = 0 then
    PREPARE addIndex FROM @add_index;
    EXECUTE addIndex ;
  end if;

end;
USE b'junhua630';
create index `idx__kc_uuid` using hash on `user_company`(`kc_uuid`);
USE b'junhua630';
alter table `partner_app` add column `create_partner_name` varchar(30) null comment '创建人姓名';
USE b'junhua630';
alter table project_api
    add column mock_status_code int not null default 200 comment 'mock http status code' after method;
USE b'junhua630';
alter table project_api
    add column mock_headers json null comment 'mocker headers' after mock_response;
USE b'junhua630';
alter table upload_file modify file_type tinyint not null comment '1：soap  2:image 3：其他';
USE b'junhua630';
create table if not exists api_portal
(
    id int auto_increment
    primary key,
    create_time timestamp default CURRENT_TIMESTAMP null,
    creator varchar(255) null,
    update_time timestamp default CURRENT_TIMESTAMP null,
    updater varchar(255) null,
    api_uuid varchar(64) not null,
    portal_id int not null
    )
    comment 'api和portal的关系表';
USE b'junhua630';
alter table alert
    add show_affected_portal tinyint default 0 null comment '是否展示受影响 portal 0-不展示，1-展示，默认是0';
DELETE FROM `keycloak`.`REALM_EVENTS_LISTENERS` WHERE `REALM_ID`='master' AND `VALUE`='jboss-logging' LIMIT 1; #start 8959933 end 8960121 time 2021-08-04 14:56:09
INSERT INTO `keycloak`.`REALM_EVENTS_LISTENERS`(`REALM_ID`, `VALUE`) VALUES ('master', 'jboss-logging'); #start 8959933 end 8960245 time 2021-08-04 14:56:09
DELETE FROM `keycloak`.`REALM_EVENTS_LISTENERS` WHERE `REALM_ID`='master' AND `VALUE`='jboss-logging' LIMIT 1; #start 8987545 end 8987733 time 2021-08-04 17:31:08
INSERT INTO `keycloak`.`REALM_EVENTS_LISTENERS`(`REALM_ID`, `VALUE`) VALUES ('master', 'jboss-logging'); #start 8987545 end 8987857 time 2021-08-04 17:31:08
DELETE FROM `keycloak`.`REALM_EVENTS_LISTENERS` WHERE `REALM_ID`='master' AND `VALUE`='jboss-logging' LIMIT 1; #start 8987945 end 8988133 time 2021-08-04 17:46:21
INSERT INTO `keycloak`.`REALM_EVENTS_LISTENERS`(`REALM_ID`, `VALUE`) VALUES ('master', 'jboss-logging'); #start 8987945 end 8988257 time 2021-08-04 17:46:21
INSERT INTO `keycloak`.`REALM`(`ID`, `ACCESS_CODE_LIFESPAN`, `USER_ACTION_LIFESPAN`, `ACCESS_TOKEN_LIFESPAN`, `ACCOUNT_THEME`, `ADMIN_THEME`, `EMAIL_THEME`, `ENABLED`, `EVENTS_ENABLED`, `EVENTS_EXPIRATION`, `LOGIN_THEME`, `NAME`, `NOT_BEFORE`, `PASSWORD_POLICY`, `REGISTRATION_ALLOWED`, `REMEMBER_ME`, `RESET_PASSWORD_ALLOWED`, `SOCIAL`, `SSL_REQUIRED`, `SSO_IDLE_TIMEOUT`, `SSO_MAX_LIFESPAN`, `UPDATE_PROFILE_ON_SOC_LOGIN`, `VERIFY_EMAIL`, `MASTER_ADMIN_CLIENT`, `LOGIN_LIFESPAN`, `INTERNATIONALIZATION_ENABLED`, `DEFAULT_LOCALE`, `REG_EMAIL_AS_USERNAME`, `ADMIN_EVENTS_ENABLED`, `ADMIN_EVENTS_DETAILS_ENABLED`, `EDIT_USERNAME_ALLOWED`, `OTP_POLICY_COUNTER`, `OTP_POLICY_WINDOW`, `OTP_POLICY_PERIOD`, `OTP_POLICY_DIGITS`, `OTP_POLICY_ALG`, `OTP_POLICY_TYPE`, `BROWSER_FLOW`, `REGISTRATION_FLOW`, `DIRECT_GRANT_FLOW`, `RESET_CREDENTIALS_FLOW`, `CLIENT_AUTH_FLOW`, `OFFLINE_SESSION_IDLE_TIMEOUT`, `REVOKE_REFRESH_TOKEN`, `ACCESS_TOKEN_LIFE_IMPLICIT`, `LOGIN_WITH_EMAIL_ALLOWED`, `DUPLICATE_EMAILS_ALLOWED`, `DOCKER_AUTH_FLOW`, `REFRESH_TOKEN_MAX_REUSE`, `ALLOW_USER_MANAGED_ACCESS`) VALUES ('QA', 0, 0, 0, NULL, NULL, NULL, '0', '0', 0, NULL, 'QA', 0, NULL, '0', '0', '0', '0', NULL, 0, 0, '0', '0', NULL, 0, '0', NULL, '0', '0', '0', '0', 0, 0, 0, 0, NULL, NULL, NULL, NULL, NULL, NULL, NULL, 0, '0', 0, '0', '0', NULL, 0, '0'); #start 8988345 end 8988714 time 2021-08-05 10:37:53
INSERT INTO `keycloak`.`REALM_ATTRIBUTE`(`NAME`, `VALUE`, `REALM_ID`) VALUES ('_browser_header.xContentTypeOptions', 'nosniff', 'QA'); #start 8988345 end 8988861 time 2021-08-05 10:37:53
INSERT INTO `keycloak`.`REALM_ATTRIBUTE`(`NAME`, `VALUE`, `REALM_ID`) VALUES ('_browser_header.xRobotsTag', 'none', 'QA'); #start 8988345 end 8988996 time 2021-08-05 10:37:53
INSERT INTO `keycloak`.`REALM_ATTRIBUTE`(`NAME`, `VALUE`, `REALM_ID`) VALUES ('_browser_header.xFrameOptions', 'SAMEORIGIN', 'QA'); #start 8988345 end 8989140 time 2021-08-05 10:37:53
INSERT INTO `keycloak`.`REALM_ATTRIBUTE`(`NAME`, `VALUE`, `REALM_ID`) VALUES ('_browser_header.contentSecurityPolicy', 'frame-src \'self\'; frame-ancestors \'self\'; object-src \'none\';', 'QA'); #start 8988345 end 8989342 time 2021-08-05 10:37:53
INSERT INTO `keycloak`.`REALM_ATTRIBUTE`(`NAME`, `VALUE`, `REALM_ID`) VALUES ('_browser_header.xXSSProtection', '1; mode=block', 'QA'); #start 8988345 end 8989490 time 2021-08-05 10:37:53
INSERT INTO `keycloak`.`REALM_ATTRIBUTE`(`NAME`, `VALUE`, `REALM_ID`) VALUES ('_browser_header.strictTransportSecurity', 'max-age=31536000; includeSubDomains', 'QA'); #start 8988345 end 8989669 time 2021-08-05 10:37:53
INSERT INTO `keycloak`.`REALM_ATTRIBUTE`(`NAME`, `VALUE`, `REALM_ID`) VALUES ('bruteForceProtected', 'false', 'QA'); #start 8988345 end 8989798 time 2021-08-05 10:37:53
INSERT INTO `keycloak`.`REALM_ATTRIBUTE`(`NAME`, `VALUE`, `REALM_ID`) VALUES ('permanentLockout', 'false', 'QA'); #start 8988345 end 8989924 time 2021-08-05 10:37:53
INSERT INTO `keycloak`.`REALM_ATTRIBUTE`(`NAME`, `VALUE`, `REALM_ID`) VALUES ('maxFailureWaitSeconds', '900', 'QA'); #start 8988345 end 8990053 time 2021-08-05 10:37:53
INSERT INTO `keycloak`.`REALM_ATTRIBUTE`(`NAME`, `VALUE`, `REALM_ID`) VALUES ('minimumQuickLoginWaitSeconds', '60', 'QA'); #start 8988345 end 8990188 time 2021-08-05 10:37:53
INSERT INTO `keycloak`.`REALM_ATTRIBUTE`(`NAME`, `VALUE`, `REALM_ID`) VALUES ('waitIncrementSeconds', '60', 'QA'); #start 8988345 end 8990315 time 2021-08-05 10:37:53
INSERT INTO `keycloak`.`REALM_ATTRIBUTE`(`NAME`, `VALUE`, `REALM_ID`) VALUES ('quickLoginCheckMilliSeconds', '1000', 'QA'); #start 8988345 end 8990451 time 2021-08-05 10:37:53
INSERT INTO `keycloak`.`REALM_ATTRIBUTE`(`NAME`, `VALUE`, `REALM_ID`) VALUES ('maxDeltaTimeSeconds', '43200', 'QA'); #start 8988345 end 8990580 time 2021-08-05 10:37:53
INSERT INTO `keycloak`.`REALM_ATTRIBUTE`(`NAME`, `VALUE`, `REALM_ID`) VALUES ('failureFactor', '30', 'QA'); #start 8988345 end 8990700 time 2021-08-05 10:37:53
UPDATE `keycloak`.`REALM` SET `ID`='QA', `ACCESS_CODE_LIFESPAN`=0, `USER_ACTION_LIFESPAN`=0, `ACCESS_TOKEN_LIFESPAN`=0, `ACCOUNT_THEME`=NULL, `ADMIN_THEME`=NULL, `EMAIL_THEME`=NULL, `ENABLED`='0', `EVENTS_ENABLED`='0', `EVENTS_EXPIRATION`=0, `LOGIN_THEME`=NULL, `NAME`='QA', `NOT_BEFORE`=0, `PASSWORD_POLICY`=NULL, `REGISTRATION_ALLOWED`='0', `REMEMBER_ME`='0', `RESET_PASSWORD_ALLOWED`='0', `SOCIAL`='0', `SSL_REQUIRED`='EXTERNAL', `SSO_IDLE_TIMEOUT`=0, `SSO_MAX_LIFESPAN`=0, `UPDATE_PROFILE_ON_SOC_LOGIN`='0', `VERIFY_EMAIL`='0', `MASTER_ADMIN_CLIENT`=NULL, `LOGIN_LIFESPAN`=0, `INTERNATIONALIZATION_ENABLED`='0', `DEFAULT_LOCALE`=NULL, `REG_EMAIL_AS_USERNAME`='0', `ADMIN_EVENTS_ENABLED`='0', `ADMIN_EVENTS_DETAILS_ENABLED`='0', `EDIT_USERNAME_ALLOWED`='0', `OTP_POLICY_COUNTER`=0, `OTP_POLICY_WINDOW`=0, `OTP_POLICY_PERIOD`=0, `OTP_POLICY_DIGITS`=0, `OTP_POLICY_ALG`=NULL, `OTP_POLICY_TYPE`=NULL, `BROWSER_FLOW`=NULL, `REGISTRATION_FLOW`=NULL, `DIRECT_GRANT_FLOW`=NULL, `RESET_CREDENTIALS_FLOW`=NULL, `CLIENT_AUTH_FLOW`=NULL, `OFFLINE_SESSION_IDLE_TIMEOUT`=0, `REVOKE_REFRESH_TOKEN`='0', `ACCESS_TOKEN_LIFE_IMPLICIT`=0, `LOGIN_WITH_EMAIL_ALLOWED`='0', `DUPLICATE_EMAILS_ALLOWED`='0', `DOCKER_AUTH_FLOW`=NULL, `REFRESH_TOKEN_MAX_REUSE`=0, `ALLOW_USER_MANAGED_ACCESS`='0' WHERE `ID`='QA' AND `ACCESS_CODE_LIFESPAN`=0 AND `USER_ACTION_LIFESPAN`=0 AND `ACCESS_TOKEN_LIFESPAN`=0 AND `ACCOUNT_THEME` IS NULL AND `ADMIN_THEME` IS NULL AND `EMAIL_THEME` IS NULL AND `ENABLED`='0' AND `EVENTS_ENABLED`='0' AND `EVENTS_EXPIRATION`=0 AND `LOGIN_THEME` IS NULL AND `NAME`='QA' AND `NOT_BEFORE`=0 AND `PASSWORD_POLICY` IS NULL AND `REGISTRATION_ALLOWED`='0' AND `REMEMBER_ME`='0' AND `RESET_PASSWORD_ALLOWED`='0' AND `SOCIAL`='0' AND `SSL_REQUIRED` IS NULL AND `SSO_IDLE_TIMEOUT`=0 AND `SSO_MAX_LIFESPAN`=0 AND `UPDATE_PROFILE_ON_SOC_LOGIN`='0' AND `VERIFY_EMAIL`='0' AND `MASTER_ADMIN_CLIENT` IS NULL AND `LOGIN_LIFESPAN`=0 AND `INTERNATIONALIZATION_ENABLED`='0' AND `DEFAULT_LOCALE` IS NULL AND `REG_EMAIL_AS_USERNAME`='0' AND `ADMIN_EVENTS_ENABLED`='0' AND `ADMIN_EVENTS_DETAILS_ENABLED`='0' AND `EDIT_USERNAME_ALLOWED`='0' AND `OTP_POLICY_COUNTER`=0 AND `OTP_POLICY_WINDOW`=0 AND `OTP_POLICY_PERIOD`=0 AND `OTP_POLICY_DIGITS`=0 AND `OTP_POLICY_ALG` IS NULL AND `OTP_POLICY_TYPE` IS NULL AND `BROWSER_FLOW` IS NULL AND `REGISTRATION_FLOW` IS NULL AND `DIRECT_GRANT_FLOW` IS NULL AND `RESET_CREDENTIALS_FLOW` IS NULL AND `CLIENT_AUTH_FLOW` IS NULL AND `OFFLINE_SESSION_IDLE_TIMEOUT`=0 AND `REVOKE_REFRESH_TOKEN`='0' AND `ACCESS_TOKEN_LIFE_IMPLICIT`=0 AND `LOGIN_WITH_EMAIL_ALLOWED`='0' AND `DUPLICATE_EMAILS_ALLOWED`='0' AND `DOCKER_AUTH_FLOW` IS NULL AND `REFRESH_TOKEN_MAX_REUSE`=0 AND `ALLOW_USER_MANAGED_ACCESS`='0' LIMIT 1; #start 8988345 end 8991117 time 2021-08-05 10:37:53
UPDATE `keycloak`.`REALM` SET `ID`='QA', `ACCESS_CODE_LIFESPAN`=0, `USER_ACTION_LIFESPAN`=0, `ACCESS_TOKEN_LIFESPAN`=0, `ACCOUNT_THEME`=NULL, `ADMIN_THEME`=NULL, `EMAIL_THEME`=NULL, `ENABLED`='0', `EVENTS_ENABLED`='0', `EVENTS_EXPIRATION`=0, `LOGIN_THEME`=NULL, `NAME`='QA', `NOT_BEFORE`=0, `PASSWORD_POLICY`=NULL, `REGISTRATION_ALLOWED`='0', `REMEMBER_ME`='0', `RESET_PASSWORD_ALLOWED`='0', `SOCIAL`='0', `SSL_REQUIRED`='EXTERNAL', `SSO_IDLE_TIMEOUT`=0, `SSO_MAX_LIFESPAN`=0, `UPDATE_PROFILE_ON_SOC_LOGIN`='0', `VERIFY_EMAIL`='0', `MASTER_ADMIN_CLIENT`=NULL, `LOGIN_LIFESPAN`=0, `INTERNATIONALIZATION_ENABLED`='0', `DEFAULT_LOCALE`=NULL, `REG_EMAIL_AS_USERNAME`='0', `ADMIN_EVENTS_ENABLED`='0', `ADMIN_EVENTS_DETAILS_ENABLED`='0', `EDIT_USERNAME_ALLOWED`='0', `OTP_POLICY_COUNTER`=0, `OTP_POLICY_WINDOW`=1, `OTP_POLICY_PERIOD`=30, `OTP_POLICY_DIGITS`=6, `OTP_POLICY_ALG`='HmacSHA1', `OTP_POLICY_TYPE`='totp', `BROWSER_FLOW`=NULL, `REGISTRATION_FLOW`=NULL, `DIRECT_GRANT_FLOW`=NULL, `RESET_CREDENTIALS_FLOW`=NULL, `CLIENT_AUTH_FLOW`=NULL, `OFFLINE_SESSION_IDLE_TIMEOUT`=0, `REVOKE_REFRESH_TOKEN`='0', `ACCESS_TOKEN_LIFE_IMPLICIT`=0, `LOGIN_WITH_EMAIL_ALLOWED`='0', `DUPLICATE_EMAILS_ALLOWED`='0', `DOCKER_AUTH_FLOW`=NULL, `REFRESH_TOKEN_MAX_REUSE`=0, `ALLOW_USER_MANAGED_ACCESS`='0' WHERE `ID`='QA' AND `ACCESS_CODE_LIFESPAN`=0 AND `USER_ACTION_LIFESPAN`=0 AND `ACCESS_TOKEN_LIFESPAN`=0 AND `ACCOUNT_THEME` IS NULL AND `ADMIN_THEME` IS NULL AND `EMAIL_THEME` IS NULL AND `ENABLED`='0' AND `EVENTS_ENABLED`='0' AND `EVENTS_EXPIRATION`=0 AND `LOGIN_THEME` IS NULL AND `NAME`='QA' AND `NOT_BEFORE`=0 AND `PASSWORD_POLICY` IS NULL AND `REGISTRATION_ALLOWED`='0' AND `REMEMBER_ME`='0' AND `RESET_PASSWORD_ALLOWED`='0' AND `SOCIAL`='0' AND `SSL_REQUIRED`='EXTERNAL' AND `SSO_IDLE_TIMEOUT`=0 AND `SSO_MAX_LIFESPAN`=0 AND `UPDATE_PROFILE_ON_SOC_LOGIN`='0' AND `VERIFY_EMAIL`='0' AND `MASTER_ADMIN_CLIENT` IS NULL AND `LOGIN_LIFESPAN`=0 AND `INTERNATIONALIZATION_ENABLED`='0' AND `DEFAULT_LOCALE` IS NULL AND `REG_EMAIL_AS_USERNAME`='0' AND `ADMIN_EVENTS_ENABLED`='0' AND `ADMIN_EVENTS_DETAILS_ENABLED`='0' AND `EDIT_USERNAME_ALLOWED`='0' AND `OTP_POLICY_COUNTER`=0 AND `OTP_POLICY_WINDOW`=0 AND `OTP_POLICY_PERIOD`=0 AND `OTP_POLICY_DIGITS`=0 AND `OTP_POLICY_ALG` IS NULL AND `OTP_POLICY_TYPE` IS NULL AND `BROWSER_FLOW` IS NULL AND `REGISTRATION_FLOW` IS NULL AND `DIRECT_GRANT_FLOW` IS NULL AND `RESET_CREDENTIALS_FLOW` IS NULL AND `CLIENT_AUTH_FLOW` IS NULL AND `OFFLINE_SESSION_IDLE_TIMEOUT`=0 AND `REVOKE_REFRESH_TOKEN`='0' AND `ACCESS_TOKEN_LIFE_IMPLICIT`=0 AND `LOGIN_WITH_EMAIL_ALLOWED`='0' AND `DUPLICATE_EMAILS_ALLOWED`='0' AND `DOCKER_AUTH_FLOW` IS NULL AND `REFRESH_TOKEN_MAX_REUSE`=0 AND `ALLOW_USER_MANAGED_ACCESS`='0' LIMIT 1; #start 8988345 end 8991558 time 2021-08-05 10:37:53
UPDATE `keycloak`.`REALM` SET `ID`='QA', `ACCESS_CODE_LIFESPAN`=0, `USER_ACTION_LIFESPAN`=0, `ACCESS_TOKEN_LIFESPAN`=0, `ACCOUNT_THEME`=NULL, `ADMIN_THEME`=NULL, `EMAIL_THEME`=NULL, `ENABLED`='0', `EVENTS_ENABLED`='0', `EVENTS_EXPIRATION`=0, `LOGIN_THEME`=NULL, `NAME`='QA', `NOT_BEFORE`=0, `PASSWORD_POLICY`=NULL, `REGISTRATION_ALLOWED`='0', `REMEMBER_ME`='0', `RESET_PASSWORD_ALLOWED`='0', `SOCIAL`='0', `SSL_REQUIRED`='EXTERNAL', `SSO_IDLE_TIMEOUT`=0, `SSO_MAX_LIFESPAN`=0, `UPDATE_PROFILE_ON_SOC_LOGIN`='0', `VERIFY_EMAIL`='0', `MASTER_ADMIN_CLIENT`=NULL, `LOGIN_LIFESPAN`=0, `INTERNATIONALIZATION_ENABLED`='0', `DEFAULT_LOCALE`=NULL, `REG_EMAIL_AS_USERNAME`='0', `ADMIN_EVENTS_ENABLED`='0', `ADMIN_EVENTS_DETAILS_ENABLED`='0', `EDIT_USERNAME_ALLOWED`='0', `OTP_POLICY_COUNTER`=0, `OTP_POLICY_WINDOW`=1, `OTP_POLICY_PERIOD`=30, `OTP_POLICY_DIGITS`=6, `OTP_POLICY_ALG`='HmacSHA1', `OTP_POLICY_TYPE`='totp', `BROWSER_FLOW`=NULL, `REGISTRATION_FLOW`=NULL, `DIRECT_GRANT_FLOW`=NULL, `RESET_CREDENTIALS_FLOW`=NULL, `CLIENT_AUTH_FLOW`=NULL, `OFFLINE_SESSION_IDLE_TIMEOUT`=0, `REVOKE_REFRESH_TOKEN`='0', `ACCESS_TOKEN_LIFE_IMPLICIT`=0, `LOGIN_WITH_EMAIL_ALLOWED`='1', `DUPLICATE_EMAILS_ALLOWED`='0', `DOCKER_AUTH_FLOW`=NULL, `REFRESH_TOKEN_MAX_REUSE`=0, `ALLOW_USER_MANAGED_ACCESS`='0' WHERE `ID`='QA' AND `ACCESS_CODE_LIFESPAN`=0 AND `USER_ACTION_LIFESPAN`=0 AND `ACCESS_TOKEN_LIFESPAN`=0 AND `ACCOUNT_THEME` IS NULL AND `ADMIN_THEME` IS NULL AND `EMAIL_THEME` IS NULL AND `ENABLED`='0' AND `EVENTS_ENABLED`='0' AND `EVENTS_EXPIRATION`=0 AND `LOGIN_THEME` IS NULL AND `NAME`='QA' AND `NOT_BEFORE`=0 AND `PASSWORD_POLICY` IS NULL AND `REGISTRATION_ALLOWED`='0' AND `REMEMBER_ME`='0' AND `RESET_PASSWORD_ALLOWED`='0' AND `SOCIAL`='0' AND `SSL_REQUIRED`='EXTERNAL' AND `SSO_IDLE_TIMEOUT`=0 AND `SSO_MAX_LIFESPAN`=0 AND `UPDATE_PROFILE_ON_SOC_LOGIN`='0' AND `VERIFY_EMAIL`='0' AND `MASTER_ADMIN_CLIENT` IS NULL AND `LOGIN_LIFESPAN`=0 AND `INTERNATIONALIZATION_ENABLED`='0' AND `DEFAULT_LOCALE` IS NULL AND `REG_EMAIL_AS_USERNAME`='0' AND `ADMIN_EVENTS_ENABLED`='0' AND `ADMIN_EVENTS_DETAILS_ENABLED`='0' AND `EDIT_USERNAME_ALLOWED`='0' AND `OTP_POLICY_COUNTER`=0 AND `OTP_POLICY_WINDOW`=1 AND `OTP_POLICY_PERIOD`=30 AND `OTP_POLICY_DIGITS`=6 AND `OTP_POLICY_ALG`='HmacSHA1' AND `OTP_POLICY_TYPE`='totp' AND `BROWSER_FLOW` IS NULL AND `REGISTRATION_FLOW` IS NULL AND `DIRECT_GRANT_FLOW` IS NULL AND `RESET_CREDENTIALS_FLOW` IS NULL AND `CLIENT_AUTH_FLOW` IS NULL AND `OFFLINE_SESSION_IDLE_TIMEOUT`=0 AND `REVOKE_REFRESH_TOKEN`='0' AND `ACCESS_TOKEN_LIFE_IMPLICIT`=0 AND `LOGIN_WITH_EMAIL_ALLOWED`='0' AND `DUPLICATE_EMAILS_ALLOWED`='0' AND `DOCKER_AUTH_FLOW` IS NULL AND `REFRESH_TOKEN_MAX_REUSE`=0 AND `ALLOW_USER_MANAGED_ACCESS`='0' LIMIT 1; #start 8988345 end 8992013 time 2021-08-05 10:37:53
INSERT INTO `keycloak`.`REALM_EVENTS_LISTENERS`(`REALM_ID`, `VALUE`) VALUES ('QA', 'jboss-logging'); #start 8988345 end 8992133 time 2021-08-05 10:37:53
INSERT INTO `keycloak`.`CLIENT`(`ID`, `ENABLED`, `FULL_SCOPE_ALLOWED`, `CLIENT_ID`, `NOT_BEFORE`, `PUBLIC_CLIENT`, `SECRET`, `BASE_URL`, `BEARER_ONLY`, `MANAGEMENT_URL`, `SURROGATE_AUTH_REQUIRED`, `REALM_ID`, `PROTOCOL`, `NODE_REREG_TIMEOUT`, `FRONTCHANNEL_LOGOUT`, `CONSENT_REQUIRED`, `NAME`, `SERVICE_ACCOUNTS_ENABLED`, `CLIENT_AUTHENTICATOR_TYPE`, `ROOT_URL`, `DESCRIPTION`, `REGISTRATION_TOKEN`, `STANDARD_FLOW_ENABLED`, `IMPLICIT_FLOW_ENABLED`, `DIRECT_ACCESS_GRANTS_ENABLED`) VALUES ('7ce2eec1-3f43-4b4b-a383-09a50e710495', '1', '0', 'QA-realm', 0, '0', NULL, NULL, '0', NULL, '0', 'master', NULL, 0, '0', '0', NULL, '0', NULL, NULL, NULL, NULL, '1', '0', '0'); #start 8988345 end 8992366 time 2021-08-05 10:37:53
INSERT INTO `keycloak`.`CLIENT_SCOPE_CLIENT`(`CLIENT_ID`, `SCOPE_ID`, `DEFAULT_SCOPE`) VALUES ('7ce2eec1-3f43-4b4b-a383-09a50e710495', '7f99725c-0a82-4266-beca-42997e8bb762', '1'); #start 8988345 end 8992543 time 2021-08-05 10:37:53
INSERT INTO `keycloak`.`CLIENT_SCOPE_CLIENT`(`CLIENT_ID`, `SCOPE_ID`, `DEFAULT_SCOPE`) VALUES ('7ce2eec1-3f43-4b4b-a383-09a50e710495', '3c3d758e-7b6b-4598-b3e9-4b4cfcefe2d4', '1'); #start 8988345 end 8992720 time 2021-08-05 10:37:53
INSERT INTO `keycloak`.`CLIENT_SCOPE_CLIENT`(`CLIENT_ID`, `SCOPE_ID`, `DEFAULT_SCOPE`) VALUES ('7ce2eec1-3f43-4b4b-a383-09a50e710495', '895018ba-66eb-415a-b3f5-4c0c6ebf3096', '1'); #start 8988345 end 8992897 time 2021-08-05 10:37:53
INSERT INTO `keycloak`.`CLIENT_SCOPE_CLIENT`(`CLIENT_ID`, `SCOPE_ID`, `DEFAULT_SCOPE`) VALUES ('7ce2eec1-3f43-4b4b-a383-09a50e710495', '1df0b3bb-0557-4d9e-817f-97545c9517b8', '0'); #start 8988345 end 8993074 time 2021-08-05 10:37:53
INSERT INTO `keycloak`.`CLIENT_SCOPE_CLIENT`(`CLIENT_ID`, `SCOPE_ID`, `DEFAULT_SCOPE`) VALUES ('7ce2eec1-3f43-4b4b-a383-09a50e710495', '4fabc2b1-94ee-405b-8422-472b793e0c7d', '0'); #start 8988345 end 8993251 time 2021-08-05 10:37:53
INSERT INTO `keycloak`.`CLIENT_SCOPE_CLIENT`(`CLIENT_ID`, `SCOPE_ID`, `DEFAULT_SCOPE`) VALUES ('7ce2eec1-3f43-4b4b-a383-09a50e710495', 'ec3c6a56-63a6-456e-930b-967d75fca260', '0'); #start 8988345 end 8993428 time 2021-08-05 10:37:53
UPDATE `keycloak`.`REALM` SET `ID`='QA', `ACCESS_CODE_LIFESPAN`=0, `USER_ACTION_LIFESPAN`=0, `ACCESS_TOKEN_LIFESPAN`=0, `ACCOUNT_THEME`=NULL, `ADMIN_THEME`=NULL, `EMAIL_THEME`=NULL, `ENABLED`='0', `EVENTS_ENABLED`='0', `EVENTS_EXPIRATION`=0, `LOGIN_THEME`=NULL, `NAME`='QA', `NOT_BEFORE`=0, `PASSWORD_POLICY`=NULL, `REGISTRATION_ALLOWED`='0', `REMEMBER_ME`='0', `RESET_PASSWORD_ALLOWED`='0', `SOCIAL`='0', `SSL_REQUIRED`='EXTERNAL', `SSO_IDLE_TIMEOUT`=0, `SSO_MAX_LIFESPAN`=0, `UPDATE_PROFILE_ON_SOC_LOGIN`='0', `VERIFY_EMAIL`='0', `MASTER_ADMIN_CLIENT`='7ce2eec1-3f43-4b4b-a383-09a50e710495', `LOGIN_LIFESPAN`=0, `INTERNATIONALIZATION_ENABLED`='0', `DEFAULT_LOCALE`=NULL, `REG_EMAIL_AS_USERNAME`='0', `ADMIN_EVENTS_ENABLED`='0', `ADMIN_EVENTS_DETAILS_ENABLED`='0', `EDIT_USERNAME_ALLOWED`='0', `OTP_POLICY_COUNTER`=0, `OTP_POLICY_WINDOW`=1, `OTP_POLICY_PERIOD`=30, `OTP_POLICY_DIGITS`=6, `OTP_POLICY_ALG`='HmacSHA1', `OTP_POLICY_TYPE`='totp', `BROWSER_FLOW`=NULL, `REGISTRATION_FLOW`=NULL, `DIRECT_GRANT_FLOW`=NULL, `RESET_CREDENTIALS_FLOW`=NULL, `CLIENT_AUTH_FLOW`=NULL, `OFFLINE_SESSION_IDLE_TIMEOUT`=0, `REVOKE_REFRESH_TOKEN`='0', `ACCESS_TOKEN_LIFE_IMPLICIT`=0, `LOGIN_WITH_EMAIL_ALLOWED`='1', `DUPLICATE_EMAILS_ALLOWED`='0', `DOCKER_AUTH_FLOW`=NULL, `REFRESH_TOKEN_MAX_REUSE`=0, `ALLOW_USER_MANAGED_ACCESS`='0' WHERE `ID`='QA' AND `ACCESS_CODE_LIFESPAN`=0 AND `USER_ACTION_LIFESPAN`=0 AND `ACCESS_TOKEN_LIFESPAN`=0 AND `ACCOUNT_THEME` IS NULL AND `ADMIN_THEME` IS NULL AND `EMAIL_THEME` IS NULL AND `ENABLED`='0' AND `EVENTS_ENABLED`='0' AND `EVENTS_EXPIRATION`=0 AND `LOGIN_THEME` IS NULL AND `NAME`='QA' AND `NOT_BEFORE`=0 AND `PASSWORD_POLICY` IS NULL AND `REGISTRATION_ALLOWED`='0' AND `REMEMBER_ME`='0' AND `RESET_PASSWORD_ALLOWED`='0' AND `SOCIAL`='0' AND `SSL_REQUIRED`='EXTERNAL' AND `SSO_IDLE_TIMEOUT`=0 AND `SSO_MAX_LIFESPAN`=0 AND `UPDATE_PROFILE_ON_SOC_LOGIN`='0' AND `VERIFY_EMAIL`='0' AND `MASTER_ADMIN_CLIENT` IS NULL AND `LOGIN_LIFESPAN`=0 AND `INTERNATIONALIZATION_ENABLED`='0' AND `DEFAULT_LOCALE` IS NULL AND `REG_EMAIL_AS_USERNAME`='0' AND `ADMIN_EVENTS_ENABLED`='0' AND `ADMIN_EVENTS_DETAILS_ENABLED`='0' AND `EDIT_USERNAME_ALLOWED`='0' AND `OTP_POLICY_COUNTER`=0 AND `OTP_POLICY_WINDOW`=1 AND `OTP_POLICY_PERIOD`=30 AND `OTP_POLICY_DIGITS`=6 AND `OTP_POLICY_ALG`='HmacSHA1' AND `OTP_POLICY_TYPE`='totp' AND `BROWSER_FLOW` IS NULL AND `REGISTRATION_FLOW` IS NULL AND `DIRECT_GRANT_FLOW` IS NULL AND `RESET_CREDENTIALS_FLOW` IS NULL AND `CLIENT_AUTH_FLOW` IS NULL AND `OFFLINE_SESSION_IDLE_TIMEOUT`=0 AND `REVOKE_REFRESH_TOKEN`='0' AND `ACCESS_TOKEN_LIFE_IMPLICIT`=0 AND `LOGIN_WITH_EMAIL_ALLOWED`='1' AND `DUPLICATE_EMAILS_ALLOWED`='0' AND `DOCKER_AUTH_FLOW` IS NULL AND `REFRESH_TOKEN_MAX_REUSE`=0 AND `ALLOW_USER_MANAGED_ACCESS`='0' LIMIT 1; #start 8988345 end 8993920 time 2021-08-05 10:37:53
UPDATE `keycloak`.`CLIENT` SET `ID`='7ce2eec1-3f43-4b4b-a383-09a50e710495', `ENABLED`='1', `FULL_SCOPE_ALLOWED`='1', `CLIENT_ID`='QA-realm', `NOT_BEFORE`=0, `PUBLIC_CLIENT`='0', `SECRET`='a659e5d0-8401-472c-bd0c-5aeb5a6a5b47', `BASE_URL`=NULL, `BEARER_ONLY`='1', `MANAGEMENT_URL`=NULL, `SURROGATE_AUTH_REQUIRED`='0', `REALM_ID`='master', `PROTOCOL`=NULL, `NODE_REREG_TIMEOUT`=0, `FRONTCHANNEL_LOGOUT`='0', `CONSENT_REQUIRED`='0', `NAME`='QA Realm', `SERVICE_ACCOUNTS_ENABLED`='0', `CLIENT_AUTHENTICATOR_TYPE`='client-secret', `ROOT_URL`=NULL, `DESCRIPTION`=NULL, `REGISTRATION_TOKEN`=NULL, `STANDARD_FLOW_ENABLED`='1', `IMPLICIT_FLOW_ENABLED`='0', `DIRECT_ACCESS_GRANTS_ENABLED`='0' WHERE `ID`='7ce2eec1-3f43-4b4b-a383-09a50e710495' AND `ENABLED`='1' AND `FULL_SCOPE_ALLOWED`='0' AND `CLIENT_ID`='QA-realm' AND `NOT_BEFORE`=0 AND `PUBLIC_CLIENT`='0' AND `SECRET` IS NULL AND `BASE_URL` IS NULL AND `BEARER_ONLY`='0' AND `MANAGEMENT_URL` IS NULL AND `SURROGATE_AUTH_REQUIRED`='0' AND `REALM_ID`='master' AND `PROTOCOL` IS NULL AND `NODE_REREG_TIMEOUT`=0 AND `FRONTCHANNEL_LOGOUT`='0' AND `CONSENT_REQUIRED`='0' AND `NAME` IS NULL AND `SERVICE_ACCOUNTS_ENABLED`='0' AND `CLIENT_AUTHENTICATOR_TYPE` IS NULL AND `ROOT_URL` IS NULL AND `DESCRIPTION` IS NULL AND `REGISTRATION_TOKEN` IS NULL AND `STANDARD_FLOW_ENABLED`='1' AND `IMPLICIT_FLOW_ENABLED`='0' AND `DIRECT_ACCESS_GRANTS_ENABLED`='0' LIMIT 1; #start 8988345 end 8994297 time 2021-08-05 10:37:53
INSERT INTO `keycloak`.`KEYCLOAK_ROLE`(`ID`, `CLIENT_REALM_CONSTRAINT`, `CLIENT_ROLE`, `DESCRIPTION`, `NAME`, `REALM_ID`, `CLIENT`, `REALM`) VALUES ('969b9f0b-441c-42ad-9721-744aa8ba2d1b', '7ce2eec1-3f43-4b4b-a383-09a50e710495', '1', NULL, 'create-client', 'master', '7ce2eec1-3f43-4b4b-a383-09a50e710495', NULL); #start 8988345 end 8994543 time 2021-08-05 10:37:53
UPDATE `keycloak`.`KEYCLOAK_ROLE` SET `ID`='969b9f0b-441c-42ad-9721-744aa8ba2d1b', `CLIENT_REALM_CONSTRAINT`='7ce2eec1-3f43-4b4b-a383-09a50e710495', `CLIENT_ROLE`='1', `DESCRIPTION`='${role_create-client}', `NAME`='create-client', `REALM_ID`='master', `CLIENT`='7ce2eec1-3f43-4b4b-a383-09a50e710495', `REALM`=NULL WHERE `ID`='969b9f0b-441c-42ad-9721-744aa8ba2d1b' AND `CLIENT_REALM_CONSTRAINT`='7ce2eec1-3f43-4b4b-a383-09a50e710495' AND `CLIENT_ROLE`='1' AND `DESCRIPTION` IS NULL AND `NAME`='create-client' AND `REALM_ID`='master' AND `CLIENT`='7ce2eec1-3f43-4b4b-a383-09a50e710495' AND `REALM` IS NULL LIMIT 1; #start 8988345 end 8994949 time 2021-08-05 10:37:53
INSERT INTO `keycloak`.`COMPOSITE_ROLE`(`COMPOSITE`, `CHILD_ROLE`) VALUES ('6a68b74f-4a91-4dbf-8dd2-fc2012208e4b', '969b9f0b-441c-42ad-9721-744aa8ba2d1b'); #start 8988345 end 8995117 time 2021-08-05 10:37:53
INSERT INTO `keycloak`.`KEYCLOAK_ROLE`(`ID`, `CLIENT_REALM_CONSTRAINT`, `CLIENT_ROLE`, `DESCRIPTION`, `NAME`, `REALM_ID`, `CLIENT`, `REALM`) VALUES ('588f52f1-d49f-46fa-aa52-b2a422f9dcde', '7ce2eec1-3f43-4b4b-a383-09a50e710495', '1', NULL, 'view-realm', 'master', '7ce2eec1-3f43-4b4b-a383-09a50e710495', NULL); #start 8988345 end 8995360 time 2021-08-05 10:37:53
UPDATE `keycloak`.`KEYCLOAK_ROLE` SET `ID`='588f52f1-d49f-46fa-aa52-b2a422f9dcde', `CLIENT_REALM_CONSTRAINT`='7ce2eec1-3f43-4b4b-a383-09a50e710495', `CLIENT_ROLE`='1', `DESCRIPTION`='${role_view-realm}', `NAME`='view-realm', `REALM_ID`='master', `CLIENT`='7ce2eec1-3f43-4b4b-a383-09a50e710495', `REALM`=NULL WHERE `ID`='588f52f1-d49f-46fa-aa52-b2a422f9dcde' AND `CLIENT_REALM_CONSTRAINT`='7ce2eec1-3f43-4b4b-a383-09a50e710495' AND `CLIENT_ROLE`='1' AND `DESCRIPTION` IS NULL AND `NAME`='view-realm' AND `REALM_ID`='master' AND `CLIENT`='7ce2eec1-3f43-4b4b-a383-09a50e710495' AND `REALM` IS NULL LIMIT 1; #start 8988345 end 8995757 time 2021-08-05 10:37:53
INSERT INTO `keycloak`.`COMPOSITE_ROLE`(`COMPOSITE`, `CHILD_ROLE`) VALUES ('6a68b74f-4a91-4dbf-8dd2-fc2012208e4b', '588f52f1-d49f-46fa-aa52-b2a422f9dcde'); #start 8988345 end 8995925 time 2021-08-05 10:37:53
INSERT INTO `keycloak`.`KEYCLOAK_ROLE`(`ID`, `CLIENT_REALM_CONSTRAINT`, `CLIENT_ROLE`, `DESCRIPTION`, `NAME`, `REALM_ID`, `CLIENT`, `REALM`) VALUES ('e7ef08da-9b42-49ed-9bfe-5ee5b4dd2c74', '7ce2eec1-3f43-4b4b-a383-09a50e710495', '1', NULL, 'view-users', 'master', '7ce2eec1-3f43-4b4b-a383-09a50e710495', NULL); #start 8988345 end 8996168 time 2021-08-05 10:37:53
UPDATE `keycloak`.`KEYCLOAK_ROLE` SET `ID`='e7ef08da-9b42-49ed-9bfe-5ee5b4dd2c74', `CLIENT_REALM_CONSTRAINT`='7ce2eec1-3f43-4b4b-a383-09a50e710495', `CLIENT_ROLE`='1', `DESCRIPTION`='${role_view-users}', `NAME`='view-users', `REALM_ID`='master', `CLIENT`='7ce2eec1-3f43-4b4b-a383-09a50e710495', `REALM`=NULL WHERE `ID`='e7ef08da-9b42-49ed-9bfe-5ee5b4dd2c74' AND `CLIENT_REALM_CONSTRAINT`='7ce2eec1-3f43-4b4b-a383-09a50e710495' AND `CLIENT_ROLE`='1' AND `DESCRIPTION` IS NULL AND `NAME`='view-users' AND `REALM_ID`='master' AND `CLIENT`='7ce2eec1-3f43-4b4b-a383-09a50e710495' AND `REALM` IS NULL LIMIT 1; #start 8988345 end 8996565 time 2021-08-05 10:37:53
INSERT INTO `keycloak`.`COMPOSITE_ROLE`(`COMPOSITE`, `CHILD_ROLE`) VALUES ('6a68b74f-4a91-4dbf-8dd2-fc2012208e4b', 'e7ef08da-9b42-49ed-9bfe-5ee5b4dd2c74'); #start 8988345 end 8996733 time 2021-08-05 10:37:53
INSERT INTO `keycloak`.`KEYCLOAK_ROLE`(`ID`, `CLIENT_REALM_CONSTRAINT`, `CLIENT_ROLE`, `DESCRIPTION`, `NAME`, `REALM_ID`, `CLIENT`, `REALM`) VALUES ('ebcd0cbb-6547-4ab8-a1c9-e22900d8e64d', '7ce2eec1-3f43-4b4b-a383-09a50e710495', '1', NULL, 'view-clients', 'master', '7ce2eec1-3f43-4b4b-a383-09a50e710495', NULL); #start 8988345 end 8996978 time 2021-08-05 10:37:53
UPDATE `keycloak`.`KEYCLOAK_ROLE` SET `ID`='ebcd0cbb-6547-4ab8-a1c9-e22900d8e64d', `CLIENT_REALM_CONSTRAINT`='7ce2eec1-3f43-4b4b-a383-09a50e710495', `CLIENT_ROLE`='1', `DESCRIPTION`='${role_view-clients}', `NAME`='view-clients', `REALM_ID`='master', `CLIENT`='7ce2eec1-3f43-4b4b-a383-09a50e710495', `REALM`=NULL WHERE `ID`='ebcd0cbb-6547-4ab8-a1c9-e22900d8e64d' AND `CLIENT_REALM_CONSTRAINT`='7ce2eec1-3f43-4b4b-a383-09a50e710495' AND `CLIENT_ROLE`='1' AND `DESCRIPTION` IS NULL AND `NAME`='view-clients' AND `REALM_ID`='master' AND `CLIENT`='7ce2eec1-3f43-4b4b-a383-09a50e710495' AND `REALM` IS NULL LIMIT 1; #start 8988345 end 8997381 time 2021-08-05 10:37:53
INSERT INTO `keycloak`.`COMPOSITE_ROLE`(`COMPOSITE`, `CHILD_ROLE`) VALUES ('6a68b74f-4a91-4dbf-8dd2-fc2012208e4b', 'ebcd0cbb-6547-4ab8-a1c9-e22900d8e64d'); #start 8988345 end 8997549 time 2021-08-05 10:37:53
INSERT INTO `keycloak`.`KEYCLOAK_ROLE`(`ID`, `CLIENT_REALM_CONSTRAINT`, `CLIENT_ROLE`, `DESCRIPTION`, `NAME`, `REALM_ID`, `CLIENT`, `REALM`) VALUES ('499806be-6012-4fa6-8f93-6ac0d1703602', '7ce2eec1-3f43-4b4b-a383-09a50e710495', '1', NULL, 'view-events', 'master', '7ce2eec1-3f43-4b4b-a383-09a50e710495', NULL); #start 8988345 end 8997793 time 2021-08-05 10:37:53
UPDATE `keycloak`.`KEYCLOAK_ROLE` SET `ID`='499806be-6012-4fa6-8f93-6ac0d1703602', `CLIENT_REALM_CONSTRAINT`='7ce2eec1-3f43-4b4b-a383-09a50e710495', `CLIENT_ROLE`='1', `DESCRIPTION`='${role_view-events}', `NAME`='view-events', `REALM_ID`='master', `CLIENT`='7ce2eec1-3f43-4b4b-a383-09a50e710495', `REALM`=NULL WHERE `ID`='499806be-6012-4fa6-8f93-6ac0d1703602' AND `CLIENT_REALM_CONSTRAINT`='7ce2eec1-3f43-4b4b-a383-09a50e710495' AND `CLIENT_ROLE`='1' AND `DESCRIPTION` IS NULL AND `NAME`='view-events' AND `REALM_ID`='master' AND `CLIENT`='7ce2eec1-3f43-4b4b-a383-09a50e710495' AND `REALM` IS NULL LIMIT 1; #start 8988345 end 8998193 time 2021-08-05 10:37:54
INSERT INTO `keycloak`.`COMPOSITE_ROLE`(`COMPOSITE`, `CHILD_ROLE`) VALUES ('6a68b74f-4a91-4dbf-8dd2-fc2012208e4b', '499806be-6012-4fa6-8f93-6ac0d1703602'); #start 8988345 end 8998361 time 2021-08-05 10:37:54
INSERT INTO `keycloak`.`KEYCLOAK_ROLE`(`ID`, `CLIENT_REALM_CONSTRAINT`, `CLIENT_ROLE`, `DESCRIPTION`, `NAME`, `REALM_ID`, `CLIENT`, `REALM`) VALUES ('39797cde-92aa-4180-a9da-6ca138166ad2', '7ce2eec1-3f43-4b4b-a383-09a50e710495', '1', NULL, 'view-identity-providers', 'master', '7ce2eec1-3f43-4b4b-a383-09a50e710495', NULL); #start 8988345 end 8998617 time 2021-08-05 10:37:54
UPDATE `keycloak`.`KEYCLOAK_ROLE` SET `ID`='39797cde-92aa-4180-a9da-6ca138166ad2', `CLIENT_REALM_CONSTRAINT`='7ce2eec1-3f43-4b4b-a383-09a50e710495', `CLIENT_ROLE`='1', `DESCRIPTION`='${role_view-identity-providers}', `NAME`='view-identity-providers', `REALM_ID`='master', `CLIENT`='7ce2eec1-3f43-4b4b-a383-09a50e710495', `REALM`=NULL WHERE `ID`='39797cde-92aa-4180-a9da-6ca138166ad2' AND `CLIENT_REALM_CONSTRAINT`='7ce2eec1-3f43-4b4b-a383-09a50e710495' AND `CLIENT_ROLE`='1' AND `DESCRIPTION` IS NULL AND `NAME`='view-identity-providers' AND `REALM_ID`='master' AND `CLIENT`='7ce2eec1-3f43-4b4b-a383-09a50e710495' AND `REALM` IS NULL LIMIT 1; #start 8988345 end 8999053 time 2021-08-05 10:37:54
INSERT INTO `keycloak`.`COMPOSITE_ROLE`(`COMPOSITE`, `CHILD_ROLE`) VALUES ('6a68b74f-4a91-4dbf-8dd2-fc2012208e4b', '39797cde-92aa-4180-a9da-6ca138166ad2'); #start 8988345 end 8999221 time 2021-08-05 10:37:54
INSERT INTO `keycloak`.`KEYCLOAK_ROLE`(`ID`, `CLIENT_REALM_CONSTRAINT`, `CLIENT_ROLE`, `DESCRIPTION`, `NAME`, `REALM_ID`, `CLIENT`, `REALM`) VALUES ('61e089ae-deff-461e-9c8c-dcb6cc636650', '7ce2eec1-3f43-4b4b-a383-09a50e710495', '1', NULL, 'view-authorization', 'master', '7ce2eec1-3f43-4b4b-a383-09a50e710495', NULL); #start 8988345 end 8999472 time 2021-08-05 10:37:54
UPDATE `keycloak`.`KEYCLOAK_ROLE` SET `ID`='61e089ae-deff-461e-9c8c-dcb6cc636650', `CLIENT_REALM_CONSTRAINT`='7ce2eec1-3f43-4b4b-a383-09a50e710495', `CLIENT_ROLE`='1', `DESCRIPTION`='${role_view-authorization}', `NAME`='view-authorization', `REALM_ID`='master', `CLIENT`='7ce2eec1-3f43-4b4b-a383-09a50e710495', `REALM`=NULL WHERE `ID`='61e089ae-deff-461e-9c8c-dcb6cc636650' AND `CLIENT_REALM_CONSTRAINT`='7ce2eec1-3f43-4b4b-a383-09a50e710495' AND `CLIENT_ROLE`='1' AND `DESCRIPTION` IS NULL AND `NAME`='view-authorization' AND `REALM_ID`='master' AND `CLIENT`='7ce2eec1-3f43-4b4b-a383-09a50e710495' AND `REALM` IS NULL LIMIT 1; #start 8988345 end 8999893 time 2021-08-05 10:37:54
INSERT INTO `keycloak`.`COMPOSITE_ROLE`(`COMPOSITE`, `CHILD_ROLE`) VALUES ('6a68b74f-4a91-4dbf-8dd2-fc2012208e4b', '61e089ae-deff-461e-9c8c-dcb6cc636650'); #start 8988345 end 9000061 time 2021-08-05 10:37:54
INSERT INTO `keycloak`.`KEYCLOAK_ROLE`(`ID`, `CLIENT_REALM_CONSTRAINT`, `CLIENT_ROLE`, `DESCRIPTION`, `NAME`, `REALM_ID`, `CLIENT`, `REALM`) VALUES ('ce2045c7-353b-4111-85b0-8e6f7fb3b57a', '7ce2eec1-3f43-4b4b-a383-09a50e710495', '1', NULL, 'manage-realm', 'master', '7ce2eec1-3f43-4b4b-a383-09a50e710495', NULL); #start 8988345 end 9000306 time 2021-08-05 10:37:54
UPDATE `keycloak`.`KEYCLOAK_ROLE` SET `ID`='ce2045c7-353b-4111-85b0-8e6f7fb3b57a', `CLIENT_REALM_CONSTRAINT`='7ce2eec1-3f43-4b4b-a383-09a50e710495', `CLIENT_ROLE`='1', `DESCRIPTION`='${role_manage-realm}', `NAME`='manage-realm', `REALM_ID`='master', `CLIENT`='7ce2eec1-3f43-4b4b-a383-09a50e710495', `REALM`=NULL WHERE `ID`='ce2045c7-353b-4111-85b0-8e6f7fb3b57a' AND `CLIENT_REALM_CONSTRAINT`='7ce2eec1-3f43-4b4b-a383-09a50e710495' AND `CLIENT_ROLE`='1' AND `DESCRIPTION` IS NULL AND `NAME`='manage-realm' AND `REALM_ID`='master' AND `CLIENT`='7ce2eec1-3f43-4b4b-a383-09a50e710495' AND `REALM` IS NULL LIMIT 1; #start 8988345 end 9000709 time 2021-08-05 10:37:54
INSERT INTO `keycloak`.`COMPOSITE_ROLE`(`COMPOSITE`, `CHILD_ROLE`) VALUES ('6a68b74f-4a91-4dbf-8dd2-fc2012208e4b', 'ce2045c7-353b-4111-85b0-8e6f7fb3b57a'); #start 8988345 end 9000877 time 2021-08-05 10:37:54
INSERT INTO `keycloak`.`KEYCLOAK_ROLE`(`ID`, `CLIENT_REALM_CONSTRAINT`, `CLIENT_ROLE`, `DESCRIPTION`, `NAME`, `REALM_ID`, `CLIENT`, `REALM`) VALUES ('eae8f9a1-5a2d-44b7-ba4e-17d7f7521fcc', '7ce2eec1-3f43-4b4b-a383-09a50e710495', '1', NULL, 'manage-users', 'master', '7ce2eec1-3f43-4b4b-a383-09a50e710495', NULL); #start 8988345 end 9001122 time 2021-08-05 10:37:54
UPDATE `keycloak`.`KEYCLOAK_ROLE` SET `ID`='eae8f9a1-5a2d-44b7-ba4e-17d7f7521fcc', `CLIENT_REALM_CONSTRAINT`='7ce2eec1-3f43-4b4b-a383-09a50e710495', `CLIENT_ROLE`='1', `DESCRIPTION`='${role_manage-users}', `NAME`='manage-users', `REALM_ID`='master', `CLIENT`='7ce2eec1-3f43-4b4b-a383-09a50e710495', `REALM`=NULL WHERE `ID`='eae8f9a1-5a2d-44b7-ba4e-17d7f7521fcc' AND `CLIENT_REALM_CONSTRAINT`='7ce2eec1-3f43-4b4b-a383-09a50e710495' AND `CLIENT_ROLE`='1' AND `DESCRIPTION` IS NULL AND `NAME`='manage-users' AND `REALM_ID`='master' AND `CLIENT`='7ce2eec1-3f43-4b4b-a383-09a50e710495' AND `REALM` IS NULL LIMIT 1; #start 8988345 end 9001525 time 2021-08-05 10:37:54
INSERT INTO `keycloak`.`COMPOSITE_ROLE`(`COMPOSITE`, `CHILD_ROLE`) VALUES ('6a68b74f-4a91-4dbf-8dd2-fc2012208e4b', 'eae8f9a1-5a2d-44b7-ba4e-17d7f7521fcc'); #start 8988345 end 9001693 time 2021-08-05 10:37:54
INSERT INTO `keycloak`.`KEYCLOAK_ROLE`(`ID`, `CLIENT_REALM_CONSTRAINT`, `CLIENT_ROLE`, `DESCRIPTION`, `NAME`, `REALM_ID`, `CLIENT`, `REALM`) VALUES ('29700d36-656f-4ff2-acb9-564e7183978f', '7ce2eec1-3f43-4b4b-a383-09a50e710495', '1', NULL, 'manage-clients', 'master', '7ce2eec1-3f43-4b4b-a383-09a50e710495', NULL); #start 8988345 end 9001940 time 2021-08-05 10:37:54
UPDATE `keycloak`.`KEYCLOAK_ROLE` SET `ID`='29700d36-656f-4ff2-acb9-564e7183978f', `CLIENT_REALM_CONSTRAINT`='7ce2eec1-3f43-4b4b-a383-09a50e710495', `CLIENT_ROLE`='1', `DESCRIPTION`='${role_manage-clients}', `NAME`='manage-clients', `REALM_ID`='master', `CLIENT`='7ce2eec1-3f43-4b4b-a383-09a50e710495', `REALM`=NULL WHERE `ID`='29700d36-656f-4ff2-acb9-564e7183978f' AND `CLIENT_REALM_CONSTRAINT`='7ce2eec1-3f43-4b4b-a383-09a50e710495' AND `CLIENT_ROLE`='1' AND `DESCRIPTION` IS NULL AND `NAME`='manage-clients' AND `REALM_ID`='master' AND `CLIENT`='7ce2eec1-3f43-4b4b-a383-09a50e710495' AND `REALM` IS NULL LIMIT 1; #start 8988345 end 9002349 time 2021-08-05 10:37:54
INSERT INTO `keycloak`.`COMPOSITE_ROLE`(`COMPOSITE`, `CHILD_ROLE`) VALUES ('6a68b74f-4a91-4dbf-8dd2-fc2012208e4b', '29700d36-656f-4ff2-acb9-564e7183978f'); #start 8988345 end 9002517 time 2021-08-05 10:37:54
INSERT INTO `keycloak`.`KEYCLOAK_ROLE`(`ID`, `CLIENT_REALM_CONSTRAINT`, `CLIENT_ROLE`, `DESCRIPTION`, `NAME`, `REALM_ID`, `CLIENT`, `REALM`) VALUES ('fce3550d-1fcd-4c4b-983a-41f58ffb3116', '7ce2eec1-3f43-4b4b-a383-09a50e710495', '1', NULL, 'manage-events', 'master', '7ce2eec1-3f43-4b4b-a383-09a50e710495', NULL); #start 8988345 end 9002763 time 2021-08-05 10:37:54
UPDATE `keycloak`.`KEYCLOAK_ROLE` SET `ID`='fce3550d-1fcd-4c4b-983a-41f58ffb3116', `CLIENT_REALM_CONSTRAINT`='7ce2eec1-3f43-4b4b-a383-09a50e710495', `CLIENT_ROLE`='1', `DESCRIPTION`='${role_manage-events}', `NAME`='manage-events', `REALM_ID`='master', `CLIENT`='7ce2eec1-3f43-4b4b-a383-09a50e710495', `REALM`=NULL WHERE `ID`='fce3550d-1fcd-4c4b-983a-41f58ffb3116' AND `CLIENT_REALM_CONSTRAINT`='7ce2eec1-3f43-4b4b-a383-09a50e710495' AND `CLIENT_ROLE`='1' AND `DESCRIPTION` IS NULL AND `NAME`='manage-events' AND `REALM_ID`='master' AND `CLIENT`='7ce2eec1-3f43-4b4b-a383-09a50e710495' AND `REALM` IS NULL LIMIT 1; #start 8988345 end 9003169 time 2021-08-05 10:37:54
INSERT INTO `keycloak`.`COMPOSITE_ROLE`(`COMPOSITE`, `CHILD_ROLE`) VALUES ('6a68b74f-4a91-4dbf-8dd2-fc2012208e4b', 'fce3550d-1fcd-4c4b-983a-41f58ffb3116'); #start 8988345 end 9003337 time 2021-08-05 10:37:54
INSERT INTO `keycloak`.`KEYCLOAK_ROLE`(`ID`, `CLIENT_REALM_CONSTRAINT`, `CLIENT_ROLE`, `DESCRIPTION`, `NAME`, `REALM_ID`, `CLIENT`, `REALM`) VALUES ('6a6ba2bc-4161-473c-8e4f-aae28a092a71', '7ce2eec1-3f43-4b4b-a383-09a50e710495', '1', NULL, 'manage-identity-providers', 'master', '7ce2eec1-3f43-4b4b-a383-09a50e710495', NULL); #start 8988345 end 9003595 time 2021-08-05 10:37:54
UPDATE `keycloak`.`KEYCLOAK_ROLE` SET `ID`='6a6ba2bc-4161-473c-8e4f-aae28a092a71', `CLIENT_REALM_CONSTRAINT`='7ce2eec1-3f43-4b4b-a383-09a50e710495', `CLIENT_ROLE`='1', `DESCRIPTION`='${role_manage-identity-providers}', `NAME`='manage-identity-providers', `REALM_ID`='master', `CLIENT`='7ce2eec1-3f43-4b4b-a383-09a50e710495', `REALM`=NULL WHERE `ID`='6a6ba2bc-4161-473c-8e4f-aae28a092a71' AND `CLIENT_REALM_CONSTRAINT`='7ce2eec1-3f43-4b4b-a383-09a50e710495' AND `CLIENT_ROLE`='1' AND `DESCRIPTION` IS NULL AND `NAME`='manage-identity-providers' AND `REALM_ID`='master' AND `CLIENT`='7ce2eec1-3f43-4b4b-a383-09a50e710495' AND `REALM` IS NULL LIMIT 1; #start 8988345 end 9004037 time 2021-08-05 10:37:54
INSERT INTO `keycloak`.`COMPOSITE_ROLE`(`COMPOSITE`, `CHILD_ROLE`) VALUES ('6a68b74f-4a91-4dbf-8dd2-fc2012208e4b', '6a6ba2bc-4161-473c-8e4f-aae28a092a71'); #start 8988345 end 9004205 time 2021-08-05 10:37:54
INSERT INTO `keycloak`.`KEYCLOAK_ROLE`(`ID`, `CLIENT_REALM_CONSTRAINT`, `CLIENT_ROLE`, `DESCRIPTION`, `NAME`, `REALM_ID`, `CLIENT`, `REALM`) VALUES ('af7c420a-0ade-4d1b-b70d-2236c0101d63', '7ce2eec1-3f43-4b4b-a383-09a50e710495', '1', NULL, 'manage-authorization', 'master', '7ce2eec1-3f43-4b4b-a383-09a50e710495', NULL); #start 8988345 end 9004458 time 2021-08-05 10:37:54
UPDATE `keycloak`.`KEYCLOAK_ROLE` SET `ID`='af7c420a-0ade-4d1b-b70d-2236c0101d63', `CLIENT_REALM_CONSTRAINT`='7ce2eec1-3f43-4b4b-a383-09a50e710495', `CLIENT_ROLE`='1', `DESCRIPTION`='${role_manage-authorization}', `NAME`='manage-authorization', `REALM_ID`='master', `CLIENT`='7ce2eec1-3f43-4b4b-a383-09a50e710495', `REALM`=NULL WHERE `ID`='af7c420a-0ade-4d1b-b70d-2236c0101d63' AND `CLIENT_REALM_CONSTRAINT`='7ce2eec1-3f43-4b4b-a383-09a50e710495' AND `CLIENT_ROLE`='1' AND `DESCRIPTION` IS NULL AND `NAME`='manage-authorization' AND `REALM_ID`='master' AND `CLIENT`='7ce2eec1-3f43-4b4b-a383-09a50e710495' AND `REALM` IS NULL LIMIT 1; #start 8988345 end 9004885 time 2021-08-05 10:37:54
INSERT INTO `keycloak`.`COMPOSITE_ROLE`(`COMPOSITE`, `CHILD_ROLE`) VALUES ('6a68b74f-4a91-4dbf-8dd2-fc2012208e4b', 'af7c420a-0ade-4d1b-b70d-2236c0101d63'); #start 8988345 end 9005053 time 2021-08-05 10:37:54
INSERT INTO `keycloak`.`KEYCLOAK_ROLE`(`ID`, `CLIENT_REALM_CONSTRAINT`, `CLIENT_ROLE`, `DESCRIPTION`, `NAME`, `REALM_ID`, `CLIENT`, `REALM`) VALUES ('a5e8a0aa-72d4-4c38-8b8c-5762579d2860', '7ce2eec1-3f43-4b4b-a383-09a50e710495', '1', NULL, 'query-users', 'master', '7ce2eec1-3f43-4b4b-a383-09a50e710495', NULL); #start 8988345 end 9005297 time 2021-08-05 10:37:54
UPDATE `keycloak`.`KEYCLOAK_ROLE` SET `ID`='a5e8a0aa-72d4-4c38-8b8c-5762579d2860', `CLIENT_REALM_CONSTRAINT`='7ce2eec1-3f43-4b4b-a383-09a50e710495', `CLIENT_ROLE`='1', `DESCRIPTION`='${role_query-users}', `NAME`='query-users', `REALM_ID`='master', `CLIENT`='7ce2eec1-3f43-4b4b-a383-09a50e710495', `REALM`=NULL WHERE `ID`='a5e8a0aa-72d4-4c38-8b8c-5762579d2860' AND `CLIENT_REALM_CONSTRAINT`='7ce2eec1-3f43-4b4b-a383-09a50e710495' AND `CLIENT_ROLE`='1' AND `DESCRIPTION` IS NULL AND `NAME`='query-users' AND `REALM_ID`='master' AND `CLIENT`='7ce2eec1-3f43-4b4b-a383-09a50e710495' AND `REALM` IS NULL LIMIT 1; #start 8988345 end 9005697 time 2021-08-05 10:37:54
INSERT INTO `keycloak`.`COMPOSITE_ROLE`(`COMPOSITE`, `CHILD_ROLE`) VALUES ('6a68b74f-4a91-4dbf-8dd2-fc2012208e4b', 'a5e8a0aa-72d4-4c38-8b8c-5762579d2860'); #start 8988345 end 9005865 time 2021-08-05 10:37:54
INSERT INTO `keycloak`.`KEYCLOAK_ROLE`(`ID`, `CLIENT_REALM_CONSTRAINT`, `CLIENT_ROLE`, `DESCRIPTION`, `NAME`, `REALM_ID`, `CLIENT`, `REALM`) VALUES ('454af5f2-a13f-4e62-9ff0-78ada32458a7', '7ce2eec1-3f43-4b4b-a383-09a50e710495', '1', NULL, 'query-clients', 'master', '7ce2eec1-3f43-4b4b-a383-09a50e710495', NULL); #start 8988345 end 9006111 time 2021-08-05 10:37:54
UPDATE `keycloak`.`KEYCLOAK_ROLE` SET `ID`='454af5f2-a13f-4e62-9ff0-78ada32458a7', `CLIENT_REALM_CONSTRAINT`='7ce2eec1-3f43-4b4b-a383-09a50e710495', `CLIENT_ROLE`='1', `DESCRIPTION`='${role_query-clients}', `NAME`='query-clients', `REALM_ID`='master', `CLIENT`='7ce2eec1-3f43-4b4b-a383-09a50e710495', `REALM`=NULL WHERE `ID`='454af5f2-a13f-4e62-9ff0-78ada32458a7' AND `CLIENT_REALM_CONSTRAINT`='7ce2eec1-3f43-4b4b-a383-09a50e710495' AND `CLIENT_ROLE`='1' AND `DESCRIPTION` IS NULL AND `NAME`='query-clients' AND `REALM_ID`='master' AND `CLIENT`='7ce2eec1-3f43-4b4b-a383-09a50e710495' AND `REALM` IS NULL LIMIT 1; #start 8988345 end 9006517 time 2021-08-05 10:37:54
INSERT INTO `keycloak`.`COMPOSITE_ROLE`(`COMPOSITE`, `CHILD_ROLE`) VALUES ('6a68b74f-4a91-4dbf-8dd2-fc2012208e4b', '454af5f2-a13f-4e62-9ff0-78ada32458a7'); #start 8988345 end 9006685 time 2021-08-05 10:37:54
INSERT INTO `keycloak`.`KEYCLOAK_ROLE`(`ID`, `CLIENT_REALM_CONSTRAINT`, `CLIENT_ROLE`, `DESCRIPTION`, `NAME`, `REALM_ID`, `CLIENT`, `REALM`) VALUES ('b3949195-997b-4915-8b2a-101ed23c6048', '7ce2eec1-3f43-4b4b-a383-09a50e710495', '1', NULL, 'query-realms', 'master', '7ce2eec1-3f43-4b4b-a383-09a50e710495', NULL); #start 8988345 end 9006930 time 2021-08-05 10:37:54
UPDATE `keycloak`.`KEYCLOAK_ROLE` SET `ID`='b3949195-997b-4915-8b2a-101ed23c6048', `CLIENT_REALM_CONSTRAINT`='7ce2eec1-3f43-4b4b-a383-09a50e710495', `CLIENT_ROLE`='1', `DESCRIPTION`='${role_query-realms}', `NAME`='query-realms', `REALM_ID`='master', `CLIENT`='7ce2eec1-3f43-4b4b-a383-09a50e710495', `REALM`=NULL WHERE `ID`='b3949195-997b-4915-8b2a-101ed23c6048' AND `CLIENT_REALM_CONSTRAINT`='7ce2eec1-3f43-4b4b-a383-09a50e710495' AND `CLIENT_ROLE`='1' AND `DESCRIPTION` IS NULL AND `NAME`='query-realms' AND `REALM_ID`='master' AND `CLIENT`='7ce2eec1-3f43-4b4b-a383-09a50e710495' AND `REALM` IS NULL LIMIT 1; #start 8988345 end 9007333 time 2021-08-05 10:37:54
INSERT INTO `keycloak`.`COMPOSITE_ROLE`(`COMPOSITE`, `CHILD_ROLE`) VALUES ('6a68b74f-4a91-4dbf-8dd2-fc2012208e4b', 'b3949195-997b-4915-8b2a-101ed23c6048'); #start 8988345 end 9007501 time 2021-08-05 10:37:54
INSERT INTO `keycloak`.`KEYCLOAK_ROLE`(`ID`, `CLIENT_REALM_CONSTRAINT`, `CLIENT_ROLE`, `DESCRIPTION`, `NAME`, `REALM_ID`, `CLIENT`, `REALM`) VALUES ('ac85f495-87cb-43f7-a70e-2875f86d10be', '7ce2eec1-3f43-4b4b-a383-09a50e710495', '1', NULL, 'query-groups', 'master', '7ce2eec1-3f43-4b4b-a383-09a50e710495', NULL); #start 8988345 end 9007746 time 2021-08-05 10:37:54
UPDATE `keycloak`.`KEYCLOAK_ROLE` SET `ID`='ac85f495-87cb-43f7-a70e-2875f86d10be', `CLIENT_REALM_CONSTRAINT`='7ce2eec1-3f43-4b4b-a383-09a50e710495', `CLIENT_ROLE`='1', `DESCRIPTION`='${role_query-groups}', `NAME`='query-groups', `REALM_ID`='master', `CLIENT`='7ce2eec1-3f43-4b4b-a383-09a50e710495', `REALM`=NULL WHERE `ID`='ac85f495-87cb-43f7-a70e-2875f86d10be' AND `CLIENT_REALM_CONSTRAINT`='7ce2eec1-3f43-4b4b-a383-09a50e710495' AND `CLIENT_ROLE`='1' AND `DESCRIPTION` IS NULL AND `NAME`='query-groups' AND `REALM_ID`='master' AND `CLIENT`='7ce2eec1-3f43-4b4b-a383-09a50e710495' AND `REALM` IS NULL LIMIT 1; #start 8988345 end 9008149 time 2021-08-05 10:37:54
INSERT INTO `keycloak`.`COMPOSITE_ROLE`(`COMPOSITE`, `CHILD_ROLE`) VALUES ('6a68b74f-4a91-4dbf-8dd2-fc2012208e4b', 'ac85f495-87cb-43f7-a70e-2875f86d10be'); #start 8988345 end 9008317 time 2021-08-05 10:37:54
INSERT INTO `keycloak`.`CLIENT`(`ID`, `ENABLED`, `FULL_SCOPE_ALLOWED`, `CLIENT_ID`, `NOT_BEFORE`, `PUBLIC_CLIENT`, `SECRET`, `BASE_URL`, `BEARER_ONLY`, `MANAGEMENT_URL`, `SURROGATE_AUTH_REQUIRED`, `REALM_ID`, `PROTOCOL`, `NODE_REREG_TIMEOUT`, `FRONTCHANNEL_LOGOUT`, `CONSENT_REQUIRED`, `NAME`, `SERVICE_ACCOUNTS_ENABLED`, `CLIENT_AUTHENTICATOR_TYPE`, `ROOT_URL`, `DESCRIPTION`, `REGISTRATION_TOKEN`, `STANDARD_FLOW_ENABLED`, `IMPLICIT_FLOW_ENABLED`, `DIRECT_ACCESS_GRANTS_ENABLED`) VALUES ('e7a1a32b-2601-4013-bf6d-8d7f591d3614', '1', '0', 'realm-management', 0, '0', NULL, NULL, '0', NULL, '0', 'QA', NULL, 0, '0', '0', NULL, '0', NULL, NULL, NULL, NULL, '1', '0', '0'); #start 8988345 end 9008554 time 2021-08-05 10:37:54
INSERT INTO `keycloak`.`COMPOSITE_ROLE`(`COMPOSITE`, `CHILD_ROLE`) VALUES ('e7ef08da-9b42-49ed-9bfe-5ee5b4dd2c74', 'a5e8a0aa-72d4-4c38-8b8c-5762579d2860'); #start 8988345 end 9008722 time 2021-08-05 10:37:54
INSERT INTO `keycloak`.`COMPOSITE_ROLE`(`COMPOSITE`, `CHILD_ROLE`) VALUES ('e7ef08da-9b42-49ed-9bfe-5ee5b4dd2c74', 'ac85f495-87cb-43f7-a70e-2875f86d10be'); #start 8988345 end 9008890 time 2021-08-05 10:37:54
INSERT INTO `keycloak`.`COMPOSITE_ROLE`(`COMPOSITE`, `CHILD_ROLE`) VALUES ('ebcd0cbb-6547-4ab8-a1c9-e22900d8e64d', '454af5f2-a13f-4e62-9ff0-78ada32458a7'); #start 8988345 end 9009058 time 2021-08-05 10:37:54
INSERT INTO `keycloak`.`KEYCLOAK_ROLE`(`ID`, `CLIENT_REALM_CONSTRAINT`, `CLIENT_ROLE`, `DESCRIPTION`, `NAME`, `REALM_ID`, `CLIENT`, `REALM`) VALUES ('30721086-4a70-4c53-8f93-cf1e6dafdbbe', 'e7a1a32b-2601-4013-bf6d-8d7f591d3614', '1', NULL, 'realm-admin', 'QA', 'e7a1a32b-2601-4013-bf6d-8d7f591d3614', NULL); #start 8988345 end 9009298 time 2021-08-05 10:37:54
UPDATE `keycloak`.`CLIENT` SET `ID`='e7a1a32b-2601-4013-bf6d-8d7f591d3614', `ENABLED`='1', `FULL_SCOPE_ALLOWED`='0', `CLIENT_ID`='realm-management', `NOT_BEFORE`=0, `PUBLIC_CLIENT`='0', `SECRET`='1d233eef-c08e-45d6-8820-6761373af9b8', `BASE_URL`=NULL, `BEARER_ONLY`='1', `MANAGEMENT_URL`=NULL, `SURROGATE_AUTH_REQUIRED`='0', `REALM_ID`='QA', `PROTOCOL`='openid-connect', `NODE_REREG_TIMEOUT`=0, `FRONTCHANNEL_LOGOUT`='0', `CONSENT_REQUIRED`='0', `NAME`='${client_realm-management}', `SERVICE_ACCOUNTS_ENABLED`='0', `CLIENT_AUTHENTICATOR_TYPE`='client-secret', `ROOT_URL`=NULL, `DESCRIPTION`=NULL, `REGISTRATION_TOKEN`=NULL, `STANDARD_FLOW_ENABLED`='1', `IMPLICIT_FLOW_ENABLED`='0', `DIRECT_ACCESS_GRANTS_ENABLED`='0' WHERE `ID`='e7a1a32b-2601-4013-bf6d-8d7f591d3614' AND `ENABLED`='1' AND `FULL_SCOPE_ALLOWED`='0' AND `CLIENT_ID`='realm-management' AND `NOT_BEFORE`=0 AND `PUBLIC_CLIENT`='0' AND `SECRET` IS NULL AND `BASE_URL` IS NULL AND `BEARER_ONLY`='0' AND `MANAGEMENT_URL` IS NULL AND `SURROGATE_AUTH_REQUIRED`='0' AND `REALM_ID`='QA' AND `PROTOCOL` IS NULL AND `NODE_REREG_TIMEOUT`=0 AND `FRONTCHANNEL_LOGOUT`='0' AND `CONSENT_REQUIRED`='0' AND `NAME` IS NULL AND `SERVICE_ACCOUNTS_ENABLED`='0' AND `CLIENT_AUTHENTICATOR_TYPE` IS NULL AND `ROOT_URL` IS NULL AND `DESCRIPTION` IS NULL AND `REGISTRATION_TOKEN` IS NULL AND `STANDARD_FLOW_ENABLED`='1' AND `IMPLICIT_FLOW_ENABLED`='0' AND `DIRECT_ACCESS_GRANTS_ENABLED`='0' LIMIT 1; #start 8988345 end 9009717 time 2021-08-05 10:37:54
UPDATE `keycloak`.`KEYCLOAK_ROLE` SET `ID`='30721086-4a70-4c53-8f93-cf1e6dafdbbe', `CLIENT_REALM_CONSTRAINT`='e7a1a32b-2601-4013-bf6d-8d7f591d3614', `CLIENT_ROLE`='1', `DESCRIPTION`='${role_realm-admin}', `NAME`='realm-admin', `REALM_ID`='QA', `CLIENT`='e7a1a32b-2601-4013-bf6d-8d7f591d3614', `REALM`=NULL WHERE `ID`='30721086-4a70-4c53-8f93-cf1e6dafdbbe' AND `CLIENT_REALM_CONSTRAINT`='e7a1a32b-2601-4013-bf6d-8d7f591d3614' AND `CLIENT_ROLE`='1' AND `DESCRIPTION` IS NULL AND `NAME`='realm-admin' AND `REALM_ID`='QA' AND `CLIENT`='e7a1a32b-2601-4013-bf6d-8d7f591d3614' AND `REALM` IS NULL LIMIT 1; #start 8988345 end 9010109 time 2021-08-05 10:37:54
INSERT INTO `keycloak`.`KEYCLOAK_ROLE`(`ID`, `CLIENT_REALM_CONSTRAINT`, `CLIENT_ROLE`, `DESCRIPTION`, `NAME`, `REALM_ID`, `CLIENT`, `REALM`) VALUES ('18248757-ad8b-4e54-9a4a-05b201b96230', 'e7a1a32b-2601-4013-bf6d-8d7f591d3614', '1', NULL, 'create-client', 'QA', 'e7a1a32b-2601-4013-bf6d-8d7f591d3614', NULL); #start 8988345 end 9010351 time 2021-08-05 10:37:54
UPDATE `keycloak`.`KEYCLOAK_ROLE` SET `ID`='18248757-ad8b-4e54-9a4a-05b201b96230', `CLIENT_REALM_CONSTRAINT`='e7a1a32b-2601-4013-bf6d-8d7f591d3614', `CLIENT_ROLE`='1', `DESCRIPTION`='${role_create-client}', `NAME`='create-client', `REALM_ID`='QA', `CLIENT`='e7a1a32b-2601-4013-bf6d-8d7f591d3614', `REALM`=NULL WHERE `ID`='18248757-ad8b-4e54-9a4a-05b201b96230' AND `CLIENT_REALM_CONSTRAINT`='e7a1a32b-2601-4013-bf6d-8d7f591d3614' AND `CLIENT_ROLE`='1' AND `DESCRIPTION` IS NULL AND `NAME`='create-client' AND `REALM_ID`='QA' AND `CLIENT`='e7a1a32b-2601-4013-bf6d-8d7f591d3614' AND `REALM` IS NULL LIMIT 1; #start 8988345 end 9010749 time 2021-08-05 10:37:54
INSERT INTO `keycloak`.`COMPOSITE_ROLE`(`COMPOSITE`, `CHILD_ROLE`) VALUES ('30721086-4a70-4c53-8f93-cf1e6dafdbbe', '18248757-ad8b-4e54-9a4a-05b201b96230'); #start 8988345 end 9010917 time 2021-08-05 10:37:54
INSERT INTO `keycloak`.`KEYCLOAK_ROLE`(`ID`, `CLIENT_REALM_CONSTRAINT`, `CLIENT_ROLE`, `DESCRIPTION`, `NAME`, `REALM_ID`, `CLIENT`, `REALM`) VALUES ('0dc48001-1e00-48cc-9741-16f6238ab863', 'e7a1a32b-2601-4013-bf6d-8d7f591d3614', '1', NULL, 'view-realm', 'QA', 'e7a1a32b-2601-4013-bf6d-8d7f591d3614', NULL); #start 8988345 end 9011156 time 2021-08-05 10:37:54
UPDATE `keycloak`.`KEYCLOAK_ROLE` SET `ID`='0dc48001-1e00-48cc-9741-16f6238ab863', `CLIENT_REALM_CONSTRAINT`='e7a1a32b-2601-4013-bf6d-8d7f591d3614', `CLIENT_ROLE`='1', `DESCRIPTION`='${role_view-realm}', `NAME`='view-realm', `REALM_ID`='QA', `CLIENT`='e7a1a32b-2601-4013-bf6d-8d7f591d3614', `REALM`=NULL WHERE `ID`='0dc48001-1e00-48cc-9741-16f6238ab863' AND `CLIENT_REALM_CONSTRAINT`='e7a1a32b-2601-4013-bf6d-8d7f591d3614' AND `CLIENT_ROLE`='1' AND `DESCRIPTION` IS NULL AND `NAME`='view-realm' AND `REALM_ID`='QA' AND `CLIENT`='e7a1a32b-2601-4013-bf6d-8d7f591d3614' AND `REALM` IS NULL LIMIT 1; #start 8988345 end 9011545 time 2021-08-05 10:37:54
INSERT INTO `keycloak`.`COMPOSITE_ROLE`(`COMPOSITE`, `CHILD_ROLE`) VALUES ('30721086-4a70-4c53-8f93-cf1e6dafdbbe', '0dc48001-1e00-48cc-9741-16f6238ab863'); #start 8988345 end 9011713 time 2021-08-05 10:37:54
INSERT INTO `keycloak`.`KEYCLOAK_ROLE`(`ID`, `CLIENT_REALM_CONSTRAINT`, `CLIENT_ROLE`, `DESCRIPTION`, `NAME`, `REALM_ID`, `CLIENT`, `REALM`) VALUES ('849f25bd-1225-4289-b973-9feabccdeec2', 'e7a1a32b-2601-4013-bf6d-8d7f591d3614', '1', NULL, 'view-users', 'QA', 'e7a1a32b-2601-4013-bf6d-8d7f591d3614', NULL); #start 8988345 end 9011952 time 2021-08-05 10:37:54
UPDATE `keycloak`.`KEYCLOAK_ROLE` SET `ID`='849f25bd-1225-4289-b973-9feabccdeec2', `CLIENT_REALM_CONSTRAINT`='e7a1a32b-2601-4013-bf6d-8d7f591d3614', `CLIENT_ROLE`='1', `DESCRIPTION`='${role_view-users}', `NAME`='view-users', `REALM_ID`='QA', `CLIENT`='e7a1a32b-2601-4013-bf6d-8d7f591d3614', `REALM`=NULL WHERE `ID`='849f25bd-1225-4289-b973-9feabccdeec2' AND `CLIENT_REALM_CONSTRAINT`='e7a1a32b-2601-4013-bf6d-8d7f591d3614' AND `CLIENT_ROLE`='1' AND `DESCRIPTION` IS NULL AND `NAME`='view-users' AND `REALM_ID`='QA' AND `CLIENT`='e7a1a32b-2601-4013-bf6d-8d7f591d3614' AND `REALM` IS NULL LIMIT 1; #start 8988345 end 9012341 time 2021-08-05 10:37:54
INSERT INTO `keycloak`.`COMPOSITE_ROLE`(`COMPOSITE`, `CHILD_ROLE`) VALUES ('30721086-4a70-4c53-8f93-cf1e6dafdbbe', '849f25bd-1225-4289-b973-9feabccdeec2'); #start 8988345 end 9012509 time 2021-08-05 10:37:54
INSERT INTO `keycloak`.`KEYCLOAK_ROLE`(`ID`, `CLIENT_REALM_CONSTRAINT`, `CLIENT_ROLE`, `DESCRIPTION`, `NAME`, `REALM_ID`, `CLIENT`, `REALM`) VALUES ('e4fad7d9-c6c6-4f07-b7e3-b9e600d29bcf', 'e7a1a32b-2601-4013-bf6d-8d7f591d3614', '1', NULL, 'view-clients', 'QA', 'e7a1a32b-2601-4013-bf6d-8d7f591d3614', NULL); #start 8988345 end 9012750 time 2021-08-05 10:37:54
UPDATE `keycloak`.`KEYCLOAK_ROLE` SET `ID`='e4fad7d9-c6c6-4f07-b7e3-b9e600d29bcf', `CLIENT_REALM_CONSTRAINT`='e7a1a32b-2601-4013-bf6d-8d7f591d3614', `CLIENT_ROLE`='1', `DESCRIPTION`='${role_view-clients}', `NAME`='view-clients', `REALM_ID`='QA', `CLIENT`='e7a1a32b-2601-4013-bf6d-8d7f591d3614', `REALM`=NULL WHERE `ID`='e4fad7d9-c6c6-4f07-b7e3-b9e600d29bcf' AND `CLIENT_REALM_CONSTRAINT`='e7a1a32b-2601-4013-bf6d-8d7f591d3614' AND `CLIENT_ROLE`='1' AND `DESCRIPTION` IS NULL AND `NAME`='view-clients' AND `REALM_ID`='QA' AND `CLIENT`='e7a1a32b-2601-4013-bf6d-8d7f591d3614' AND `REALM` IS NULL LIMIT 1; #start 8988345 end 9013145 time 2021-08-05 10:37:54
INSERT INTO `keycloak`.`COMPOSITE_ROLE`(`COMPOSITE`, `CHILD_ROLE`) VALUES ('30721086-4a70-4c53-8f93-cf1e6dafdbbe', 'e4fad7d9-c6c6-4f07-b7e3-b9e600d29bcf'); #start 8988345 end 9013313 time 2021-08-05 10:37:54
INSERT INTO `keycloak`.`KEYCLOAK_ROLE`(`ID`, `CLIENT_REALM_CONSTRAINT`, `CLIENT_ROLE`, `DESCRIPTION`, `NAME`, `REALM_ID`, `CLIENT`, `REALM`) VALUES ('7a3623e0-c25b-4235-a15c-e15fbc23d7bc', 'e7a1a32b-2601-4013-bf6d-8d7f591d3614', '1', NULL, 'view-events', 'QA', 'e7a1a32b-2601-4013-bf6d-8d7f591d3614', NULL); #start 8988345 end 9013553 time 2021-08-05 10:37:54
UPDATE `keycloak`.`KEYCLOAK_ROLE` SET `ID`='7a3623e0-c25b-4235-a15c-e15fbc23d7bc', `CLIENT_REALM_CONSTRAINT`='e7a1a32b-2601-4013-bf6d-8d7f591d3614', `CLIENT_ROLE`='1', `DESCRIPTION`='${role_view-events}', `NAME`='view-events', `REALM_ID`='QA', `CLIENT`='e7a1a32b-2601-4013-bf6d-8d7f591d3614', `REALM`=NULL WHERE `ID`='7a3623e0-c25b-4235-a15c-e15fbc23d7bc' AND `CLIENT_REALM_CONSTRAINT`='e7a1a32b-2601-4013-bf6d-8d7f591d3614' AND `CLIENT_ROLE`='1' AND `DESCRIPTION` IS NULL AND `NAME`='view-events' AND `REALM_ID`='QA' AND `CLIENT`='e7a1a32b-2601-4013-bf6d-8d7f591d3614' AND `REALM` IS NULL LIMIT 1; #start 8988345 end 9013945 time 2021-08-05 10:37:54
INSERT INTO `keycloak`.`COMPOSITE_ROLE`(`COMPOSITE`, `CHILD_ROLE`) VALUES ('30721086-4a70-4c53-8f93-cf1e6dafdbbe', '7a3623e0-c25b-4235-a15c-e15fbc23d7bc'); #start 8988345 end 9014113 time 2021-08-05 10:37:54
INSERT INTO `keycloak`.`KEYCLOAK_ROLE`(`ID`, `CLIENT_REALM_CONSTRAINT`, `CLIENT_ROLE`, `DESCRIPTION`, `NAME`, `REALM_ID`, `CLIENT`, `REALM`) VALUES ('05d0f0bc-fc1e-4839-b869-cb9fc3bb6e64', 'e7a1a32b-2601-4013-bf6d-8d7f591d3614', '1', NULL, 'view-identity-providers', 'QA', 'e7a1a32b-2601-4013-bf6d-8d7f591d3614', NULL); #start 8988345 end 9014365 time 2021-08-05 10:37:54
UPDATE `keycloak`.`KEYCLOAK_ROLE` SET `ID`='05d0f0bc-fc1e-4839-b869-cb9fc3bb6e64', `CLIENT_REALM_CONSTRAINT`='e7a1a32b-2601-4013-bf6d-8d7f591d3614', `CLIENT_ROLE`='1', `DESCRIPTION`='${role_view-identity-providers}', `NAME`='view-identity-providers', `REALM_ID`='QA', `CLIENT`='e7a1a32b-2601-4013-bf6d-8d7f591d3614', `REALM`=NULL WHERE `ID`='05d0f0bc-fc1e-4839-b869-cb9fc3bb6e64' AND `CLIENT_REALM_CONSTRAINT`='e7a1a32b-2601-4013-bf6d-8d7f591d3614' AND `CLIENT_ROLE`='1' AND `DESCRIPTION` IS NULL AND `NAME`='view-identity-providers' AND `REALM_ID`='QA' AND `CLIENT`='e7a1a32b-2601-4013-bf6d-8d7f591d3614' AND `REALM` IS NULL LIMIT 1; #start 8988345 end 9014793 time 2021-08-05 10:37:54
INSERT INTO `keycloak`.`COMPOSITE_ROLE`(`COMPOSITE`, `CHILD_ROLE`) VALUES ('30721086-4a70-4c53-8f93-cf1e6dafdbbe', '05d0f0bc-fc1e-4839-b869-cb9fc3bb6e64'); #start 8988345 end 9014961 time 2021-08-05 10:37:54
INSERT INTO `keycloak`.`KEYCLOAK_ROLE`(`ID`, `CLIENT_REALM_CONSTRAINT`, `CLIENT_ROLE`, `DESCRIPTION`, `NAME`, `REALM_ID`, `CLIENT`, `REALM`) VALUES ('0806e327-a3c6-4d70-b4a3-46c7a750b949', 'e7a1a32b-2601-4013-bf6d-8d7f591d3614', '1', NULL, 'view-authorization', 'QA', 'e7a1a32b-2601-4013-bf6d-8d7f591d3614', NULL); #start 8988345 end 9015208 time 2021-08-05 10:37:54
UPDATE `keycloak`.`KEYCLOAK_ROLE` SET `ID`='0806e327-a3c6-4d70-b4a3-46c7a750b949', `CLIENT_REALM_CONSTRAINT`='e7a1a32b-2601-4013-bf6d-8d7f591d3614', `CLIENT_ROLE`='1', `DESCRIPTION`='${role_view-authorization}', `NAME`='view-authorization', `REALM_ID`='QA', `CLIENT`='e7a1a32b-2601-4013-bf6d-8d7f591d3614', `REALM`=NULL WHERE `ID`='0806e327-a3c6-4d70-b4a3-46c7a750b949' AND `CLIENT_REALM_CONSTRAINT`='e7a1a32b-2601-4013-bf6d-8d7f591d3614' AND `CLIENT_ROLE`='1' AND `DESCRIPTION` IS NULL AND `NAME`='view-authorization' AND `REALM_ID`='QA' AND `CLIENT`='e7a1a32b-2601-4013-bf6d-8d7f591d3614' AND `REALM` IS NULL LIMIT 1; #start 8988345 end 9015621 time 2021-08-05 10:37:54
INSERT INTO `keycloak`.`COMPOSITE_ROLE`(`COMPOSITE`, `CHILD_ROLE`) VALUES ('30721086-4a70-4c53-8f93-cf1e6dafdbbe', '0806e327-a3c6-4d70-b4a3-46c7a750b949'); #start 8988345 end 9015789 time 2021-08-05 10:37:54
INSERT INTO `keycloak`.`KEYCLOAK_ROLE`(`ID`, `CLIENT_REALM_CONSTRAINT`, `CLIENT_ROLE`, `DESCRIPTION`, `NAME`, `REALM_ID`, `CLIENT`, `REALM`) VALUES ('3c4da484-0ea5-43bd-9353-c4ad74215fbe', 'e7a1a32b-2601-4013-bf6d-8d7f591d3614', '1', NULL, 'manage-realm', 'QA', 'e7a1a32b-2601-4013-bf6d-8d7f591d3614', NULL); #start 8988345 end 9016030 time 2021-08-05 10:37:54
UPDATE `keycloak`.`KEYCLOAK_ROLE` SET `ID`='3c4da484-0ea5-43bd-9353-c4ad74215fbe', `CLIENT_REALM_CONSTRAINT`='e7a1a32b-2601-4013-bf6d-8d7f591d3614', `CLIENT_ROLE`='1', `DESCRIPTION`='${role_manage-realm}', `NAME`='manage-realm', `REALM_ID`='QA', `CLIENT`='e7a1a32b-2601-4013-bf6d-8d7f591d3614', `REALM`=NULL WHERE `ID`='3c4da484-0ea5-43bd-9353-c4ad74215fbe' AND `CLIENT_REALM_CONSTRAINT`='e7a1a32b-2601-4013-bf6d-8d7f591d3614' AND `CLIENT_ROLE`='1' AND `DESCRIPTION` IS NULL AND `NAME`='manage-realm' AND `REALM_ID`='QA' AND `CLIENT`='e7a1a32b-2601-4013-bf6d-8d7f591d3614' AND `REALM` IS NULL LIMIT 1; #start 8988345 end 9016425 time 2021-08-05 10:37:54
INSERT INTO `keycloak`.`COMPOSITE_ROLE`(`COMPOSITE`, `CHILD_ROLE`) VALUES ('30721086-4a70-4c53-8f93-cf1e6dafdbbe', '3c4da484-0ea5-43bd-9353-c4ad74215fbe'); #start 8988345 end 9016593 time 2021-08-05 10:37:54
INSERT INTO `keycloak`.`KEYCLOAK_ROLE`(`ID`, `CLIENT_REALM_CONSTRAINT`, `CLIENT_ROLE`, `DESCRIPTION`, `NAME`, `REALM_ID`, `CLIENT`, `REALM`) VALUES ('01ba4bf4-6ea8-4f54-a5fd-2654fb50bcaa', 'e7a1a32b-2601-4013-bf6d-8d7f591d3614', '1', NULL, 'manage-users', 'QA', 'e7a1a32b-2601-4013-bf6d-8d7f591d3614', NULL); #start 8988345 end 9016834 time 2021-08-05 10:37:54
UPDATE `keycloak`.`KEYCLOAK_ROLE` SET `ID`='01ba4bf4-6ea8-4f54-a5fd-2654fb50bcaa', `CLIENT_REALM_CONSTRAINT`='e7a1a32b-2601-4013-bf6d-8d7f591d3614', `CLIENT_ROLE`='1', `DESCRIPTION`='${role_manage-users}', `NAME`='manage-users', `REALM_ID`='QA', `CLIENT`='e7a1a32b-2601-4013-bf6d-8d7f591d3614', `REALM`=NULL WHERE `ID`='01ba4bf4-6ea8-4f54-a5fd-2654fb50bcaa' AND `CLIENT_REALM_CONSTRAINT`='e7a1a32b-2601-4013-bf6d-8d7f591d3614' AND `CLIENT_ROLE`='1' AND `DESCRIPTION` IS NULL AND `NAME`='manage-users' AND `REALM_ID`='QA' AND `CLIENT`='e7a1a32b-2601-4013-bf6d-8d7f591d3614' AND `REALM` IS NULL LIMIT 1; #start 8988345 end 9017229 time 2021-08-05 10:37:54
INSERT INTO `keycloak`.`COMPOSITE_ROLE`(`COMPOSITE`, `CHILD_ROLE`) VALUES ('30721086-4a70-4c53-8f93-cf1e6dafdbbe', '01ba4bf4-6ea8-4f54-a5fd-2654fb50bcaa'); #start 8988345 end 9017397 time 2021-08-05 10:37:54
INSERT INTO `keycloak`.`KEYCLOAK_ROLE`(`ID`, `CLIENT_REALM_CONSTRAINT`, `CLIENT_ROLE`, `DESCRIPTION`, `NAME`, `REALM_ID`, `CLIENT`, `REALM`) VALUES ('90cfb5ae-260e-48d5-8f1c-babbb1f3a899', 'e7a1a32b-2601-4013-bf6d-8d7f591d3614', '1', NULL, 'manage-clients', 'QA', 'e7a1a32b-2601-4013-bf6d-8d7f591d3614', NULL); #start 8988345 end 9017640 time 2021-08-05 10:37:54
UPDATE `keycloak`.`KEYCLOAK_ROLE` SET `ID`='90cfb5ae-260e-48d5-8f1c-babbb1f3a899', `CLIENT_REALM_CONSTRAINT`='e7a1a32b-2601-4013-bf6d-8d7f591d3614', `CLIENT_ROLE`='1', `DESCRIPTION`='${role_manage-clients}', `NAME`='manage-clients', `REALM_ID`='QA', `CLIENT`='e7a1a32b-2601-4013-bf6d-8d7f591d3614', `REALM`=NULL WHERE `ID`='90cfb5ae-260e-48d5-8f1c-babbb1f3a899' AND `CLIENT_REALM_CONSTRAINT`='e7a1a32b-2601-4013-bf6d-8d7f591d3614' AND `CLIENT_ROLE`='1' AND `DESCRIPTION` IS NULL AND `NAME`='manage-clients' AND `REALM_ID`='QA' AND `CLIENT`='e7a1a32b-2601-4013-bf6d-8d7f591d3614' AND `REALM` IS NULL LIMIT 1; #start 8988345 end 9018041 time 2021-08-05 10:37:54
INSERT INTO `keycloak`.`COMPOSITE_ROLE`(`COMPOSITE`, `CHILD_ROLE`) VALUES ('30721086-4a70-4c53-8f93-cf1e6dafdbbe', '90cfb5ae-260e-48d5-8f1c-babbb1f3a899'); #start 8988345 end 9018209 time 2021-08-05 10:37:54
INSERT INTO `keycloak`.`KEYCLOAK_ROLE`(`ID`, `CLIENT_REALM_CONSTRAINT`, `CLIENT_ROLE`, `DESCRIPTION`, `NAME`, `REALM_ID`, `CLIENT`, `REALM`) VALUES ('c2f1c80d-0419-47be-98f1-34840f04fc32', 'e7a1a32b-2601-4013-bf6d-8d7f591d3614', '1', NULL, 'manage-events', 'QA', 'e7a1a32b-2601-4013-bf6d-8d7f591d3614', NULL); #start 8988345 end 9018451 time 2021-08-05 10:37:54
UPDATE `keycloak`.`KEYCLOAK_ROLE` SET `ID`='c2f1c80d-0419-47be-98f1-34840f04fc32', `CLIENT_REALM_CONSTRAINT`='e7a1a32b-2601-4013-bf6d-8d7f591d3614', `CLIENT_ROLE`='1', `DESCRIPTION`='${role_manage-events}', `NAME`='manage-events', `REALM_ID`='QA', `CLIENT`='e7a1a32b-2601-4013-bf6d-8d7f591d3614', `REALM`=NULL WHERE `ID`='c2f1c80d-0419-47be-98f1-34840f04fc32' AND `CLIENT_REALM_CONSTRAINT`='e7a1a32b-2601-4013-bf6d-8d7f591d3614' AND `CLIENT_ROLE`='1' AND `DESCRIPTION` IS NULL AND `NAME`='manage-events' AND `REALM_ID`='QA' AND `CLIENT`='e7a1a32b-2601-4013-bf6d-8d7f591d3614' AND `REALM` IS NULL LIMIT 1; #start 8988345 end 9018849 time 2021-08-05 10:37:54
INSERT INTO `keycloak`.`COMPOSITE_ROLE`(`COMPOSITE`, `CHILD_ROLE`) VALUES ('30721086-4a70-4c53-8f93-cf1e6dafdbbe', 'c2f1c80d-0419-47be-98f1-34840f04fc32'); #start 8988345 end 9019017 time 2021-08-05 10:37:54
INSERT INTO `keycloak`.`KEYCLOAK_ROLE`(`ID`, `CLIENT_REALM_CONSTRAINT`, `CLIENT_ROLE`, `DESCRIPTION`, `NAME`, `REALM_ID`, `CLIENT`, `REALM`) VALUES ('7892ae82-2a27-46cc-86e1-565b6daf00e8', 'e7a1a32b-2601-4013-bf6d-8d7f591d3614', '1', NULL, 'manage-identity-providers', 'QA', 'e7a1a32b-2601-4013-bf6d-8d7f591d3614', NULL); #start 8988345 end 9019271 time 2021-08-05 10:37:54
UPDATE `keycloak`.`KEYCLOAK_ROLE` SET `ID`='7892ae82-2a27-46cc-86e1-565b6daf00e8', `CLIENT_REALM_CONSTRAINT`='e7a1a32b-2601-4013-bf6d-8d7f591d3614', `CLIENT_ROLE`='1', `DESCRIPTION`='${role_manage-identity-providers}', `NAME`='manage-identity-providers', `REALM_ID`='QA', `CLIENT`='e7a1a32b-2601-4013-bf6d-8d7f591d3614', `REALM`=NULL WHERE `ID`='7892ae82-2a27-46cc-86e1-565b6daf00e8' AND `CLIENT_REALM_CONSTRAINT`='e7a1a32b-2601-4013-bf6d-8d7f591d3614' AND `CLIENT_ROLE`='1' AND `DESCRIPTION` IS NULL AND `NAME`='manage-identity-providers' AND `REALM_ID`='QA' AND `CLIENT`='e7a1a32b-2601-4013-bf6d-8d7f591d3614' AND `REALM` IS NULL LIMIT 1; #start 8988345 end 9019705 time 2021-08-05 10:37:54
INSERT INTO `keycloak`.`COMPOSITE_ROLE`(`COMPOSITE`, `CHILD_ROLE`) VALUES ('30721086-4a70-4c53-8f93-cf1e6dafdbbe', '7892ae82-2a27-46cc-86e1-565b6daf00e8'); #start 8988345 end 9019873 time 2021-08-05 10:37:54
INSERT INTO `keycloak`.`KEYCLOAK_ROLE`(`ID`, `CLIENT_REALM_CONSTRAINT`, `CLIENT_ROLE`, `DESCRIPTION`, `NAME`, `REALM_ID`, `CLIENT`, `REALM`) VALUES ('24715d2e-5e24-41b8-a3a3-340933a6d963', 'e7a1a32b-2601-4013-bf6d-8d7f591d3614', '1', NULL, 'manage-authorization', 'QA', 'e7a1a32b-2601-4013-bf6d-8d7f591d3614', NULL); #start 8988345 end 9020122 time 2021-08-05 10:37:54
UPDATE `keycloak`.`KEYCLOAK_ROLE` SET `ID`='24715d2e-5e24-41b8-a3a3-340933a6d963', `CLIENT_REALM_CONSTRAINT`='e7a1a32b-2601-4013-bf6d-8d7f591d3614', `CLIENT_ROLE`='1', `DESCRIPTION`='${role_manage-authorization}', `NAME`='manage-authorization', `REALM_ID`='QA', `CLIENT`='e7a1a32b-2601-4013-bf6d-8d7f591d3614', `REALM`=NULL WHERE `ID`='24715d2e-5e24-41b8-a3a3-340933a6d963' AND `CLIENT_REALM_CONSTRAINT`='e7a1a32b-2601-4013-bf6d-8d7f591d3614' AND `CLIENT_ROLE`='1' AND `DESCRIPTION` IS NULL AND `NAME`='manage-authorization' AND `REALM_ID`='QA' AND `CLIENT`='e7a1a32b-2601-4013-bf6d-8d7f591d3614' AND `REALM` IS NULL LIMIT 1; #start 8988345 end 9020541 time 2021-08-05 10:37:54
INSERT INTO `keycloak`.`COMPOSITE_ROLE`(`COMPOSITE`, `CHILD_ROLE`) VALUES ('30721086-4a70-4c53-8f93-cf1e6dafdbbe', '24715d2e-5e24-41b8-a3a3-340933a6d963'); #start 8988345 end 9020709 time 2021-08-05 10:37:54
INSERT INTO `keycloak`.`KEYCLOAK_ROLE`(`ID`, `CLIENT_REALM_CONSTRAINT`, `CLIENT_ROLE`, `DESCRIPTION`, `NAME`, `REALM_ID`, `CLIENT`, `REALM`) VALUES ('f676a1a6-003e-49e6-8096-0bd905256c46', 'e7a1a32b-2601-4013-bf6d-8d7f591d3614', '1', NULL, 'query-users', 'QA', 'e7a1a32b-2601-4013-bf6d-8d7f591d3614', NULL); #start 8988345 end 9020949 time 2021-08-05 10:37:54
UPDATE `keycloak`.`KEYCLOAK_ROLE` SET `ID`='f676a1a6-003e-49e6-8096-0bd905256c46', `CLIENT_REALM_CONSTRAINT`='e7a1a32b-2601-4013-bf6d-8d7f591d3614', `CLIENT_ROLE`='1', `DESCRIPTION`='${role_query-users}', `NAME`='query-users', `REALM_ID`='QA', `CLIENT`='e7a1a32b-2601-4013-bf6d-8d7f591d3614', `REALM`=NULL WHERE `ID`='f676a1a6-003e-49e6-8096-0bd905256c46' AND `CLIENT_REALM_CONSTRAINT`='e7a1a32b-2601-4013-bf6d-8d7f591d3614' AND `CLIENT_ROLE`='1' AND `DESCRIPTION` IS NULL AND `NAME`='query-users' AND `REALM_ID`='QA' AND `CLIENT`='e7a1a32b-2601-4013-bf6d-8d7f591d3614' AND `REALM` IS NULL LIMIT 1; #start 8988345 end 9021341 time 2021-08-05 10:37:54
INSERT INTO `keycloak`.`COMPOSITE_ROLE`(`COMPOSITE`, `CHILD_ROLE`) VALUES ('30721086-4a70-4c53-8f93-cf1e6dafdbbe', 'f676a1a6-003e-49e6-8096-0bd905256c46'); #start 8988345 end 9021509 time 2021-08-05 10:37:54
INSERT INTO `keycloak`.`KEYCLOAK_ROLE`(`ID`, `CLIENT_REALM_CONSTRAINT`, `CLIENT_ROLE`, `DESCRIPTION`, `NAME`, `REALM_ID`, `CLIENT`, `REALM`) VALUES ('1e79bc7d-ff2b-4608-8446-376ce1abd8b3', 'e7a1a32b-2601-4013-bf6d-8d7f591d3614', '1', NULL, 'query-clients', 'QA', 'e7a1a32b-2601-4013-bf6d-8d7f591d3614', NULL); #start 8988345 end 9021751 time 2021-08-05 10:37:54
UPDATE `keycloak`.`KEYCLOAK_ROLE` SET `ID`='1e79bc7d-ff2b-4608-8446-376ce1abd8b3', `CLIENT_REALM_CONSTRAINT`='e7a1a32b-2601-4013-bf6d-8d7f591d3614', `CLIENT_ROLE`='1', `DESCRIPTION`='${role_query-clients}', `NAME`='query-clients', `REALM_ID`='QA', `CLIENT`='e7a1a32b-2601-4013-bf6d-8d7f591d3614', `REALM`=NULL WHERE `ID`='1e79bc7d-ff2b-4608-8446-376ce1abd8b3' AND `CLIENT_REALM_CONSTRAINT`='e7a1a32b-2601-4013-bf6d-8d7f591d3614' AND `CLIENT_ROLE`='1' AND `DESCRIPTION` IS NULL AND `NAME`='query-clients' AND `REALM_ID`='QA' AND `CLIENT`='e7a1a32b-2601-4013-bf6d-8d7f591d3614' AND `REALM` IS NULL LIMIT 1; #start 8988345 end 9022149 time 2021-08-05 10:37:54
INSERT INTO `keycloak`.`COMPOSITE_ROLE`(`COMPOSITE`, `CHILD_ROLE`) VALUES ('30721086-4a70-4c53-8f93-cf1e6dafdbbe', '1e79bc7d-ff2b-4608-8446-376ce1abd8b3'); #start 8988345 end 9022317 time 2021-08-05 10:37:54
INSERT INTO `keycloak`.`KEYCLOAK_ROLE`(`ID`, `CLIENT_REALM_CONSTRAINT`, `CLIENT_ROLE`, `DESCRIPTION`, `NAME`, `REALM_ID`, `CLIENT`, `REALM`) VALUES ('0b876ed8-15ad-43ea-a9fb-0675d35bf13d', 'e7a1a32b-2601-4013-bf6d-8d7f591d3614', '1', NULL, 'query-realms', 'QA', 'e7a1a32b-2601-4013-bf6d-8d7f591d3614', NULL); #start 8988345 end 9022558 time 2021-08-05 10:37:54
UPDATE `keycloak`.`KEYCLOAK_ROLE` SET `ID`='0b876ed8-15ad-43ea-a9fb-0675d35bf13d', `CLIENT_REALM_CONSTRAINT`='e7a1a32b-2601-4013-bf6d-8d7f591d3614', `CLIENT_ROLE`='1', `DESCRIPTION`='${role_query-realms}', `NAME`='query-realms', `REALM_ID`='QA', `CLIENT`='e7a1a32b-2601-4013-bf6d-8d7f591d3614', `REALM`=NULL WHERE `ID`='0b876ed8-15ad-43ea-a9fb-0675d35bf13d' AND `CLIENT_REALM_CONSTRAINT`='e7a1a32b-2601-4013-bf6d-8d7f591d3614' AND `CLIENT_ROLE`='1' AND `DESCRIPTION` IS NULL AND `NAME`='query-realms' AND `REALM_ID`='QA' AND `CLIENT`='e7a1a32b-2601-4013-bf6d-8d7f591d3614' AND `REALM` IS NULL LIMIT 1; #start 8988345 end 9022953 time 2021-08-05 10:37:54
INSERT INTO `keycloak`.`COMPOSITE_ROLE`(`COMPOSITE`, `CHILD_ROLE`) VALUES ('30721086-4a70-4c53-8f93-cf1e6dafdbbe', '0b876ed8-15ad-43ea-a9fb-0675d35bf13d'); #start 8988345 end 9023121 time 2021-08-05 10:37:54
INSERT INTO `keycloak`.`KEYCLOAK_ROLE`(`ID`, `CLIENT_REALM_CONSTRAINT`, `CLIENT_ROLE`, `DESCRIPTION`, `NAME`, `REALM_ID`, `CLIENT`, `REALM`) VALUES ('a38dda07-02b2-4e83-a3c0-2fdd792953e9', 'e7a1a32b-2601-4013-bf6d-8d7f591d3614', '1', NULL, 'query-groups', 'QA', 'e7a1a32b-2601-4013-bf6d-8d7f591d3614', NULL); #start 8988345 end 9023362 time 2021-08-05 10:37:54
UPDATE `keycloak`.`KEYCLOAK_ROLE` SET `ID`='a38dda07-02b2-4e83-a3c0-2fdd792953e9', `CLIENT_REALM_CONSTRAINT`='e7a1a32b-2601-4013-bf6d-8d7f591d3614', `CLIENT_ROLE`='1', `DESCRIPTION`='${role_query-groups}', `NAME`='query-groups', `REALM_ID`='QA', `CLIENT`='e7a1a32b-2601-4013-bf6d-8d7f591d3614', `REALM`=NULL WHERE `ID`='a38dda07-02b2-4e83-a3c0-2fdd792953e9' AND `CLIENT_REALM_CONSTRAINT`='e7a1a32b-2601-4013-bf6d-8d7f591d3614' AND `CLIENT_ROLE`='1' AND `DESCRIPTION` IS NULL AND `NAME`='query-groups' AND `REALM_ID`='QA' AND `CLIENT`='e7a1a32b-2601-4013-bf6d-8d7f591d3614' AND `REALM` IS NULL LIMIT 1; #start 8988345 end 9023757 time 2021-08-05 10:37:54
INSERT INTO `keycloak`.`COMPOSITE_ROLE`(`COMPOSITE`, `CHILD_ROLE`) VALUES ('30721086-4a70-4c53-8f93-cf1e6dafdbbe', 'a38dda07-02b2-4e83-a3c0-2fdd792953e9'); #start 8988345 end 9023925 time 2021-08-05 10:37:54
INSERT INTO `keycloak`.`CLIENT`(`ID`, `ENABLED`, `FULL_SCOPE_ALLOWED`, `CLIENT_ID`, `NOT_BEFORE`, `PUBLIC_CLIENT`, `SECRET`, `BASE_URL`, `BEARER_ONLY`, `MANAGEMENT_URL`, `SURROGATE_AUTH_REQUIRED`, `REALM_ID`, `PROTOCOL`, `NODE_REREG_TIMEOUT`, `FRONTCHANNEL_LOGOUT`, `CONSENT_REQUIRED`, `NAME`, `SERVICE_ACCOUNTS_ENABLED`, `CLIENT_AUTHENTICATOR_TYPE`, `ROOT_URL`, `DESCRIPTION`, `REGISTRATION_TOKEN`, `STANDARD_FLOW_ENABLED`, `IMPLICIT_FLOW_ENABLED`, `DIRECT_ACCESS_GRANTS_ENABLED`) VALUES ('bc449ad4-ae11-4a06-a60d-edaaae198cae', '1', '0', 'account', 0, '0', NULL, NULL, '0', NULL, '0', 'QA', NULL, 0, '0', '0', NULL, '0', NULL, NULL, NULL, NULL, '1', '0', '0'); #start 8988345 end 9024153 time 2021-08-05 10:37:54
INSERT INTO `keycloak`.`COMPOSITE_ROLE`(`COMPOSITE`, `CHILD_ROLE`) VALUES ('849f25bd-1225-4289-b973-9feabccdeec2', 'a38dda07-02b2-4e83-a3c0-2fdd792953e9'); #start 8988345 end 9024321 time 2021-08-05 10:37:54
INSERT INTO `keycloak`.`COMPOSITE_ROLE`(`COMPOSITE`, `CHILD_ROLE`) VALUES ('849f25bd-1225-4289-b973-9feabccdeec2', 'f676a1a6-003e-49e6-8096-0bd905256c46'); #start 8988345 end 9024489 time 2021-08-05 10:37:54
INSERT INTO `keycloak`.`COMPOSITE_ROLE`(`COMPOSITE`, `CHILD_ROLE`) VALUES ('e4fad7d9-c6c6-4f07-b7e3-b9e600d29bcf', '1e79bc7d-ff2b-4608-8446-376ce1abd8b3'); #start 8988345 end 9024657 time 2021-08-05 10:37:54
INSERT INTO `keycloak`.`KEYCLOAK_ROLE`(`ID`, `CLIENT_REALM_CONSTRAINT`, `CLIENT_ROLE`, `DESCRIPTION`, `NAME`, `REALM_ID`, `CLIENT`, `REALM`) VALUES ('62081836-4b79-4d4e-a762-8f7ede3db31d', 'bc449ad4-ae11-4a06-a60d-edaaae198cae', '1', NULL, 'view-profile', 'QA', 'bc449ad4-ae11-4a06-a60d-edaaae198cae', NULL); #start 8988345 end 9024898 time 2021-08-05 10:37:54
UPDATE `keycloak`.`CLIENT` SET `ID`='bc449ad4-ae11-4a06-a60d-edaaae198cae', `ENABLED`='1', `FULL_SCOPE_ALLOWED`='0', `CLIENT_ID`='account', `NOT_BEFORE`=0, `PUBLIC_CLIENT`='0', `SECRET`='1b26ae52-66db-447c-bf69-4e8833fc51e2', `BASE_URL`='/auth/realms/QA/account', `BEARER_ONLY`='0', `MANAGEMENT_URL`=NULL, `SURROGATE_AUTH_REQUIRED`='0', `REALM_ID`='QA', `PROTOCOL`='openid-connect', `NODE_REREG_TIMEOUT`=0, `FRONTCHANNEL_LOGOUT`='0', `CONSENT_REQUIRED`='0', `NAME`='${client_account}', `SERVICE_ACCOUNTS_ENABLED`='0', `CLIENT_AUTHENTICATOR_TYPE`='client-secret', `ROOT_URL`=NULL, `DESCRIPTION`=NULL, `REGISTRATION_TOKEN`=NULL, `STANDARD_FLOW_ENABLED`='1', `IMPLICIT_FLOW_ENABLED`='0', `DIRECT_ACCESS_GRANTS_ENABLED`='0' WHERE `ID`='bc449ad4-ae11-4a06-a60d-edaaae198cae' AND `ENABLED`='1' AND `FULL_SCOPE_ALLOWED`='0' AND `CLIENT_ID`='account' AND `NOT_BEFORE`=0 AND `PUBLIC_CLIENT`='0' AND `SECRET` IS NULL AND `BASE_URL` IS NULL AND `BEARER_ONLY`='0' AND `MANAGEMENT_URL` IS NULL AND `SURROGATE_AUTH_REQUIRED`='0' AND `REALM_ID`='QA' AND `PROTOCOL` IS NULL AND `NODE_REREG_TIMEOUT`=0 AND `FRONTCHANNEL_LOGOUT`='0' AND `CONSENT_REQUIRED`='0' AND `NAME` IS NULL AND `SERVICE_ACCOUNTS_ENABLED`='0' AND `CLIENT_AUTHENTICATOR_TYPE` IS NULL AND `ROOT_URL` IS NULL AND `DESCRIPTION` IS NULL AND `REGISTRATION_TOKEN` IS NULL AND `STANDARD_FLOW_ENABLED`='1' AND `IMPLICIT_FLOW_ENABLED`='0' AND `DIRECT_ACCESS_GRANTS_ENABLED`='0' LIMIT 1; #start 8988345 end 9025315 time 2021-08-05 10:37:54
INSERT INTO `keycloak`.`CLIENT_DEFAULT_ROLES`(`CLIENT_ID`, `ROLE_ID`) VALUES ('bc449ad4-ae11-4a06-a60d-edaaae198cae', '62081836-4b79-4d4e-a762-8f7ede3db31d'); #start 8988345 end 9025489 time 2021-08-05 10:37:54
INSERT INTO `keycloak`.`REDIRECT_URIS`(`CLIENT_ID`, `VALUE`) VALUES ('bc449ad4-ae11-4a06-a60d-edaaae198cae', '/auth/realms/QA/account/*'); #start 8988345 end 9025646 time 2021-08-05 10:37:55
UPDATE `keycloak`.`KEYCLOAK_ROLE` SET `ID`='62081836-4b79-4d4e-a762-8f7ede3db31d', `CLIENT_REALM_CONSTRAINT`='bc449ad4-ae11-4a06-a60d-edaaae198cae', `CLIENT_ROLE`='1', `DESCRIPTION`='${role_view-profile}', `NAME`='view-profile', `REALM_ID`='QA', `CLIENT`='bc449ad4-ae11-4a06-a60d-edaaae198cae', `REALM`=NULL WHERE `ID`='62081836-4b79-4d4e-a762-8f7ede3db31d' AND `CLIENT_REALM_CONSTRAINT`='bc449ad4-ae11-4a06-a60d-edaaae198cae' AND `CLIENT_ROLE`='1' AND `DESCRIPTION` IS NULL AND `NAME`='view-profile' AND `REALM_ID`='QA' AND `CLIENT`='bc449ad4-ae11-4a06-a60d-edaaae198cae' AND `REALM` IS NULL LIMIT 1; #start 8988345 end 9026041 time 2021-08-05 10:37:55
INSERT INTO `keycloak`.`KEYCLOAK_ROLE`(`ID`, `CLIENT_REALM_CONSTRAINT`, `CLIENT_ROLE`, `DESCRIPTION`, `NAME`, `REALM_ID`, `CLIENT`, `REALM`) VALUES ('46bb7c89-f6e4-4179-bfbb-d8d16d4d8c7c', 'bc449ad4-ae11-4a06-a60d-edaaae198cae', '1', NULL, 'manage-account', 'QA', 'bc449ad4-ae11-4a06-a60d-edaaae198cae', NULL); #start 8988345 end 9026284 time 2021-08-05 10:37:55
DELETE FROM `keycloak`.`CLIENT_DEFAULT_ROLES` WHERE `CLIENT_ID`='bc449ad4-ae11-4a06-a60d-edaaae198cae' AND `ROLE_ID`='62081836-4b79-4d4e-a762-8f7ede3db31d' LIMIT 1; #start 8988345 end 9026458 time 2021-08-05 10:37:55
INSERT INTO `keycloak`.`CLIENT_DEFAULT_ROLES`(`CLIENT_ID`, `ROLE_ID`) VALUES ('bc449ad4-ae11-4a06-a60d-edaaae198cae', '62081836-4b79-4d4e-a762-8f7ede3db31d'); #start 8988345 end 9026632 time 2021-08-05 10:37:55
INSERT INTO `keycloak`.`CLIENT_DEFAULT_ROLES`(`CLIENT_ID`, `ROLE_ID`) VALUES ('bc449ad4-ae11-4a06-a60d-edaaae198cae', '46bb7c89-f6e4-4179-bfbb-d8d16d4d8c7c'); #start 8988345 end 9026806 time 2021-08-05 10:37:55
UPDATE `keycloak`.`KEYCLOAK_ROLE` SET `ID`='46bb7c89-f6e4-4179-bfbb-d8d16d4d8c7c', `CLIENT_REALM_CONSTRAINT`='bc449ad4-ae11-4a06-a60d-edaaae198cae', `CLIENT_ROLE`='1', `DESCRIPTION`='${role_manage-account}', `NAME`='manage-account', `REALM_ID`='QA', `CLIENT`='bc449ad4-ae11-4a06-a60d-edaaae198cae', `REALM`=NULL WHERE `ID`='46bb7c89-f6e4-4179-bfbb-d8d16d4d8c7c' AND `CLIENT_REALM_CONSTRAINT`='bc449ad4-ae11-4a06-a60d-edaaae198cae' AND `CLIENT_ROLE`='1' AND `DESCRIPTION` IS NULL AND `NAME`='manage-account' AND `REALM_ID`='QA' AND `CLIENT`='bc449ad4-ae11-4a06-a60d-edaaae198cae' AND `REALM` IS NULL LIMIT 1; #start 8988345 end 9027207 time 2021-08-05 10:37:55
INSERT INTO `keycloak`.`KEYCLOAK_ROLE`(`ID`, `CLIENT_REALM_CONSTRAINT`, `CLIENT_ROLE`, `DESCRIPTION`, `NAME`, `REALM_ID`, `CLIENT`, `REALM`) VALUES ('b1a2e324-9fef-426e-8754-140b40e34a4f', 'bc449ad4-ae11-4a06-a60d-edaaae198cae', '1', NULL, 'manage-account-links', 'QA', 'bc449ad4-ae11-4a06-a60d-edaaae198cae', NULL); #start 8988345 end 9027456 time 2021-08-05 10:37:55
UPDATE `keycloak`.`KEYCLOAK_ROLE` SET `ID`='b1a2e324-9fef-426e-8754-140b40e34a4f', `CLIENT_REALM_CONSTRAINT`='bc449ad4-ae11-4a06-a60d-edaaae198cae', `CLIENT_ROLE`='1', `DESCRIPTION`='${role_manage-account-links}', `NAME`='manage-account-links', `REALM_ID`='QA', `CLIENT`='bc449ad4-ae11-4a06-a60d-edaaae198cae', `REALM`=NULL WHERE `ID`='b1a2e324-9fef-426e-8754-140b40e34a4f' AND `CLIENT_REALM_CONSTRAINT`='bc449ad4-ae11-4a06-a60d-edaaae198cae' AND `CLIENT_ROLE`='1' AND `DESCRIPTION` IS NULL AND `NAME`='manage-account-links' AND `REALM_ID`='QA' AND `CLIENT`='bc449ad4-ae11-4a06-a60d-edaaae198cae' AND `REALM` IS NULL LIMIT 1; #start 8988345 end 9027875 time 2021-08-05 10:37:55
INSERT INTO `keycloak`.`KEYCLOAK_ROLE`(`ID`, `CLIENT_REALM_CONSTRAINT`, `CLIENT_ROLE`, `DESCRIPTION`, `NAME`, `REALM_ID`, `CLIENT`, `REALM`) VALUES ('ca902780-70cb-4e24-8b1e-3caa57461ca1', '7ce2eec1-3f43-4b4b-a383-09a50e710495', '1', NULL, 'impersonation', 'master', '7ce2eec1-3f43-4b4b-a383-09a50e710495', NULL); #start 8988345 end 9028121 time 2021-08-05 10:37:55
UPDATE `keycloak`.`KEYCLOAK_ROLE` SET `ID`='ca902780-70cb-4e24-8b1e-3caa57461ca1', `CLIENT_REALM_CONSTRAINT`='7ce2eec1-3f43-4b4b-a383-09a50e710495', `CLIENT_ROLE`='1', `DESCRIPTION`='${role_impersonation}', `NAME`='impersonation', `REALM_ID`='master', `CLIENT`='7ce2eec1-3f43-4b4b-a383-09a50e710495', `REALM`=NULL WHERE `ID`='ca902780-70cb-4e24-8b1e-3caa57461ca1' AND `CLIENT_REALM_CONSTRAINT`='7ce2eec1-3f43-4b4b-a383-09a50e710495' AND `CLIENT_ROLE`='1' AND `DESCRIPTION` IS NULL AND `NAME`='impersonation' AND `REALM_ID`='master' AND `CLIENT`='7ce2eec1-3f43-4b4b-a383-09a50e710495' AND `REALM` IS NULL LIMIT 1; #start 8988345 end 9028527 time 2021-08-05 10:37:55
INSERT INTO `keycloak`.`COMPOSITE_ROLE`(`COMPOSITE`, `CHILD_ROLE`) VALUES ('6a68b74f-4a91-4dbf-8dd2-fc2012208e4b', 'ca902780-70cb-4e24-8b1e-3caa57461ca1'); #start 8988345 end 9028695 time 2021-08-05 10:37:55
INSERT INTO `keycloak`.`COMPOSITE_ROLE`(`COMPOSITE`, `CHILD_ROLE`) VALUES ('46bb7c89-f6e4-4179-bfbb-d8d16d4d8c7c', 'b1a2e324-9fef-426e-8754-140b40e34a4f'); #start 8988345 end 9028863 time 2021-08-05 10:37:55
INSERT INTO `keycloak`.`KEYCLOAK_ROLE`(`ID`, `CLIENT_REALM_CONSTRAINT`, `CLIENT_ROLE`, `DESCRIPTION`, `NAME`, `REALM_ID`, `CLIENT`, `REALM`) VALUES ('4434270a-3fa7-4734-894c-03c19d6f9b33', 'e7a1a32b-2601-4013-bf6d-8d7f591d3614', '1', NULL, 'impersonation', 'QA', 'e7a1a32b-2601-4013-bf6d-8d7f591d3614', NULL); #start 8988345 end 9029105 time 2021-08-05 10:37:55
UPDATE `keycloak`.`KEYCLOAK_ROLE` SET `ID`='4434270a-3fa7-4734-894c-03c19d6f9b33', `CLIENT_REALM_CONSTRAINT`='e7a1a32b-2601-4013-bf6d-8d7f591d3614', `CLIENT_ROLE`='1', `DESCRIPTION`='${role_impersonation}', `NAME`='impersonation', `REALM_ID`='QA', `CLIENT`='e7a1a32b-2601-4013-bf6d-8d7f591d3614', `REALM`=NULL WHERE `ID`='4434270a-3fa7-4734-894c-03c19d6f9b33' AND `CLIENT_REALM_CONSTRAINT`='e7a1a32b-2601-4013-bf6d-8d7f591d3614' AND `CLIENT_ROLE`='1' AND `DESCRIPTION` IS NULL AND `NAME`='impersonation' AND `REALM_ID`='QA' AND `CLIENT`='e7a1a32b-2601-4013-bf6d-8d7f591d3614' AND `REALM` IS NULL LIMIT 1; #start 8988345 end 9029503 time 2021-08-05 10:37:55
INSERT INTO `keycloak`.`CLIENT`(`ID`, `ENABLED`, `FULL_SCOPE_ALLOWED`, `CLIENT_ID`, `NOT_BEFORE`, `PUBLIC_CLIENT`, `SECRET`, `BASE_URL`, `BEARER_ONLY`, `MANAGEMENT_URL`, `SURROGATE_AUTH_REQUIRED`, `REALM_ID`, `PROTOCOL`, `NODE_REREG_TIMEOUT`, `FRONTCHANNEL_LOGOUT`, `CONSENT_REQUIRED`, `NAME`, `SERVICE_ACCOUNTS_ENABLED`, `CLIENT_AUTHENTICATOR_TYPE`, `ROOT_URL`, `DESCRIPTION`, `REGISTRATION_TOKEN`, `STANDARD_FLOW_ENABLED`, `IMPLICIT_FLOW_ENABLED`, `DIRECT_ACCESS_GRANTS_ENABLED`) VALUES ('7a59cf4c-ff12-49ee-b9c2-ad33dc109e61', '1', '0', 'broker', 0, '0', NULL, NULL, '0', NULL, '0', 'QA', NULL, 0, '0', '0', NULL, '0', NULL, NULL, NULL, NULL, '1', '0', '0'); #start 8988345 end 9029730 time 2021-08-05 10:37:55
INSERT INTO `keycloak`.`COMPOSITE_ROLE`(`COMPOSITE`, `CHILD_ROLE`) VALUES ('30721086-4a70-4c53-8f93-cf1e6dafdbbe', '4434270a-3fa7-4734-894c-03c19d6f9b33'); #start 8988345 end 9029898 time 2021-08-05 10:37:55
INSERT INTO `keycloak`.`KEYCLOAK_ROLE`(`ID`, `CLIENT_REALM_CONSTRAINT`, `CLIENT_ROLE`, `DESCRIPTION`, `NAME`, `REALM_ID`, `CLIENT`, `REALM`) VALUES ('868d43b6-ee69-4088-9b80-519ff5eb889f', '7a59cf4c-ff12-49ee-b9c2-ad33dc109e61', '1', NULL, 'read-token', 'QA', '7a59cf4c-ff12-49ee-b9c2-ad33dc109e61', NULL); #start 8988345 end 9030137 time 2021-08-05 10:37:55
UPDATE `keycloak`.`CLIENT` SET `ID`='7a59cf4c-ff12-49ee-b9c2-ad33dc109e61', `ENABLED`='1', `FULL_SCOPE_ALLOWED`='0', `CLIENT_ID`='broker', `NOT_BEFORE`=0, `PUBLIC_CLIENT`='0', `SECRET`='8a36245f-f2bb-44ce-b222-034b1ee9bad7', `BASE_URL`=NULL, `BEARER_ONLY`='0', `MANAGEMENT_URL`=NULL, `SURROGATE_AUTH_REQUIRED`='0', `REALM_ID`='QA', `PROTOCOL`='openid-connect', `NODE_REREG_TIMEOUT`=0, `FRONTCHANNEL_LOGOUT`='0', `CONSENT_REQUIRED`='0', `NAME`='${client_broker}', `SERVICE_ACCOUNTS_ENABLED`='0', `CLIENT_AUTHENTICATOR_TYPE`='client-secret', `ROOT_URL`=NULL, `DESCRIPTION`=NULL, `REGISTRATION_TOKEN`=NULL, `STANDARD_FLOW_ENABLED`='1', `IMPLICIT_FLOW_ENABLED`='0', `DIRECT_ACCESS_GRANTS_ENABLED`='0' WHERE `ID`='7a59cf4c-ff12-49ee-b9c2-ad33dc109e61' AND `ENABLED`='1' AND `FULL_SCOPE_ALLOWED`='0' AND `CLIENT_ID`='broker' AND `NOT_BEFORE`=0 AND `PUBLIC_CLIENT`='0' AND `SECRET` IS NULL AND `BASE_URL` IS NULL AND `BEARER_ONLY`='0' AND `MANAGEMENT_URL` IS NULL AND `SURROGATE_AUTH_REQUIRED`='0' AND `REALM_ID`='QA' AND `PROTOCOL` IS NULL AND `NODE_REREG_TIMEOUT`=0 AND `FRONTCHANNEL_LOGOUT`='0' AND `CONSENT_REQUIRED`='0' AND `NAME` IS NULL AND `SERVICE_ACCOUNTS_ENABLED`='0' AND `CLIENT_AUTHENTICATOR_TYPE` IS NULL AND `ROOT_URL` IS NULL AND `DESCRIPTION` IS NULL AND `REGISTRATION_TOKEN` IS NULL AND `STANDARD_FLOW_ENABLED`='1' AND `IMPLICIT_FLOW_ENABLED`='0' AND `DIRECT_ACCESS_GRANTS_ENABLED`='0' LIMIT 1; #start 8988345 end 9030526 time 2021-08-05 10:37:55
UPDATE `keycloak`.`KEYCLOAK_ROLE` SET `ID`='868d43b6-ee69-4088-9b80-519ff5eb889f', `CLIENT_REALM_CONSTRAINT`='7a59cf4c-ff12-49ee-b9c2-ad33dc109e61', `CLIENT_ROLE`='1', `DESCRIPTION`='${role_read-token}', `NAME`='read-token', `REALM_ID`='QA', `CLIENT`='7a59cf4c-ff12-49ee-b9c2-ad33dc109e61', `REALM`=NULL WHERE `ID`='868d43b6-ee69-4088-9b80-519ff5eb889f' AND `CLIENT_REALM_CONSTRAINT`='7a59cf4c-ff12-49ee-b9c2-ad33dc109e61' AND `CLIENT_ROLE`='1' AND `DESCRIPTION` IS NULL AND `NAME`='read-token' AND `REALM_ID`='QA' AND `CLIENT`='7a59cf4c-ff12-49ee-b9c2-ad33dc109e61' AND `REALM` IS NULL LIMIT 1; #start 8988345 end 9030915 time 2021-08-05 10:37:55
INSERT INTO `keycloak`.`CLIENT`(`ID`, `ENABLED`, `FULL_SCOPE_ALLOWED`, `CLIENT_ID`, `NOT_BEFORE`, `PUBLIC_CLIENT`, `SECRET`, `BASE_URL`, `BEARER_ONLY`, `MANAGEMENT_URL`, `SURROGATE_AUTH_REQUIRED`, `REALM_ID`, `PROTOCOL`, `NODE_REREG_TIMEOUT`, `FRONTCHANNEL_LOGOUT`, `CONSENT_REQUIRED`, `NAME`, `SERVICE_ACCOUNTS_ENABLED`, `CLIENT_AUTHENTICATOR_TYPE`, `ROOT_URL`, `DESCRIPTION`, `REGISTRATION_TOKEN`, `STANDARD_FLOW_ENABLED`, `IMPLICIT_FLOW_ENABLED`, `DIRECT_ACCESS_GRANTS_ENABLED`) VALUES ('11816172-57fa-4b14-86a2-b52f6909ad74', '1', '0', 'security-admin-console', 0, '0', NULL, NULL, '0', NULL, '0', 'QA', NULL, 0, '0', '0', NULL, '0', NULL, NULL, NULL, NULL, '1', '0', '0'); #start 8988345 end 9031158 time 2021-08-05 10:37:55
UPDATE `keycloak`.`CLIENT` SET `ID`='11816172-57fa-4b14-86a2-b52f6909ad74', `ENABLED`='1', `FULL_SCOPE_ALLOWED`='0', `CLIENT_ID`='security-admin-console', `NOT_BEFORE`=0, `PUBLIC_CLIENT`='1', `SECRET`='1a3c2b46-8659-4322-b877-433c703cca5e', `BASE_URL`='/auth/admin/QA/console/index.html', `BEARER_ONLY`='0', `MANAGEMENT_URL`=NULL, `SURROGATE_AUTH_REQUIRED`='0', `REALM_ID`='QA', `PROTOCOL`='openid-connect', `NODE_REREG_TIMEOUT`=0, `FRONTCHANNEL_LOGOUT`='0', `CONSENT_REQUIRED`='0', `NAME`='${client_security-admin-console}', `SERVICE_ACCOUNTS_ENABLED`='0', `CLIENT_AUTHENTICATOR_TYPE`='client-secret', `ROOT_URL`=NULL, `DESCRIPTION`=NULL, `REGISTRATION_TOKEN`=NULL, `STANDARD_FLOW_ENABLED`='1', `IMPLICIT_FLOW_ENABLED`='0', `DIRECT_ACCESS_GRANTS_ENABLED`='0' WHERE `ID`='11816172-57fa-4b14-86a2-b52f6909ad74' AND `ENABLED`='1' AND `FULL_SCOPE_ALLOWED`='0' AND `CLIENT_ID`='security-admin-console' AND `NOT_BEFORE`=0 AND `PUBLIC_CLIENT`='0' AND `SECRET` IS NULL AND `BASE_URL` IS NULL AND `BEARER_ONLY`='0' AND `MANAGEMENT_URL` IS NULL AND `SURROGATE_AUTH_REQUIRED`='0' AND `REALM_ID`='QA' AND `PROTOCOL` IS NULL AND `NODE_REREG_TIMEOUT`=0 AND `FRONTCHANNEL_LOGOUT`='0' AND `CONSENT_REQUIRED`='0' AND `NAME` IS NULL AND `SERVICE_ACCOUNTS_ENABLED`='0' AND `CLIENT_AUTHENTICATOR_TYPE` IS NULL AND `ROOT_URL` IS NULL AND `DESCRIPTION` IS NULL AND `REGISTRATION_TOKEN` IS NULL AND `STANDARD_FLOW_ENABLED`='1' AND `IMPLICIT_FLOW_ENABLED`='0' AND `DIRECT_ACCESS_GRANTS_ENABLED`='0' LIMIT 1; #start 8988345 end 9031630 time 2021-08-05 10:37:55
INSERT INTO `keycloak`.`REDIRECT_URIS`(`CLIENT_ID`, `VALUE`) VALUES ('11816172-57fa-4b14-86a2-b52f6909ad74', '/auth/admin/QA/console/*'); #start 8988345 end 9031786 time 2021-08-05 10:37:55
INSERT INTO `keycloak`.`CLIENT`(`ID`, `ENABLED`, `FULL_SCOPE_ALLOWED`, `CLIENT_ID`, `NOT_BEFORE`, `PUBLIC_CLIENT`, `SECRET`, `BASE_URL`, `BEARER_ONLY`, `MANAGEMENT_URL`, `SURROGATE_AUTH_REQUIRED`, `REALM_ID`, `PROTOCOL`, `NODE_REREG_TIMEOUT`, `FRONTCHANNEL_LOGOUT`, `CONSENT_REQUIRED`, `NAME`, `SERVICE_ACCOUNTS_ENABLED`, `CLIENT_AUTHENTICATOR_TYPE`, `ROOT_URL`, `DESCRIPTION`, `REGISTRATION_TOKEN`, `STANDARD_FLOW_ENABLED`, `IMPLICIT_FLOW_ENABLED`, `DIRECT_ACCESS_GRANTS_ENABLED`) VALUES ('a3aad995-579c-49cb-b62c-acdeb813d2e0', '1', '0', 'admin-cli', 0, '0', NULL, NULL, '0', NULL, '0', 'QA', NULL, 0, '0', '0', NULL, '0', NULL, NULL, NULL, NULL, '1', '0', '0'); #start 8988345 end 9032016 time 2021-08-05 10:37:55
INSERT INTO `keycloak`.`KEYCLOAK_ROLE`(`ID`, `CLIENT_REALM_CONSTRAINT`, `CLIENT_ROLE`, `DESCRIPTION`, `NAME`, `REALM_ID`, `CLIENT`, `REALM`) VALUES ('7e1647d0-4eec-4e7f-b9d8-635b86b64ffe', 'QA', '0', NULL, 'offline_access', 'QA', NULL, 'QA'); #start 8988345 end 9032191 time 2021-08-05 10:37:55
UPDATE `keycloak`.`CLIENT` SET `ID`='a3aad995-579c-49cb-b62c-acdeb813d2e0', `ENABLED`='1', `FULL_SCOPE_ALLOWED`='0', `CLIENT_ID`='admin-cli', `NOT_BEFORE`=0, `PUBLIC_CLIENT`='1', `SECRET`='f880ecb0-cef3-43eb-b77b-a86828c3a127', `BASE_URL`=NULL, `BEARER_ONLY`='0', `MANAGEMENT_URL`=NULL, `SURROGATE_AUTH_REQUIRED`='0', `REALM_ID`='QA', `PROTOCOL`='openid-connect', `NODE_REREG_TIMEOUT`=0, `FRONTCHANNEL_LOGOUT`='0', `CONSENT_REQUIRED`='0', `NAME`='${client_admin-cli}', `SERVICE_ACCOUNTS_ENABLED`='0', `CLIENT_AUTHENTICATOR_TYPE`='client-secret', `ROOT_URL`=NULL, `DESCRIPTION`=NULL, `REGISTRATION_TOKEN`=NULL, `STANDARD_FLOW_ENABLED`='0', `IMPLICIT_FLOW_ENABLED`='0', `DIRECT_ACCESS_GRANTS_ENABLED`='1' WHERE `ID`='a3aad995-579c-49cb-b62c-acdeb813d2e0' AND `ENABLED`='1' AND `FULL_SCOPE_ALLOWED`='0' AND `CLIENT_ID`='admin-cli' AND `NOT_BEFORE`=0 AND `PUBLIC_CLIENT`='0' AND `SECRET` IS NULL AND `BASE_URL` IS NULL AND `BEARER_ONLY`='0' AND `MANAGEMENT_URL` IS NULL AND `SURROGATE_AUTH_REQUIRED`='0' AND `REALM_ID`='QA' AND `PROTOCOL` IS NULL AND `NODE_REREG_TIMEOUT`=0 AND `FRONTCHANNEL_LOGOUT`='0' AND `CONSENT_REQUIRED`='0' AND `NAME` IS NULL AND `SERVICE_ACCOUNTS_ENABLED`='0' AND `CLIENT_AUTHENTICATOR_TYPE` IS NULL AND `ROOT_URL` IS NULL AND `DESCRIPTION` IS NULL AND `REGISTRATION_TOKEN` IS NULL AND `STANDARD_FLOW_ENABLED`='1' AND `IMPLICIT_FLOW_ENABLED`='0' AND `DIRECT_ACCESS_GRANTS_ENABLED`='0' LIMIT 1; #start 8988345 end 9032589 time 2021-08-05 10:37:55
UPDATE `keycloak`.`KEYCLOAK_ROLE` SET `ID`='7e1647d0-4eec-4e7f-b9d8-635b86b64ffe', `CLIENT_REALM_CONSTRAINT`='QA', `CLIENT_ROLE`='0', `DESCRIPTION`='${role_offline-access}', `NAME`='offline_access', `REALM_ID`='QA', `CLIENT`=NULL, `REALM`='QA' WHERE `ID`='7e1647d0-4eec-4e7f-b9d8-635b86b64ffe' AND `CLIENT_REALM_CONSTRAINT`='QA' AND `CLIENT_ROLE`='0' AND `DESCRIPTION` IS NULL AND `NAME`='offline_access' AND `REALM_ID`='QA' AND `CLIENT` IS NULL AND `REALM`='QA' LIMIT 1; #start 8988345 end 9032854 time 2021-08-05 10:37:55
INSERT INTO `keycloak`.`REALM_DEFAULT_ROLES`(`REALM_ID`, `ROLE_ID`) VALUES ('QA', '7e1647d0-4eec-4e7f-b9d8-635b86b64ffe'); #start 8988345 end 9032993 time 2021-08-05 10:37:55
INSERT INTO `keycloak`.`CLIENT_SCOPE`(`ID`, `NAME`, `REALM_ID`, `DESCRIPTION`, `PROTOCOL`) VALUES ('bdf081e5-fb44-4834-bd20-6d3c97733802', 'offline_access', 'QA', NULL, NULL); #start 8988345 end 9033150 time 2021-08-05 10:37:55
INSERT INTO `keycloak`.`CLIENT_SCOPE_ROLE_MAPPING`(`SCOPE_ID`, `ROLE_ID`) VALUES ('bdf081e5-fb44-4834-bd20-6d3c97733802', '7e1647d0-4eec-4e7f-b9d8-635b86b64ffe'); #start 8988345 end 9033329 time 2021-08-05 10:37:55
UPDATE `keycloak`.`CLIENT_SCOPE` SET `ID`='bdf081e5-fb44-4834-bd20-6d3c97733802', `NAME`='offline_access', `REALM_ID`='QA', `DESCRIPTION`='OpenID Connect built-in scope: offline_access', `PROTOCOL`='openid-connect' WHERE `ID`='bdf081e5-fb44-4834-bd20-6d3c97733802' AND `NAME`='offline_access' AND `REALM_ID`='QA' AND `DESCRIPTION` IS NULL AND `PROTOCOL` IS NULL LIMIT 1; #start 8988345 end 9033607 time 2021-08-05 10:37:55
INSERT INTO `keycloak`.`CLIENT_SCOPE_ATTRIBUTES`(`SCOPE_ID`, `VALUE`, `NAME`) VALUES ('bdf081e5-fb44-4834-bd20-6d3c97733802', '${offlineAccessScopeConsentText}', 'consent.screen.text'); #start 8988345 end 9033805 time 2021-08-05 10:37:55
INSERT INTO `keycloak`.`CLIENT_SCOPE_ATTRIBUTES`(`SCOPE_ID`, `VALUE`, `NAME`) VALUES ('bdf081e5-fb44-4834-bd20-6d3c97733802', 'true', 'display.on.consent.screen'); #start 8988345 end 9033981 time 2021-08-05 10:37:55
INSERT INTO `keycloak`.`DEFAULT_CLIENT_SCOPE`(`REALM_ID`, `SCOPE_ID`, `DEFAULT_SCOPE`) VALUES ('QA', 'bdf081e5-fb44-4834-bd20-6d3c97733802', '0'); #start 8988345 end 9034125 time 2021-08-05 10:37:55
INSERT INTO `keycloak`.`CLIENT_SCOPE`(`ID`, `NAME`, `REALM_ID`, `DESCRIPTION`, `PROTOCOL`) VALUES ('510a737a-3247-4bc7-b4bc-3be07d985a0a', 'role_list', 'QA', NULL, NULL); #start 8988345 end 9034277 time 2021-08-05 10:37:55
INSERT INTO `keycloak`.`PROTOCOL_MAPPER`(`ID`, `NAME`, `PROTOCOL`, `PROTOCOL_MAPPER_NAME`, `CLIENT_ID`, `CLIENT_SCOPE_ID`) VALUES ('e37770ef-77ae-41d8-b2af-74278fca1863', 'role list', 'saml', 'saml-role-list-mapper', NULL, '510a737a-3247-4bc7-b4bc-3be07d985a0a'); #start 8988345 end 9034498 time 2021-08-05 10:37:55
INSERT INTO `keycloak`.`DEFAULT_CLIENT_SCOPE`(`REALM_ID`, `SCOPE_ID`, `DEFAULT_SCOPE`) VALUES ('QA', '510a737a-3247-4bc7-b4bc-3be07d985a0a', '1'); #start 8988345 end 9034642 time 2021-08-05 10:37:55
UPDATE `keycloak`.`CLIENT_SCOPE` SET `ID`='510a737a-3247-4bc7-b4bc-3be07d985a0a', `NAME`='role_list', `REALM_ID`='QA', `DESCRIPTION`='SAML role list', `PROTOCOL`='saml' WHERE `ID`='510a737a-3247-4bc7-b4bc-3be07d985a0a' AND `NAME`='role_list' AND `REALM_ID`='QA' AND `DESCRIPTION` IS NULL AND `PROTOCOL` IS NULL LIMIT 1; #start 8988345 end 9034869 time 2021-08-05 10:37:55
INSERT INTO `keycloak`.`CLIENT_SCOPE_ATTRIBUTES`(`SCOPE_ID`, `VALUE`, `NAME`) VALUES ('510a737a-3247-4bc7-b4bc-3be07d985a0a', '${samlRoleListScopeConsentText}', 'consent.screen.text'); #start 8988345 end 9035066 time 2021-08-05 10:37:55
INSERT INTO `keycloak`.`CLIENT_SCOPE_ATTRIBUTES`(`SCOPE_ID`, `VALUE`, `NAME`) VALUES ('510a737a-3247-4bc7-b4bc-3be07d985a0a', 'true', 'display.on.consent.screen'); #start 8988345 end 9035242 time 2021-08-05 10:37:55
INSERT INTO `keycloak`.`PROTOCOL_MAPPER_CONFIG`(`PROTOCOL_MAPPER_ID`, `VALUE`, `NAME`) VALUES ('e37770ef-77ae-41d8-b2af-74278fca1863', 'false', 'single'); #start 8988345 end 9035400 time 2021-08-05 10:37:55
INSERT INTO `keycloak`.`PROTOCOL_MAPPER_CONFIG`(`PROTOCOL_MAPPER_ID`, `VALUE`, `NAME`) VALUES ('e37770ef-77ae-41d8-b2af-74278fca1863', 'Basic', 'attribute.nameformat'); #start 8988345 end 9035572 time 2021-08-05 10:37:55
INSERT INTO `keycloak`.`PROTOCOL_MAPPER_CONFIG`(`PROTOCOL_MAPPER_ID`, `VALUE`, `NAME`) VALUES ('e37770ef-77ae-41d8-b2af-74278fca1863', 'Role', 'attribute.name'); #start 8988345 end 9035737 time 2021-08-05 10:37:55
INSERT INTO `keycloak`.`CLIENT_SCOPE_CLIENT`(`CLIENT_ID`, `SCOPE_ID`, `DEFAULT_SCOPE`) VALUES ('bc449ad4-ae11-4a06-a60d-edaaae198cae', '510a737a-3247-4bc7-b4bc-3be07d985a0a', '1'); #start 8988345 end 9035914 time 2021-08-05 10:37:55
INSERT INTO `keycloak`.`CLIENT_SCOPE_CLIENT`(`CLIENT_ID`, `SCOPE_ID`, `DEFAULT_SCOPE`) VALUES ('a3aad995-579c-49cb-b62c-acdeb813d2e0', '510a737a-3247-4bc7-b4bc-3be07d985a0a', '1'); #start 8988345 end 9036091 time 2021-08-05 10:37:55
INSERT INTO `keycloak`.`CLIENT_SCOPE_CLIENT`(`CLIENT_ID`, `SCOPE_ID`, `DEFAULT_SCOPE`) VALUES ('7a59cf4c-ff12-49ee-b9c2-ad33dc109e61', '510a737a-3247-4bc7-b4bc-3be07d985a0a', '1'); #start 8988345 end 9036268 time 2021-08-05 10:37:55
INSERT INTO `keycloak`.`CLIENT_SCOPE_CLIENT`(`CLIENT_ID`, `SCOPE_ID`, `DEFAULT_SCOPE`) VALUES ('e7a1a32b-2601-4013-bf6d-8d7f591d3614', '510a737a-3247-4bc7-b4bc-3be07d985a0a', '1'); #start 8988345 end 9036445 time 2021-08-05 10:37:55
INSERT INTO `keycloak`.`CLIENT_SCOPE_CLIENT`(`CLIENT_ID`, `SCOPE_ID`, `DEFAULT_SCOPE`) VALUES ('11816172-57fa-4b14-86a2-b52f6909ad74', '510a737a-3247-4bc7-b4bc-3be07d985a0a', '1'); #start 8988345 end 9036622 time 2021-08-05 10:37:55
INSERT INTO `keycloak`.`CLIENT_SCOPE`(`ID`, `NAME`, `REALM_ID`, `DESCRIPTION`, `PROTOCOL`) VALUES ('16bf5964-64ed-4601-b35b-6fa0d4c70833', 'profile', 'QA', NULL, NULL); #start 8988345 end 9036772 time 2021-08-05 10:37:55
INSERT INTO `keycloak`.`PROTOCOL_MAPPER`(`ID`, `NAME`, `PROTOCOL`, `PROTOCOL_MAPPER_NAME`, `CLIENT_ID`, `CLIENT_SCOPE_ID`) VALUES ('0e1a96aa-37fd-47a9-b53c-c2d7d6973bfc', 'full name', 'openid-connect', 'oidc-full-name-mapper', NULL, '16bf5964-64ed-4601-b35b-6fa0d4c70833'); #start 8988345 end 9037003 time 2021-08-05 10:37:55
INSERT INTO `keycloak`.`PROTOCOL_MAPPER`(`ID`, `NAME`, `PROTOCOL`, `PROTOCOL_MAPPER_NAME`, `CLIENT_ID`, `CLIENT_SCOPE_ID`) VALUES ('41997908-dfa4-46b2-b52a-262476276008', 'family name', 'openid-connect', 'oidc-usermodel-property-mapper', NULL, '16bf5964-64ed-4601-b35b-6fa0d4c70833'); #start 8988345 end 9037245 time 2021-08-05 10:37:55
INSERT INTO `keycloak`.`PROTOCOL_MAPPER`(`ID`, `NAME`, `PROTOCOL`, `PROTOCOL_MAPPER_NAME`, `CLIENT_ID`, `CLIENT_SCOPE_ID`) VALUES ('59b9b22b-f7db-44c0-bfef-a1310b393116', 'given name', 'openid-connect', 'oidc-usermodel-property-mapper', NULL, '16bf5964-64ed-4601-b35b-6fa0d4c70833'); #start 8988345 end 9037486 time 2021-08-05 10:37:55
INSERT INTO `keycloak`.`PROTOCOL_MAPPER`(`ID`, `NAME`, `PROTOCOL`, `PROTOCOL_MAPPER_NAME`, `CLIENT_ID`, `CLIENT_SCOPE_ID`) VALUES ('9fcd0d07-60ee-490e-87b4-9a4547facd49', 'middle name', 'openid-connect', 'oidc-usermodel-attribute-mapper', NULL, '16bf5964-64ed-4601-b35b-6fa0d4c70833'); #start 8988345 end 9037729 time 2021-08-05 10:37:55
INSERT INTO `keycloak`.`PROTOCOL_MAPPER`(`ID`, `NAME`, `PROTOCOL`, `PROTOCOL_MAPPER_NAME`, `CLIENT_ID`, `CLIENT_SCOPE_ID`) VALUES ('319a9525-cdb6-478a-adbc-af67441cce24', 'nickname', 'openid-connect', 'oidc-usermodel-attribute-mapper', NULL, '16bf5964-64ed-4601-b35b-6fa0d4c70833'); #start 8988345 end 9037969 time 2021-08-05 10:37:55
INSERT INTO `keycloak`.`PROTOCOL_MAPPER`(`ID`, `NAME`, `PROTOCOL`, `PROTOCOL_MAPPER_NAME`, `CLIENT_ID`, `CLIENT_SCOPE_ID`) VALUES ('e3dd4506-236f-4dcf-857e-636b1e5286f2', 'username', 'openid-connect', 'oidc-usermodel-property-mapper', NULL, '16bf5964-64ed-4601-b35b-6fa0d4c70833'); #start 8988345 end 9038208 time 2021-08-05 10:37:55
INSERT INTO `keycloak`.`PROTOCOL_MAPPER`(`ID`, `NAME`, `PROTOCOL`, `PROTOCOL_MAPPER_NAME`, `CLIENT_ID`, `CLIENT_SCOPE_ID`) VALUES ('1c4343bb-b2af-41ce-866a-79fcf76d0c34', 'profile', 'openid-connect', 'oidc-usermodel-attribute-mapper', NULL, '16bf5964-64ed-4601-b35b-6fa0d4c70833'); #start 8988345 end 9038447 time 2021-08-05 10:37:55
INSERT INTO `keycloak`.`PROTOCOL_MAPPER`(`ID`, `NAME`, `PROTOCOL`, `PROTOCOL_MAPPER_NAME`, `CLIENT_ID`, `CLIENT_SCOPE_ID`) VALUES ('e46413df-9c4a-4e2d-943e-912f0b1dccde', 'picture', 'openid-connect', 'oidc-usermodel-attribute-mapper', NULL, '16bf5964-64ed-4601-b35b-6fa0d4c70833'); #start 8988345 end 9038686 time 2021-08-05 10:37:55
INSERT INTO `keycloak`.`PROTOCOL_MAPPER`(`ID`, `NAME`, `PROTOCOL`, `PROTOCOL_MAPPER_NAME`, `CLIENT_ID`, `CLIENT_SCOPE_ID`) VALUES ('55850ae6-ad11-45dd-932d-55e3317c2841', 'website', 'openid-connect', 'oidc-usermodel-attribute-mapper', NULL, '16bf5964-64ed-4601-b35b-6fa0d4c70833'); #start 8988345 end 9038925 time 2021-08-05 10:37:55
INSERT INTO `keycloak`.`PROTOCOL_MAPPER`(`ID`, `NAME`, `PROTOCOL`, `PROTOCOL_MAPPER_NAME`, `CLIENT_ID`, `CLIENT_SCOPE_ID`) VALUES ('eec9a2d2-ae29-4887-95f7-bd9dabb54963', 'gender', 'openid-connect', 'oidc-usermodel-attribute-mapper', NULL, '16bf5964-64ed-4601-b35b-6fa0d4c70833'); #start 8988345 end 9039163 time 2021-08-05 10:37:55
INSERT INTO `keycloak`.`PROTOCOL_MAPPER`(`ID`, `NAME`, `PROTOCOL`, `PROTOCOL_MAPPER_NAME`, `CLIENT_ID`, `CLIENT_SCOPE_ID`) VALUES ('3f14516f-a64c-4ea6-bcd4-d08412b89a56', 'birthdate', 'openid-connect', 'oidc-usermodel-attribute-mapper', NULL, '16bf5964-64ed-4601-b35b-6fa0d4c70833'); #start 8988345 end 9039404 time 2021-08-05 10:37:55
INSERT INTO `keycloak`.`PROTOCOL_MAPPER`(`ID`, `NAME`, `PROTOCOL`, `PROTOCOL_MAPPER_NAME`, `CLIENT_ID`, `CLIENT_SCOPE_ID`) VALUES ('c57b8538-da80-4f07-ac6a-f4a86325f949', 'zoneinfo', 'openid-connect', 'oidc-usermodel-attribute-mapper', NULL, '16bf5964-64ed-4601-b35b-6fa0d4c70833'); #start 8988345 end 9039644 time 2021-08-05 10:37:55
INSERT INTO `keycloak`.`PROTOCOL_MAPPER`(`ID`, `NAME`, `PROTOCOL`, `PROTOCOL_MAPPER_NAME`, `CLIENT_ID`, `CLIENT_SCOPE_ID`) VALUES ('c0cadb5b-8e6d-4472-a6c3-c01da8060edd', 'locale', 'openid-connect', 'oidc-usermodel-attribute-mapper', NULL, '16bf5964-64ed-4601-b35b-6fa0d4c70833'); #start 8988345 end 9039882 time 2021-08-05 10:37:55
INSERT INTO `keycloak`.`PROTOCOL_MAPPER`(`ID`, `NAME`, `PROTOCOL`, `PROTOCOL_MAPPER_NAME`, `CLIENT_ID`, `CLIENT_SCOPE_ID`) VALUES ('4d6d1061-6094-43c1-80b2-c7f667c46bcf', 'updated at', 'openid-connect', 'oidc-usermodel-attribute-mapper', NULL, '16bf5964-64ed-4601-b35b-6fa0d4c70833'); #start 8988345 end 9040124 time 2021-08-05 10:37:55
INSERT INTO `keycloak`.`CLIENT_SCOPE`(`ID`, `NAME`, `REALM_ID`, `DESCRIPTION`, `PROTOCOL`) VALUES ('48dc2f86-5c25-4cc4-b6bc-842d86ad8ffd', 'email', 'QA', NULL, NULL); #start 8988345 end 9040272 time 2021-08-05 10:37:55
UPDATE `keycloak`.`CLIENT_SCOPE` SET `ID`='16bf5964-64ed-4601-b35b-6fa0d4c70833', `NAME`='profile', `REALM_ID`='QA', `DESCRIPTION`='OpenID Connect built-in scope: profile', `PROTOCOL`='openid-connect' WHERE `ID`='16bf5964-64ed-4601-b35b-6fa0d4c70833' AND `NAME`='profile' AND `REALM_ID`='QA' AND `DESCRIPTION` IS NULL AND `PROTOCOL` IS NULL LIMIT 1; #start 8988345 end 9040529 time 2021-08-05 10:37:55
INSERT INTO `keycloak`.`CLIENT_SCOPE_ATTRIBUTES`(`SCOPE_ID`, `VALUE`, `NAME`) VALUES ('16bf5964-64ed-4601-b35b-6fa0d4c70833', '${profileScopeConsentText}', 'consent.screen.text'); #start 8988345 end 9040721 time 2021-08-05 10:37:55
INSERT INTO `keycloak`.`CLIENT_SCOPE_ATTRIBUTES`(`SCOPE_ID`, `VALUE`, `NAME`) VALUES ('16bf5964-64ed-4601-b35b-6fa0d4c70833', 'true', 'display.on.consent.screen'); #start 8988345 end 9040897 time 2021-08-05 10:37:55
INSERT INTO `keycloak`.`PROTOCOL_MAPPER_CONFIG`(`PROTOCOL_MAPPER_ID`, `VALUE`, `NAME`) VALUES ('0e1a96aa-37fd-47a9-b53c-c2d7d6973bfc', 'true', 'userinfo.token.claim'); #start 8988345 end 9041068 time 2021-08-05 10:37:55
INSERT INTO `keycloak`.`PROTOCOL_MAPPER_CONFIG`(`PROTOCOL_MAPPER_ID`, `VALUE`, `NAME`) VALUES ('0e1a96aa-37fd-47a9-b53c-c2d7d6973bfc', 'true', 'id.token.claim'); #start 8988345 end 9041233 time 2021-08-05 10:37:55
INSERT INTO `keycloak`.`PROTOCOL_MAPPER_CONFIG`(`PROTOCOL_MAPPER_ID`, `VALUE`, `NAME`) VALUES ('0e1a96aa-37fd-47a9-b53c-c2d7d6973bfc', 'true', 'access.token.claim'); #start 8988345 end 9041402 time 2021-08-05 10:37:55
INSERT INTO `keycloak`.`PROTOCOL_MAPPER_CONFIG`(`PROTOCOL_MAPPER_ID`, `VALUE`, `NAME`) VALUES ('41997908-dfa4-46b2-b52a-262476276008', 'true', 'userinfo.token.claim'); #start 8988345 end 9041573 time 2021-08-05 10:37:55
INSERT INTO `keycloak`.`PROTOCOL_MAPPER_CONFIG`(`PROTOCOL_MAPPER_ID`, `VALUE`, `NAME`) VALUES ('41997908-dfa4-46b2-b52a-262476276008', 'lastName', 'user.attribute'); #start 8988345 end 9041742 time 2021-08-05 10:37:55
INSERT INTO `keycloak`.`PROTOCOL_MAPPER_CONFIG`(`PROTOCOL_MAPPER_ID`, `VALUE`, `NAME`) VALUES ('41997908-dfa4-46b2-b52a-262476276008', 'true', 'id.token.claim'); #start 8988345 end 9041907 time 2021-08-05 10:37:55
INSERT INTO `keycloak`.`PROTOCOL_MAPPER_CONFIG`(`PROTOCOL_MAPPER_ID`, `VALUE`, `NAME`) VALUES ('41997908-dfa4-46b2-b52a-262476276008', 'true', 'access.token.claim'); #start 8988345 end 9042076 time 2021-08-05 10:37:55
INSERT INTO `keycloak`.`PROTOCOL_MAPPER_CONFIG`(`PROTOCOL_MAPPER_ID`, `VALUE`, `NAME`) VALUES ('41997908-dfa4-46b2-b52a-262476276008', 'family_name', 'claim.name'); #start 8988345 end 9042244 time 2021-08-05 10:37:55
INSERT INTO `keycloak`.`PROTOCOL_MAPPER_CONFIG`(`PROTOCOL_MAPPER_ID`, `VALUE`, `NAME`) VALUES ('41997908-dfa4-46b2-b52a-262476276008', 'String', 'jsonType.label'); #start 8988345 end 9042411 time 2021-08-05 10:37:55
INSERT INTO `keycloak`.`PROTOCOL_MAPPER_CONFIG`(`PROTOCOL_MAPPER_ID`, `VALUE`, `NAME`) VALUES ('59b9b22b-f7db-44c0-bfef-a1310b393116', 'true', 'userinfo.token.claim'); #start 8988345 end 9042582 time 2021-08-05 10:37:55
INSERT INTO `keycloak`.`PROTOCOL_MAPPER_CONFIG`(`PROTOCOL_MAPPER_ID`, `VALUE`, `NAME`) VALUES ('59b9b22b-f7db-44c0-bfef-a1310b393116', 'firstName', 'user.attribute'); #start 8988345 end 9042752 time 2021-08-05 10:37:55
INSERT INTO `keycloak`.`PROTOCOL_MAPPER_CONFIG`(`PROTOCOL_MAPPER_ID`, `VALUE`, `NAME`) VALUES ('59b9b22b-f7db-44c0-bfef-a1310b393116', 'true', 'id.token.claim'); #start 8988345 end 9042917 time 2021-08-05 10:37:55
INSERT INTO `keycloak`.`PROTOCOL_MAPPER_CONFIG`(`PROTOCOL_MAPPER_ID`, `VALUE`, `NAME`) VALUES ('59b9b22b-f7db-44c0-bfef-a1310b393116', 'true', 'access.token.claim'); #start 8988345 end 9043086 time 2021-08-05 10:37:55
INSERT INTO `keycloak`.`PROTOCOL_MAPPER_CONFIG`(`PROTOCOL_MAPPER_ID`, `VALUE`, `NAME`) VALUES ('59b9b22b-f7db-44c0-bfef-a1310b393116', 'given_name', 'claim.name'); #start 8988345 end 9043253 time 2021-08-05 10:37:55
INSERT INTO `keycloak`.`PROTOCOL_MAPPER_CONFIG`(`PROTOCOL_MAPPER_ID`, `VALUE`, `NAME`) VALUES ('59b9b22b-f7db-44c0-bfef-a1310b393116', 'String', 'jsonType.label'); #start 8988345 end 9043420 time 2021-08-05 10:37:55
INSERT INTO `keycloak`.`PROTOCOL_MAPPER_CONFIG`(`PROTOCOL_MAPPER_ID`, `VALUE`, `NAME`) VALUES ('9fcd0d07-60ee-490e-87b4-9a4547facd49', 'true', 'userinfo.token.claim'); #start 8988345 end 9043591 time 2021-08-05 10:37:55
INSERT INTO `keycloak`.`PROTOCOL_MAPPER_CONFIG`(`PROTOCOL_MAPPER_ID`, `VALUE`, `NAME`) VALUES ('9fcd0d07-60ee-490e-87b4-9a4547facd49', 'middleName', 'user.attribute'); #start 8988345 end 9043762 time 2021-08-05 10:37:55
INSERT INTO `keycloak`.`PROTOCOL_MAPPER_CONFIG`(`PROTOCOL_MAPPER_ID`, `VALUE`, `NAME`) VALUES ('9fcd0d07-60ee-490e-87b4-9a4547facd49', 'true', 'id.token.claim'); #start 8988345 end 9043927 time 2021-08-05 10:37:55
INSERT INTO `keycloak`.`PROTOCOL_MAPPER_CONFIG`(`PROTOCOL_MAPPER_ID`, `VALUE`, `NAME`) VALUES ('9fcd0d07-60ee-490e-87b4-9a4547facd49', 'true', 'access.token.claim'); #start 8988345 end 9044096 time 2021-08-05 10:37:55
INSERT INTO `keycloak`.`PROTOCOL_MAPPER_CONFIG`(`PROTOCOL_MAPPER_ID`, `VALUE`, `NAME`) VALUES ('9fcd0d07-60ee-490e-87b4-9a4547facd49', 'middle_name', 'claim.name'); #start 8988345 end 9044264 time 2021-08-05 10:37:55
INSERT INTO `keycloak`.`PROTOCOL_MAPPER_CONFIG`(`PROTOCOL_MAPPER_ID`, `VALUE`, `NAME`) VALUES ('9fcd0d07-60ee-490e-87b4-9a4547facd49', 'String', 'jsonType.label'); #start 8988345 end 9044431 time 2021-08-05 10:37:55
INSERT INTO `keycloak`.`PROTOCOL_MAPPER_CONFIG`(`PROTOCOL_MAPPER_ID`, `VALUE`, `NAME`) VALUES ('319a9525-cdb6-478a-adbc-af67441cce24', 'true', 'userinfo.token.claim'); #start 8988345 end 9044602 time 2021-08-05 10:37:55
INSERT INTO `keycloak`.`PROTOCOL_MAPPER_CONFIG`(`PROTOCOL_MAPPER_ID`, `VALUE`, `NAME`) VALUES ('319a9525-cdb6-478a-adbc-af67441cce24', 'nickname', 'user.attribute'); #start 8988345 end 9044771 time 2021-08-05 10:37:55
INSERT INTO `keycloak`.`PROTOCOL_MAPPER_CONFIG`(`PROTOCOL_MAPPER_ID`, `VALUE`, `NAME`) VALUES ('319a9525-cdb6-478a-adbc-af67441cce24', 'true', 'id.token.claim'); #start 8988345 end 9044936 time 2021-08-05 10:37:55
INSERT INTO `keycloak`.`PROTOCOL_MAPPER_CONFIG`(`PROTOCOL_MAPPER_ID`, `VALUE`, `NAME`) VALUES ('319a9525-cdb6-478a-adbc-af67441cce24', 'true', 'access.token.claim'); #start 8988345 end 9045105 time 2021-08-05 10:37:55
INSERT INTO `keycloak`.`PROTOCOL_MAPPER_CONFIG`(`PROTOCOL_MAPPER_ID`, `VALUE`, `NAME`) VALUES ('319a9525-cdb6-478a-adbc-af67441cce24', 'nickname', 'claim.name'); #start 8988345 end 9045270 time 2021-08-05 10:37:55
INSERT INTO `keycloak`.`PROTOCOL_MAPPER_CONFIG`(`PROTOCOL_MAPPER_ID`, `VALUE`, `NAME`) VALUES ('319a9525-cdb6-478a-adbc-af67441cce24', 'String', 'jsonType.label'); #start 8988345 end 9045437 time 2021-08-05 10:37:55
INSERT INTO `keycloak`.`PROTOCOL_MAPPER_CONFIG`(`PROTOCOL_MAPPER_ID`, `VALUE`, `NAME`) VALUES ('e3dd4506-236f-4dcf-857e-636b1e5286f2', 'true', 'userinfo.token.claim'); #start 8988345 end 9045608 time 2021-08-05 10:37:55
INSERT INTO `keycloak`.`PROTOCOL_MAPPER_CONFIG`(`PROTOCOL_MAPPER_ID`, `VALUE`, `NAME`) VALUES ('e3dd4506-236f-4dcf-857e-636b1e5286f2', 'username', 'user.attribute'); #start 8988345 end 9045777 time 2021-08-05 10:37:55
INSERT INTO `keycloak`.`PROTOCOL_MAPPER_CONFIG`(`PROTOCOL_MAPPER_ID`, `VALUE`, `NAME`) VALUES ('e3dd4506-236f-4dcf-857e-636b1e5286f2', 'true', 'id.token.claim'); #start 8988345 end 9045942 time 2021-08-05 10:37:55
INSERT INTO `keycloak`.`PROTOCOL_MAPPER_CONFIG`(`PROTOCOL_MAPPER_ID`, `VALUE`, `NAME`) VALUES ('e3dd4506-236f-4dcf-857e-636b1e5286f2', 'true', 'access.token.claim'); #start 8988345 end 9046111 time 2021-08-05 10:37:55
INSERT INTO `keycloak`.`PROTOCOL_MAPPER_CONFIG`(`PROTOCOL_MAPPER_ID`, `VALUE`, `NAME`) VALUES ('e3dd4506-236f-4dcf-857e-636b1e5286f2', 'preferred_username', 'claim.name'); #start 8988345 end 9046286 time 2021-08-05 10:37:55
INSERT INTO `keycloak`.`PROTOCOL_MAPPER_CONFIG`(`PROTOCOL_MAPPER_ID`, `VALUE`, `NAME`) VALUES ('e3dd4506-236f-4dcf-857e-636b1e5286f2', 'String', 'jsonType.label'); #start 8988345 end 9046453 time 2021-08-05 10:37:55
INSERT INTO `keycloak`.`PROTOCOL_MAPPER_CONFIG`(`PROTOCOL_MAPPER_ID`, `VALUE`, `NAME`) VALUES ('1c4343bb-b2af-41ce-866a-79fcf76d0c34', 'true', 'userinfo.token.claim'); #start 8988345 end 9046624 time 2021-08-05 10:37:55
INSERT INTO `keycloak`.`PROTOCOL_MAPPER_CONFIG`(`PROTOCOL_MAPPER_ID`, `VALUE`, `NAME`) VALUES ('1c4343bb-b2af-41ce-866a-79fcf76d0c34', 'profile', 'user.attribute'); #start 8988345 end 9046792 time 2021-08-05 10:37:55
INSERT INTO `keycloak`.`PROTOCOL_MAPPER_CONFIG`(`PROTOCOL_MAPPER_ID`, `VALUE`, `NAME`) VALUES ('1c4343bb-b2af-41ce-866a-79fcf76d0c34', 'true', 'id.token.claim'); #start 8988345 end 9046957 time 2021-08-05 10:37:55
INSERT INTO `keycloak`.`PROTOCOL_MAPPER_CONFIG`(`PROTOCOL_MAPPER_ID`, `VALUE`, `NAME`) VALUES ('1c4343bb-b2af-41ce-866a-79fcf76d0c34', 'true', 'access.token.claim'); #start 8988345 end 9047126 time 2021-08-05 10:37:55
INSERT INTO `keycloak`.`PROTOCOL_MAPPER_CONFIG`(`PROTOCOL_MAPPER_ID`, `VALUE`, `NAME`) VALUES ('1c4343bb-b2af-41ce-866a-79fcf76d0c34', 'profile', 'claim.name'); #start 8988345 end 9047290 time 2021-08-05 10:37:55
INSERT INTO `keycloak`.`PROTOCOL_MAPPER_CONFIG`(`PROTOCOL_MAPPER_ID`, `VALUE`, `NAME`) VALUES ('1c4343bb-b2af-41ce-866a-79fcf76d0c34', 'String', 'jsonType.label'); #start 8988345 end 9047457 time 2021-08-05 10:37:55
INSERT INTO `keycloak`.`PROTOCOL_MAPPER_CONFIG`(`PROTOCOL_MAPPER_ID`, `VALUE`, `NAME`) VALUES ('e46413df-9c4a-4e2d-943e-912f0b1dccde', 'true', 'userinfo.token.claim'); #start 8988345 end 9047628 time 2021-08-05 10:37:55
INSERT INTO `keycloak`.`PROTOCOL_MAPPER_CONFIG`(`PROTOCOL_MAPPER_ID`, `VALUE`, `NAME`) VALUES ('e46413df-9c4a-4e2d-943e-912f0b1dccde', 'picture', 'user.attribute'); #start 8988345 end 9047796 time 2021-08-05 10:37:55
INSERT INTO `keycloak`.`PROTOCOL_MAPPER_CONFIG`(`PROTOCOL_MAPPER_ID`, `VALUE`, `NAME`) VALUES ('e46413df-9c4a-4e2d-943e-912f0b1dccde', 'true', 'id.token.claim'); #start 8988345 end 9047961 time 2021-08-05 10:37:55
INSERT INTO `keycloak`.`PROTOCOL_MAPPER_CONFIG`(`PROTOCOL_MAPPER_ID`, `VALUE`, `NAME`) VALUES ('e46413df-9c4a-4e2d-943e-912f0b1dccde', 'true', 'access.token.claim'); #start 8988345 end 9048130 time 2021-08-05 10:37:55
INSERT INTO `keycloak`.`PROTOCOL_MAPPER_CONFIG`(`PROTOCOL_MAPPER_ID`, `VALUE`, `NAME`) VALUES ('e46413df-9c4a-4e2d-943e-912f0b1dccde', 'picture', 'claim.name'); #start 8988345 end 9048294 time 2021-08-05 10:37:55
INSERT INTO `keycloak`.`PROTOCOL_MAPPER_CONFIG`(`PROTOCOL_MAPPER_ID`, `VALUE`, `NAME`) VALUES ('e46413df-9c4a-4e2d-943e-912f0b1dccde', 'String', 'jsonType.label'); #start 8988345 end 9048461 time 2021-08-05 10:37:55
INSERT INTO `keycloak`.`PROTOCOL_MAPPER_CONFIG`(`PROTOCOL_MAPPER_ID`, `VALUE`, `NAME`) VALUES ('55850ae6-ad11-45dd-932d-55e3317c2841', 'true', 'userinfo.token.claim'); #start 8988345 end 9048632 time 2021-08-05 10:37:55
INSERT INTO `keycloak`.`PROTOCOL_MAPPER_CONFIG`(`PROTOCOL_MAPPER_ID`, `VALUE`, `NAME`) VALUES ('55850ae6-ad11-45dd-932d-55e3317c2841', 'website', 'user.attribute'); #start 8988345 end 9048800 time 2021-08-05 10:37:55
INSERT INTO `keycloak`.`PROTOCOL_MAPPER_CONFIG`(`PROTOCOL_MAPPER_ID`, `VALUE`, `NAME`) VALUES ('55850ae6-ad11-45dd-932d-55e3317c2841', 'true', 'id.token.claim'); #start 8988345 end 9048965 time 2021-08-05 10:37:55
INSERT INTO `keycloak`.`PROTOCOL_MAPPER_CONFIG`(`PROTOCOL_MAPPER_ID`, `VALUE`, `NAME`) VALUES ('55850ae6-ad11-45dd-932d-55e3317c2841', 'true', 'access.token.claim'); #start 8988345 end 9049134 time 2021-08-05 10:37:55
INSERT INTO `keycloak`.`PROTOCOL_MAPPER_CONFIG`(`PROTOCOL_MAPPER_ID`, `VALUE`, `NAME`) VALUES ('55850ae6-ad11-45dd-932d-55e3317c2841', 'website', 'claim.name'); #start 8988345 end 9049298 time 2021-08-05 10:37:55
INSERT INTO `keycloak`.`PROTOCOL_MAPPER_CONFIG`(`PROTOCOL_MAPPER_ID`, `VALUE`, `NAME`) VALUES ('55850ae6-ad11-45dd-932d-55e3317c2841', 'String', 'jsonType.label'); #start 8988345 end 9049465 time 2021-08-05 10:37:55
INSERT INTO `keycloak`.`PROTOCOL_MAPPER_CONFIG`(`PROTOCOL_MAPPER_ID`, `VALUE`, `NAME`) VALUES ('eec9a2d2-ae29-4887-95f7-bd9dabb54963', 'true', 'userinfo.token.claim'); #start 8988345 end 9049636 time 2021-08-05 10:37:55
INSERT INTO `keycloak`.`PROTOCOL_MAPPER_CONFIG`(`PROTOCOL_MAPPER_ID`, `VALUE`, `NAME`) VALUES ('eec9a2d2-ae29-4887-95f7-bd9dabb54963', 'gender', 'user.attribute'); #start 8988345 end 9049803 time 2021-08-05 10:37:55
INSERT INTO `keycloak`.`PROTOCOL_MAPPER_CONFIG`(`PROTOCOL_MAPPER_ID`, `VALUE`, `NAME`) VALUES ('eec9a2d2-ae29-4887-95f7-bd9dabb54963', 'true', 'id.token.claim'); #start 8988345 end 9049968 time 2021-08-05 10:37:55
INSERT INTO `keycloak`.`PROTOCOL_MAPPER_CONFIG`(`PROTOCOL_MAPPER_ID`, `VALUE`, `NAME`) VALUES ('eec9a2d2-ae29-4887-95f7-bd9dabb54963', 'true', 'access.token.claim'); #start 8988345 end 9050137 time 2021-08-05 10:37:55
INSERT INTO `keycloak`.`PROTOCOL_MAPPER_CONFIG`(`PROTOCOL_MAPPER_ID`, `VALUE`, `NAME`) VALUES ('eec9a2d2-ae29-4887-95f7-bd9dabb54963', 'gender', 'claim.name'); #start 8988345 end 9050300 time 2021-08-05 10:37:55
INSERT INTO `keycloak`.`PROTOCOL_MAPPER_CONFIG`(`PROTOCOL_MAPPER_ID`, `VALUE`, `NAME`) VALUES ('eec9a2d2-ae29-4887-95f7-bd9dabb54963', 'String', 'jsonType.label'); #start 8988345 end 9050467 time 2021-08-05 10:37:55
INSERT INTO `keycloak`.`PROTOCOL_MAPPER_CONFIG`(`PROTOCOL_MAPPER_ID`, `VALUE`, `NAME`) VALUES ('3f14516f-a64c-4ea6-bcd4-d08412b89a56', 'true', 'userinfo.token.claim'); #start 8988345 end 9050638 time 2021-08-05 10:37:55
INSERT INTO `keycloak`.`PROTOCOL_MAPPER_CONFIG`(`PROTOCOL_MAPPER_ID`, `VALUE`, `NAME`) VALUES ('3f14516f-a64c-4ea6-bcd4-d08412b89a56', 'birthdate', 'user.attribute'); #start 8988345 end 9050808 time 2021-08-05 10:37:55
INSERT INTO `keycloak`.`PROTOCOL_MAPPER_CONFIG`(`PROTOCOL_MAPPER_ID`, `VALUE`, `NAME`) VALUES ('3f14516f-a64c-4ea6-bcd4-d08412b89a56', 'true', 'id.token.claim'); #start 8988345 end 9050973 time 2021-08-05 10:37:55
INSERT INTO `keycloak`.`PROTOCOL_MAPPER_CONFIG`(`PROTOCOL_MAPPER_ID`, `VALUE`, `NAME`) VALUES ('3f14516f-a64c-4ea6-bcd4-d08412b89a56', 'true', 'access.token.claim'); #start 8988345 end 9051142 time 2021-08-05 10:37:55
INSERT INTO `keycloak`.`PROTOCOL_MAPPER_CONFIG`(`PROTOCOL_MAPPER_ID`, `VALUE`, `NAME`) VALUES ('3f14516f-a64c-4ea6-bcd4-d08412b89a56', 'birthdate', 'claim.name'); #start 8988345 end 9051308 time 2021-08-05 10:37:55
INSERT INTO `keycloak`.`PROTOCOL_MAPPER_CONFIG`(`PROTOCOL_MAPPER_ID`, `VALUE`, `NAME`) VALUES ('3f14516f-a64c-4ea6-bcd4-d08412b89a56', 'String', 'jsonType.label'); #start 8988345 end 9051475 time 2021-08-05 10:37:55
INSERT INTO `keycloak`.`PROTOCOL_MAPPER_CONFIG`(`PROTOCOL_MAPPER_ID`, `VALUE`, `NAME`) VALUES ('c57b8538-da80-4f07-ac6a-f4a86325f949', 'true', 'userinfo.token.claim'); #start 8988345 end 9051646 time 2021-08-05 10:37:55
INSERT INTO `keycloak`.`PROTOCOL_MAPPER_CONFIG`(`PROTOCOL_MAPPER_ID`, `VALUE`, `NAME`) VALUES ('c57b8538-da80-4f07-ac6a-f4a86325f949', 'zoneinfo', 'user.attribute'); #start 8988345 end 9051815 time 2021-08-05 10:37:55
INSERT INTO `keycloak`.`PROTOCOL_MAPPER_CONFIG`(`PROTOCOL_MAPPER_ID`, `VALUE`, `NAME`) VALUES ('c57b8538-da80-4f07-ac6a-f4a86325f949', 'true', 'id.token.claim'); #start 8988345 end 9051980 time 2021-08-05 10:37:55
INSERT INTO `keycloak`.`PROTOCOL_MAPPER_CONFIG`(`PROTOCOL_MAPPER_ID`, `VALUE`, `NAME`) VALUES ('c57b8538-da80-4f07-ac6a-f4a86325f949', 'true', 'access.token.claim'); #start 8988345 end 9052149 time 2021-08-05 10:37:55
INSERT INTO `keycloak`.`PROTOCOL_MAPPER_CONFIG`(`PROTOCOL_MAPPER_ID`, `VALUE`, `NAME`) VALUES ('c57b8538-da80-4f07-ac6a-f4a86325f949', 'zoneinfo', 'claim.name'); #start 8988345 end 9052314 time 2021-08-05 10:37:55
INSERT INTO `keycloak`.`PROTOCOL_MAPPER_CONFIG`(`PROTOCOL_MAPPER_ID`, `VALUE`, `NAME`) VALUES ('c57b8538-da80-4f07-ac6a-f4a86325f949', 'String', 'jsonType.label'); #start 8988345 end 9052481 time 2021-08-05 10:37:56
INSERT INTO `keycloak`.`PROTOCOL_MAPPER_CONFIG`(`PROTOCOL_MAPPER_ID`, `VALUE`, `NAME`) VALUES ('c0cadb5b-8e6d-4472-a6c3-c01da8060edd', 'true', 'userinfo.token.claim'); #start 8988345 end 9052652 time 2021-08-05 10:37:56
INSERT INTO `keycloak`.`PROTOCOL_MAPPER_CONFIG`(`PROTOCOL_MAPPER_ID`, `VALUE`, `NAME`) VALUES ('c0cadb5b-8e6d-4472-a6c3-c01da8060edd', 'locale', 'user.attribute'); #start 8988345 end 9052819 time 2021-08-05 10:37:56
INSERT INTO `keycloak`.`PROTOCOL_MAPPER_CONFIG`(`PROTOCOL_MAPPER_ID`, `VALUE`, `NAME`) VALUES ('c0cadb5b-8e6d-4472-a6c3-c01da8060edd', 'true', 'id.token.claim'); #start 8988345 end 9052984 time 2021-08-05 10:37:56
INSERT INTO `keycloak`.`PROTOCOL_MAPPER_CONFIG`(`PROTOCOL_MAPPER_ID`, `VALUE`, `NAME`) VALUES ('c0cadb5b-8e6d-4472-a6c3-c01da8060edd', 'true', 'access.token.claim'); #start 8988345 end 9053153 time 2021-08-05 10:37:56
INSERT INTO `keycloak`.`PROTOCOL_MAPPER_CONFIG`(`PROTOCOL_MAPPER_ID`, `VALUE`, `NAME`) VALUES ('c0cadb5b-8e6d-4472-a6c3-c01da8060edd', 'locale', 'claim.name'); #start 8988345 end 9053316 time 2021-08-05 10:37:56
INSERT INTO `keycloak`.`PROTOCOL_MAPPER_CONFIG`(`PROTOCOL_MAPPER_ID`, `VALUE`, `NAME`) VALUES ('c0cadb5b-8e6d-4472-a6c3-c01da8060edd', 'String', 'jsonType.label'); #start 8988345 end 9053483 time 2021-08-05 10:37:56
INSERT INTO `keycloak`.`PROTOCOL_MAPPER_CONFIG`(`PROTOCOL_MAPPER_ID`, `VALUE`, `NAME`) VALUES ('4d6d1061-6094-43c1-80b2-c7f667c46bcf', 'true', 'userinfo.token.claim'); #start 8988345 end 9053654 time 2021-08-05 10:37:56
INSERT INTO `keycloak`.`PROTOCOL_MAPPER_CONFIG`(`PROTOCOL_MAPPER_ID`, `VALUE`, `NAME`) VALUES ('4d6d1061-6094-43c1-80b2-c7f667c46bcf', 'updatedAt', 'user.attribute'); #start 8988345 end 9053824 time 2021-08-05 10:37:56
INSERT INTO `keycloak`.`PROTOCOL_MAPPER_CONFIG`(`PROTOCOL_MAPPER_ID`, `VALUE`, `NAME`) VALUES ('4d6d1061-6094-43c1-80b2-c7f667c46bcf', 'true', 'id.token.claim'); #start 8988345 end 9053989 time 2021-08-05 10:37:56
INSERT INTO `keycloak`.`PROTOCOL_MAPPER_CONFIG`(`PROTOCOL_MAPPER_ID`, `VALUE`, `NAME`) VALUES ('4d6d1061-6094-43c1-80b2-c7f667c46bcf', 'true', 'access.token.claim'); #start 8988345 end 9054158 time 2021-08-05 10:37:56
INSERT INTO `keycloak`.`PROTOCOL_MAPPER_CONFIG`(`PROTOCOL_MAPPER_ID`, `VALUE`, `NAME`) VALUES ('4d6d1061-6094-43c1-80b2-c7f667c46bcf', 'updated_at', 'claim.name'); #start 8988345 end 9054325 time 2021-08-05 10:37:56
INSERT INTO `keycloak`.`PROTOCOL_MAPPER_CONFIG`(`PROTOCOL_MAPPER_ID`, `VALUE`, `NAME`) VALUES ('4d6d1061-6094-43c1-80b2-c7f667c46bcf', 'String', 'jsonType.label'); #start 8988345 end 9054492 time 2021-08-05 10:37:56
INSERT INTO `keycloak`.`PROTOCOL_MAPPER`(`ID`, `NAME`, `PROTOCOL`, `PROTOCOL_MAPPER_NAME`, `CLIENT_ID`, `CLIENT_SCOPE_ID`) VALUES ('614ede50-713a-48a4-807f-605af3afad0f', 'email', 'openid-connect', 'oidc-usermodel-property-mapper', NULL, '48dc2f86-5c25-4cc4-b6bc-842d86ad8ffd'); #start 8988345 end 9054728 time 2021-08-05 10:37:56
INSERT INTO `keycloak`.`PROTOCOL_MAPPER`(`ID`, `NAME`, `PROTOCOL`, `PROTOCOL_MAPPER_NAME`, `CLIENT_ID`, `CLIENT_SCOPE_ID`) VALUES ('20220398-34d3-4f10-a79a-599608606f2c', 'email verified', 'openid-connect', 'oidc-usermodel-property-mapper', NULL, '48dc2f86-5c25-4cc4-b6bc-842d86ad8ffd'); #start 8988345 end 9054973 time 2021-08-05 10:37:56
INSERT INTO `keycloak`.`CLIENT_SCOPE`(`ID`, `NAME`, `REALM_ID`, `DESCRIPTION`, `PROTOCOL`) VALUES ('e93f397d-ca79-401d-a499-76549b76d911', 'address', 'QA', NULL, NULL); #start 8988345 end 9055123 time 2021-08-05 10:37:56
UPDATE `keycloak`.`CLIENT_SCOPE` SET `ID`='48dc2f86-5c25-4cc4-b6bc-842d86ad8ffd', `NAME`='email', `REALM_ID`='QA', `DESCRIPTION`='OpenID Connect built-in scope: email', `PROTOCOL`='openid-connect' WHERE `ID`='48dc2f86-5c25-4cc4-b6bc-842d86ad8ffd' AND `NAME`='email' AND `REALM_ID`='QA' AND `DESCRIPTION` IS NULL AND `PROTOCOL` IS NULL LIMIT 1; #start 8988345 end 9055374 time 2021-08-05 10:37:56
INSERT INTO `keycloak`.`CLIENT_SCOPE_ATTRIBUTES`(`SCOPE_ID`, `VALUE`, `NAME`) VALUES ('48dc2f86-5c25-4cc4-b6bc-842d86ad8ffd', '${emailScopeConsentText}', 'consent.screen.text'); #start 8988345 end 9055564 time 2021-08-05 10:37:56
INSERT INTO `keycloak`.`CLIENT_SCOPE_ATTRIBUTES`(`SCOPE_ID`, `VALUE`, `NAME`) VALUES ('48dc2f86-5c25-4cc4-b6bc-842d86ad8ffd', 'true', 'display.on.consent.screen'); #start 8988345 end 9055740 time 2021-08-05 10:37:56
INSERT INTO `keycloak`.`PROTOCOL_MAPPER_CONFIG`(`PROTOCOL_MAPPER_ID`, `VALUE`, `NAME`) VALUES ('614ede50-713a-48a4-807f-605af3afad0f', 'true', 'userinfo.token.claim'); #start 8988345 end 9055911 time 2021-08-05 10:37:56
INSERT INTO `keycloak`.`PROTOCOL_MAPPER_CONFIG`(`PROTOCOL_MAPPER_ID`, `VALUE`, `NAME`) VALUES ('614ede50-713a-48a4-807f-605af3afad0f', 'email', 'user.attribute'); #start 8988345 end 9056077 time 2021-08-05 10:37:56
INSERT INTO `keycloak`.`PROTOCOL_MAPPER_CONFIG`(`PROTOCOL_MAPPER_ID`, `VALUE`, `NAME`) VALUES ('614ede50-713a-48a4-807f-605af3afad0f', 'true', 'id.token.claim'); #start 8988345 end 9056242 time 2021-08-05 10:37:56
INSERT INTO `keycloak`.`PROTOCOL_MAPPER_CONFIG`(`PROTOCOL_MAPPER_ID`, `VALUE`, `NAME`) VALUES ('614ede50-713a-48a4-807f-605af3afad0f', 'true', 'access.token.claim'); #start 8988345 end 9056411 time 2021-08-05 10:37:56
INSERT INTO `keycloak`.`PROTOCOL_MAPPER_CONFIG`(`PROTOCOL_MAPPER_ID`, `VALUE`, `NAME`) VALUES ('614ede50-713a-48a4-807f-605af3afad0f', 'email', 'claim.name'); #start 8988345 end 9056573 time 2021-08-05 10:37:56
INSERT INTO `keycloak`.`PROTOCOL_MAPPER_CONFIG`(`PROTOCOL_MAPPER_ID`, `VALUE`, `NAME`) VALUES ('614ede50-713a-48a4-807f-605af3afad0f', 'String', 'jsonType.label'); #start 8988345 end 9056740 time 2021-08-05 10:37:56
INSERT INTO `keycloak`.`PROTOCOL_MAPPER_CONFIG`(`PROTOCOL_MAPPER_ID`, `VALUE`, `NAME`) VALUES ('20220398-34d3-4f10-a79a-599608606f2c', 'true', 'userinfo.token.claim'); #start 8988345 end 9056911 time 2021-08-05 10:37:56
INSERT INTO `keycloak`.`PROTOCOL_MAPPER_CONFIG`(`PROTOCOL_MAPPER_ID`, `VALUE`, `NAME`) VALUES ('20220398-34d3-4f10-a79a-599608606f2c', 'emailVerified', 'user.attribute'); #start 8988345 end 9057085 time 2021-08-05 10:37:56
INSERT INTO `keycloak`.`PROTOCOL_MAPPER_CONFIG`(`PROTOCOL_MAPPER_ID`, `VALUE`, `NAME`) VALUES ('20220398-34d3-4f10-a79a-599608606f2c', 'true', 'id.token.claim'); #start 8988345 end 9057250 time 2021-08-05 10:37:56
INSERT INTO `keycloak`.`PROTOCOL_MAPPER_CONFIG`(`PROTOCOL_MAPPER_ID`, `VALUE`, `NAME`) VALUES ('20220398-34d3-4f10-a79a-599608606f2c', 'true', 'access.token.claim'); #start 8988345 end 9057419 time 2021-08-05 10:37:56
INSERT INTO `keycloak`.`PROTOCOL_MAPPER_CONFIG`(`PROTOCOL_MAPPER_ID`, `VALUE`, `NAME`) VALUES ('20220398-34d3-4f10-a79a-599608606f2c', 'email_verified', 'claim.name'); #start 8988345 end 9057590 time 2021-08-05 10:37:56
INSERT INTO `keycloak`.`PROTOCOL_MAPPER_CONFIG`(`PROTOCOL_MAPPER_ID`, `VALUE`, `NAME`) VALUES ('20220398-34d3-4f10-a79a-599608606f2c', 'boolean', 'jsonType.label'); #start 8988345 end 9057758 time 2021-08-05 10:37:56
INSERT INTO `keycloak`.`PROTOCOL_MAPPER`(`ID`, `NAME`, `PROTOCOL`, `PROTOCOL_MAPPER_NAME`, `CLIENT_ID`, `CLIENT_SCOPE_ID`) VALUES ('7ebce1d9-5e4e-4438-8c77-22e85acf7e9d', 'address', 'openid-connect', 'oidc-address-mapper', NULL, 'e93f397d-ca79-401d-a499-76549b76d911'); #start 8988345 end 9057985 time 2021-08-05 10:37:56
INSERT INTO `keycloak`.`CLIENT_SCOPE`(`ID`, `NAME`, `REALM_ID`, `DESCRIPTION`, `PROTOCOL`) VALUES ('7aa191f5-a0d8-4137-a99c-80490e65d2c4', 'phone', 'QA', NULL, NULL); #start 8988345 end 9058133 time 2021-08-05 10:37:56
UPDATE `keycloak`.`CLIENT_SCOPE` SET `ID`='e93f397d-ca79-401d-a499-76549b76d911', `NAME`='address', `REALM_ID`='QA', `DESCRIPTION`='OpenID Connect built-in scope: address', `PROTOCOL`='openid-connect' WHERE `ID`='e93f397d-ca79-401d-a499-76549b76d911' AND `NAME`='address' AND `REALM_ID`='QA' AND `DESCRIPTION` IS NULL AND `PROTOCOL` IS NULL LIMIT 1; #start 8988345 end 9058390 time 2021-08-05 10:37:56
INSERT INTO `keycloak`.`CLIENT_SCOPE_ATTRIBUTES`(`SCOPE_ID`, `VALUE`, `NAME`) VALUES ('e93f397d-ca79-401d-a499-76549b76d911', '${addressScopeConsentText}', 'consent.screen.text'); #start 8988345 end 9058582 time 2021-08-05 10:37:56
INSERT INTO `keycloak`.`CLIENT_SCOPE_ATTRIBUTES`(`SCOPE_ID`, `VALUE`, `NAME`) VALUES ('e93f397d-ca79-401d-a499-76549b76d911', 'true', 'display.on.consent.screen'); #start 8988345 end 9058758 time 2021-08-05 10:37:56
INSERT INTO `keycloak`.`PROTOCOL_MAPPER_CONFIG`(`PROTOCOL_MAPPER_ID`, `VALUE`, `NAME`) VALUES ('7ebce1d9-5e4e-4438-8c77-22e85acf7e9d', 'formatted', 'user.attribute.formatted'); #start 8988345 end 9058938 time 2021-08-05 10:37:56
INSERT INTO `keycloak`.`PROTOCOL_MAPPER_CONFIG`(`PROTOCOL_MAPPER_ID`, `VALUE`, `NAME`) VALUES ('7ebce1d9-5e4e-4438-8c77-22e85acf7e9d', 'country', 'user.attribute.country'); #start 8988345 end 9059114 time 2021-08-05 10:37:56
INSERT INTO `keycloak`.`PROTOCOL_MAPPER_CONFIG`(`PROTOCOL_MAPPER_ID`, `VALUE`, `NAME`) VALUES ('7ebce1d9-5e4e-4438-8c77-22e85acf7e9d', 'postal_code', 'user.attribute.postal_code'); #start 8988345 end 9059298 time 2021-08-05 10:37:56
INSERT INTO `keycloak`.`PROTOCOL_MAPPER_CONFIG`(`PROTOCOL_MAPPER_ID`, `VALUE`, `NAME`) VALUES ('7ebce1d9-5e4e-4438-8c77-22e85acf7e9d', 'true', 'userinfo.token.claim'); #start 8988345 end 9059469 time 2021-08-05 10:37:56
INSERT INTO `keycloak`.`PROTOCOL_MAPPER_CONFIG`(`PROTOCOL_MAPPER_ID`, `VALUE`, `NAME`) VALUES ('7ebce1d9-5e4e-4438-8c77-22e85acf7e9d', 'street', 'user.attribute.street'); #start 8988345 end 9059643 time 2021-08-05 10:37:56
INSERT INTO `keycloak`.`PROTOCOL_MAPPER_CONFIG`(`PROTOCOL_MAPPER_ID`, `VALUE`, `NAME`) VALUES ('7ebce1d9-5e4e-4438-8c77-22e85acf7e9d', 'true', 'id.token.claim'); #start 8988345 end 9059808 time 2021-08-05 10:37:56
INSERT INTO `keycloak`.`PROTOCOL_MAPPER_CONFIG`(`PROTOCOL_MAPPER_ID`, `VALUE`, `NAME`) VALUES ('7ebce1d9-5e4e-4438-8c77-22e85acf7e9d', 'region', 'user.attribute.region'); #start 8988345 end 9059982 time 2021-08-05 10:37:56
INSERT INTO `keycloak`.`PROTOCOL_MAPPER_CONFIG`(`PROTOCOL_MAPPER_ID`, `VALUE`, `NAME`) VALUES ('7ebce1d9-5e4e-4438-8c77-22e85acf7e9d', 'true', 'access.token.claim'); #start 8988345 end 9060151 time 2021-08-05 10:37:56
INSERT INTO `keycloak`.`PROTOCOL_MAPPER_CONFIG`(`PROTOCOL_MAPPER_ID`, `VALUE`, `NAME`) VALUES ('7ebce1d9-5e4e-4438-8c77-22e85acf7e9d', 'locality', 'user.attribute.locality'); #start 8988345 end 9060329 time 2021-08-05 10:37:56
INSERT INTO `keycloak`.`PROTOCOL_MAPPER`(`ID`, `NAME`, `PROTOCOL`, `PROTOCOL_MAPPER_NAME`, `CLIENT_ID`, `CLIENT_SCOPE_ID`) VALUES ('c6883c5f-03c1-477b-9a06-c4f24860497d', 'phone number', 'openid-connect', 'oidc-usermodel-attribute-mapper', NULL, '7aa191f5-a0d8-4137-a99c-80490e65d2c4'); #start 8988345 end 9060573 time 2021-08-05 10:37:56
INSERT INTO `keycloak`.`PROTOCOL_MAPPER`(`ID`, `NAME`, `PROTOCOL`, `PROTOCOL_MAPPER_NAME`, `CLIENT_ID`, `CLIENT_SCOPE_ID`) VALUES ('b0b3e83c-eec3-4046-89f9-5ccffa785187', 'phone number verified', 'openid-connect', 'oidc-usermodel-attribute-mapper', NULL, '7aa191f5-a0d8-4137-a99c-80490e65d2c4'); #start 8988345 end 9060826 time 2021-08-05 10:37:56
INSERT INTO `keycloak`.`DEFAULT_CLIENT_SCOPE`(`REALM_ID`, `SCOPE_ID`, `DEFAULT_SCOPE`) VALUES ('QA', '16bf5964-64ed-4601-b35b-6fa0d4c70833', '1'); #start 8988345 end 9060970 time 2021-08-05 10:37:56
UPDATE `keycloak`.`CLIENT_SCOPE` SET `ID`='7aa191f5-a0d8-4137-a99c-80490e65d2c4', `NAME`='phone', `REALM_ID`='QA', `DESCRIPTION`='OpenID Connect built-in scope: phone', `PROTOCOL`='openid-connect' WHERE `ID`='7aa191f5-a0d8-4137-a99c-80490e65d2c4' AND `NAME`='phone' AND `REALM_ID`='QA' AND `DESCRIPTION` IS NULL AND `PROTOCOL` IS NULL LIMIT 1; #start 8988345 end 9061221 time 2021-08-05 10:37:56
INSERT INTO `keycloak`.`CLIENT_SCOPE_ATTRIBUTES`(`SCOPE_ID`, `VALUE`, `NAME`) VALUES ('7aa191f5-a0d8-4137-a99c-80490e65d2c4', '${phoneScopeConsentText}', 'consent.screen.text'); #start 8988345 end 9061411 time 2021-08-05 10:37:56
INSERT INTO `keycloak`.`CLIENT_SCOPE_ATTRIBUTES`(`SCOPE_ID`, `VALUE`, `NAME`) VALUES ('7aa191f5-a0d8-4137-a99c-80490e65d2c4', 'true', 'display.on.consent.screen'); #start 8988345 end 9061587 time 2021-08-05 10:37:56
INSERT INTO `keycloak`.`PROTOCOL_MAPPER_CONFIG`(`PROTOCOL_MAPPER_ID`, `VALUE`, `NAME`) VALUES ('c6883c5f-03c1-477b-9a06-c4f24860497d', 'true', 'userinfo.token.claim'); #start 8988345 end 9061758 time 2021-08-05 10:37:56
INSERT INTO `keycloak`.`PROTOCOL_MAPPER_CONFIG`(`PROTOCOL_MAPPER_ID`, `VALUE`, `NAME`) VALUES ('c6883c5f-03c1-477b-9a06-c4f24860497d', 'phoneNumber', 'user.attribute'); #start 8988345 end 9061930 time 2021-08-05 10:37:56
INSERT INTO `keycloak`.`PROTOCOL_MAPPER_CONFIG`(`PROTOCOL_MAPPER_ID`, `VALUE`, `NAME`) VALUES ('c6883c5f-03c1-477b-9a06-c4f24860497d', 'true', 'id.token.claim'); #start 8988345 end 9062095 time 2021-08-05 10:37:56
INSERT INTO `keycloak`.`PROTOCOL_MAPPER_CONFIG`(`PROTOCOL_MAPPER_ID`, `VALUE`, `NAME`) VALUES ('c6883c5f-03c1-477b-9a06-c4f24860497d', 'true', 'access.token.claim'); #start 8988345 end 9062264 time 2021-08-05 10:37:56
INSERT INTO `keycloak`.`PROTOCOL_MAPPER_CONFIG`(`PROTOCOL_MAPPER_ID`, `VALUE`, `NAME`) VALUES ('c6883c5f-03c1-477b-9a06-c4f24860497d', 'phone_number', 'claim.name'); #start 8988345 end 9062433 time 2021-08-05 10:37:56
INSERT INTO `keycloak`.`PROTOCOL_MAPPER_CONFIG`(`PROTOCOL_MAPPER_ID`, `VALUE`, `NAME`) VALUES ('c6883c5f-03c1-477b-9a06-c4f24860497d', 'String', 'jsonType.label'); #start 8988345 end 9062600 time 2021-08-05 10:37:56
INSERT INTO `keycloak`.`PROTOCOL_MAPPER_CONFIG`(`PROTOCOL_MAPPER_ID`, `VALUE`, `NAME`) VALUES ('b0b3e83c-eec3-4046-89f9-5ccffa785187', 'true', 'userinfo.token.claim'); #start 8988345 end 9062771 time 2021-08-05 10:37:56
INSERT INTO `keycloak`.`PROTOCOL_MAPPER_CONFIG`(`PROTOCOL_MAPPER_ID`, `VALUE`, `NAME`) VALUES ('b0b3e83c-eec3-4046-89f9-5ccffa785187', 'phoneNumberVerified', 'user.attribute'); #start 8988345 end 9062951 time 2021-08-05 10:37:56
INSERT INTO `keycloak`.`PROTOCOL_MAPPER_CONFIG`(`PROTOCOL_MAPPER_ID`, `VALUE`, `NAME`) VALUES ('b0b3e83c-eec3-4046-89f9-5ccffa785187', 'true', 'id.token.claim'); #start 8988345 end 9063116 time 2021-08-05 10:37:56
INSERT INTO `keycloak`.`PROTOCOL_MAPPER_CONFIG`(`PROTOCOL_MAPPER_ID`, `VALUE`, `NAME`) VALUES ('b0b3e83c-eec3-4046-89f9-5ccffa785187', 'true', 'access.token.claim'); #start 8988345 end 9063285 time 2021-08-05 10:37:56
INSERT INTO `keycloak`.`PROTOCOL_MAPPER_CONFIG`(`PROTOCOL_MAPPER_ID`, `VALUE`, `NAME`) VALUES ('b0b3e83c-eec3-4046-89f9-5ccffa785187', 'phone_number_verified', 'claim.name'); #start 8988345 end 9063463 time 2021-08-05 10:37:56
INSERT INTO `keycloak`.`PROTOCOL_MAPPER_CONFIG`(`PROTOCOL_MAPPER_ID`, `VALUE`, `NAME`) VALUES ('b0b3e83c-eec3-4046-89f9-5ccffa785187', 'boolean', 'jsonType.label'); #start 8988345 end 9063631 time 2021-08-05 10:37:56
INSERT INTO `keycloak`.`DEFAULT_CLIENT_SCOPE`(`REALM_ID`, `SCOPE_ID`, `DEFAULT_SCOPE`) VALUES ('QA', '48dc2f86-5c25-4cc4-b6bc-842d86ad8ffd', '1'); #start 8988345 end 9063775 time 2021-08-05 10:37:56
INSERT INTO `keycloak`.`DEFAULT_CLIENT_SCOPE`(`REALM_ID`, `SCOPE_ID`, `DEFAULT_SCOPE`) VALUES ('QA', 'e93f397d-ca79-401d-a499-76549b76d911', '0'); #start 8988345 end 9063919 time 2021-08-05 10:37:56
INSERT INTO `keycloak`.`DEFAULT_CLIENT_SCOPE`(`REALM_ID`, `SCOPE_ID`, `DEFAULT_SCOPE`) VALUES ('QA', '7aa191f5-a0d8-4137-a99c-80490e65d2c4', '0'); #start 8988345 end 9064063 time 2021-08-05 10:37:56
INSERT INTO `keycloak`.`CLIENT_SCOPE_CLIENT`(`CLIENT_ID`, `SCOPE_ID`, `DEFAULT_SCOPE`) VALUES ('bc449ad4-ae11-4a06-a60d-edaaae198cae', '16bf5964-64ed-4601-b35b-6fa0d4c70833', '1'); #start 8988345 end 9064240 time 2021-08-05 10:37:56
INSERT INTO `keycloak`.`CLIENT_SCOPE_CLIENT`(`CLIENT_ID`, `SCOPE_ID`, `DEFAULT_SCOPE`) VALUES ('bc449ad4-ae11-4a06-a60d-edaaae198cae', '48dc2f86-5c25-4cc4-b6bc-842d86ad8ffd', '1'); #start 8988345 end 9064417 time 2021-08-05 10:37:56
INSERT INTO `keycloak`.`CLIENT_SCOPE_CLIENT`(`CLIENT_ID`, `SCOPE_ID`, `DEFAULT_SCOPE`) VALUES ('bc449ad4-ae11-4a06-a60d-edaaae198cae', '7aa191f5-a0d8-4137-a99c-80490e65d2c4', '0'); #start 8988345 end 9064594 time 2021-08-05 10:37:56
INSERT INTO `keycloak`.`CLIENT_SCOPE_CLIENT`(`CLIENT_ID`, `SCOPE_ID`, `DEFAULT_SCOPE`) VALUES ('bc449ad4-ae11-4a06-a60d-edaaae198cae', 'bdf081e5-fb44-4834-bd20-6d3c97733802', '0'); #start 8988345 end 9064771 time 2021-08-05 10:37:56
INSERT INTO `keycloak`.`CLIENT_SCOPE_CLIENT`(`CLIENT_ID`, `SCOPE_ID`, `DEFAULT_SCOPE`) VALUES ('bc449ad4-ae11-4a06-a60d-edaaae198cae', 'e93f397d-ca79-401d-a499-76549b76d911', '0'); #start 8988345 end 9064948 time 2021-08-05 10:37:56
INSERT INTO `keycloak`.`CLIENT_SCOPE_CLIENT`(`CLIENT_ID`, `SCOPE_ID`, `DEFAULT_SCOPE`) VALUES ('a3aad995-579c-49cb-b62c-acdeb813d2e0', '16bf5964-64ed-4601-b35b-6fa0d4c70833', '1'); #start 8988345 end 9065125 time 2021-08-05 10:37:56
INSERT INTO `keycloak`.`CLIENT_SCOPE_CLIENT`(`CLIENT_ID`, `SCOPE_ID`, `DEFAULT_SCOPE`) VALUES ('a3aad995-579c-49cb-b62c-acdeb813d2e0', '48dc2f86-5c25-4cc4-b6bc-842d86ad8ffd', '1'); #start 8988345 end 9065302 time 2021-08-05 10:37:56
INSERT INTO `keycloak`.`CLIENT_SCOPE_CLIENT`(`CLIENT_ID`, `SCOPE_ID`, `DEFAULT_SCOPE`) VALUES ('a3aad995-579c-49cb-b62c-acdeb813d2e0', '7aa191f5-a0d8-4137-a99c-80490e65d2c4', '0'); #start 8988345 end 9065479 time 2021-08-05 10:37:56
INSERT INTO `keycloak`.`CLIENT_SCOPE_CLIENT`(`CLIENT_ID`, `SCOPE_ID`, `DEFAULT_SCOPE`) VALUES ('a3aad995-579c-49cb-b62c-acdeb813d2e0', 'bdf081e5-fb44-4834-bd20-6d3c97733802', '0'); #start 8988345 end 9065656 time 2021-08-05 10:37:56
INSERT INTO `keycloak`.`CLIENT_SCOPE_CLIENT`(`CLIENT_ID`, `SCOPE_ID`, `DEFAULT_SCOPE`) VALUES ('a3aad995-579c-49cb-b62c-acdeb813d2e0', 'e93f397d-ca79-401d-a499-76549b76d911', '0'); #start 8988345 end 9065833 time 2021-08-05 10:37:56
INSERT INTO `keycloak`.`CLIENT_SCOPE_CLIENT`(`CLIENT_ID`, `SCOPE_ID`, `DEFAULT_SCOPE`) VALUES ('7a59cf4c-ff12-49ee-b9c2-ad33dc109e61', '16bf5964-64ed-4601-b35b-6fa0d4c70833', '1'); #start 8988345 end 9066010 time 2021-08-05 10:37:56
INSERT INTO `keycloak`.`CLIENT_SCOPE_CLIENT`(`CLIENT_ID`, `SCOPE_ID`, `DEFAULT_SCOPE`) VALUES ('7a59cf4c-ff12-49ee-b9c2-ad33dc109e61', '48dc2f86-5c25-4cc4-b6bc-842d86ad8ffd', '1'); #start 8988345 end 9066187 time 2021-08-05 10:37:56
INSERT INTO `keycloak`.`CLIENT_SCOPE_CLIENT`(`CLIENT_ID`, `SCOPE_ID`, `DEFAULT_SCOPE`) VALUES ('7a59cf4c-ff12-49ee-b9c2-ad33dc109e61', '7aa191f5-a0d8-4137-a99c-80490e65d2c4', '0'); #start 8988345 end 9066364 time 2021-08-05 10:37:56
INSERT INTO `keycloak`.`CLIENT_SCOPE_CLIENT`(`CLIENT_ID`, `SCOPE_ID`, `DEFAULT_SCOPE`) VALUES ('7a59cf4c-ff12-49ee-b9c2-ad33dc109e61', 'bdf081e5-fb44-4834-bd20-6d3c97733802', '0'); #start 8988345 end 9066541 time 2021-08-05 10:37:56
INSERT INTO `keycloak`.`CLIENT_SCOPE_CLIENT`(`CLIENT_ID`, `SCOPE_ID`, `DEFAULT_SCOPE`) VALUES ('7a59cf4c-ff12-49ee-b9c2-ad33dc109e61', 'e93f397d-ca79-401d-a499-76549b76d911', '0'); #start 8988345 end 9066718 time 2021-08-05 10:37:56
INSERT INTO `keycloak`.`CLIENT_SCOPE_CLIENT`(`CLIENT_ID`, `SCOPE_ID`, `DEFAULT_SCOPE`) VALUES ('e7a1a32b-2601-4013-bf6d-8d7f591d3614', '16bf5964-64ed-4601-b35b-6fa0d4c70833', '1'); #start 8988345 end 9066895 time 2021-08-05 10:37:56
INSERT INTO `keycloak`.`CLIENT_SCOPE_CLIENT`(`CLIENT_ID`, `SCOPE_ID`, `DEFAULT_SCOPE`) VALUES ('e7a1a32b-2601-4013-bf6d-8d7f591d3614', '48dc2f86-5c25-4cc4-b6bc-842d86ad8ffd', '1'); #start 8988345 end 9067072 time 2021-08-05 10:37:56
INSERT INTO `keycloak`.`CLIENT_SCOPE_CLIENT`(`CLIENT_ID`, `SCOPE_ID`, `DEFAULT_SCOPE`) VALUES ('e7a1a32b-2601-4013-bf6d-8d7f591d3614', '7aa191f5-a0d8-4137-a99c-80490e65d2c4', '0'); #start 8988345 end 9067249 time 2021-08-05 10:37:56
INSERT INTO `keycloak`.`CLIENT_SCOPE_CLIENT`(`CLIENT_ID`, `SCOPE_ID`, `DEFAULT_SCOPE`) VALUES ('e7a1a32b-2601-4013-bf6d-8d7f591d3614', 'bdf081e5-fb44-4834-bd20-6d3c97733802', '0'); #start 8988345 end 9067426 time 2021-08-05 10:37:56
INSERT INTO `keycloak`.`CLIENT_SCOPE_CLIENT`(`CLIENT_ID`, `SCOPE_ID`, `DEFAULT_SCOPE`) VALUES ('e7a1a32b-2601-4013-bf6d-8d7f591d3614', 'e93f397d-ca79-401d-a499-76549b76d911', '0'); #start 8988345 end 9067603 time 2021-08-05 10:37:56
INSERT INTO `keycloak`.`CLIENT_SCOPE_CLIENT`(`CLIENT_ID`, `SCOPE_ID`, `DEFAULT_SCOPE`) VALUES ('11816172-57fa-4b14-86a2-b52f6909ad74', '16bf5964-64ed-4601-b35b-6fa0d4c70833', '1'); #start 8988345 end 9067780 time 2021-08-05 10:37:56
INSERT INTO `keycloak`.`CLIENT_SCOPE_CLIENT`(`CLIENT_ID`, `SCOPE_ID`, `DEFAULT_SCOPE`) VALUES ('11816172-57fa-4b14-86a2-b52f6909ad74', '48dc2f86-5c25-4cc4-b6bc-842d86ad8ffd', '1'); #start 8988345 end 9067957 time 2021-08-05 10:37:56
INSERT INTO `keycloak`.`CLIENT_SCOPE_CLIENT`(`CLIENT_ID`, `SCOPE_ID`, `DEFAULT_SCOPE`) VALUES ('11816172-57fa-4b14-86a2-b52f6909ad74', '7aa191f5-a0d8-4137-a99c-80490e65d2c4', '0'); #start 8988345 end 9068134 time 2021-08-05 10:37:56
INSERT INTO `keycloak`.`CLIENT_SCOPE_CLIENT`(`CLIENT_ID`, `SCOPE_ID`, `DEFAULT_SCOPE`) VALUES ('11816172-57fa-4b14-86a2-b52f6909ad74', 'bdf081e5-fb44-4834-bd20-6d3c97733802', '0'); #start 8988345 end 9068311 time 2021-08-05 10:37:56
INSERT INTO `keycloak`.`CLIENT_SCOPE_CLIENT`(`CLIENT_ID`, `SCOPE_ID`, `DEFAULT_SCOPE`) VALUES ('11816172-57fa-4b14-86a2-b52f6909ad74', 'e93f397d-ca79-401d-a499-76549b76d911', '0'); #start 8988345 end 9068488 time 2021-08-05 10:37:56
UPDATE `keycloak`.`REALM` SET `ID`='QA', `ACCESS_CODE_LIFESPAN`=0, `USER_ACTION_LIFESPAN`=0, `ACCESS_TOKEN_LIFESPAN`=0, `ACCOUNT_THEME`=NULL, `ADMIN_THEME`=NULL, `EMAIL_THEME`=NULL, `ENABLED`='1', `EVENTS_ENABLED`='0', `EVENTS_EXPIRATION`=0, `LOGIN_THEME`=NULL, `NAME`='QA', `NOT_BEFORE`=0, `PASSWORD_POLICY`=NULL, `REGISTRATION_ALLOWED`='0', `REMEMBER_ME`='0', `RESET_PASSWORD_ALLOWED`='0', `SOCIAL`='0', `SSL_REQUIRED`='EXTERNAL', `SSO_IDLE_TIMEOUT`=0, `SSO_MAX_LIFESPAN`=0, `UPDATE_PROFILE_ON_SOC_LOGIN`='0', `VERIFY_EMAIL`='0', `MASTER_ADMIN_CLIENT`='7ce2eec1-3f43-4b4b-a383-09a50e710495', `LOGIN_LIFESPAN`=0, `INTERNATIONALIZATION_ENABLED`='0', `DEFAULT_LOCALE`=NULL, `REG_EMAIL_AS_USERNAME`='0', `ADMIN_EVENTS_ENABLED`='0', `ADMIN_EVENTS_DETAILS_ENABLED`='0', `EDIT_USERNAME_ALLOWED`='0', `OTP_POLICY_COUNTER`=0, `OTP_POLICY_WINDOW`=1, `OTP_POLICY_PERIOD`=30, `OTP_POLICY_DIGITS`=6, `OTP_POLICY_ALG`='HmacSHA1', `OTP_POLICY_TYPE`='totp', `BROWSER_FLOW`=NULL, `REGISTRATION_FLOW`=NULL, `DIRECT_GRANT_FLOW`=NULL, `RESET_CREDENTIALS_FLOW`=NULL, `CLIENT_AUTH_FLOW`=NULL, `OFFLINE_SESSION_IDLE_TIMEOUT`=0, `REVOKE_REFRESH_TOKEN`='0', `ACCESS_TOKEN_LIFE_IMPLICIT`=0, `LOGIN_WITH_EMAIL_ALLOWED`='1', `DUPLICATE_EMAILS_ALLOWED`='0', `DOCKER_AUTH_FLOW`=NULL, `REFRESH_TOKEN_MAX_REUSE`=0, `ALLOW_USER_MANAGED_ACCESS`='0' WHERE `ID`='QA' AND `ACCESS_CODE_LIFESPAN`=0 AND `USER_ACTION_LIFESPAN`=0 AND `ACCESS_TOKEN_LIFESPAN`=0 AND `ACCOUNT_THEME` IS NULL AND `ADMIN_THEME` IS NULL AND `EMAIL_THEME` IS NULL AND `ENABLED`='0' AND `EVENTS_ENABLED`='0' AND `EVENTS_EXPIRATION`=0 AND `LOGIN_THEME` IS NULL AND `NAME`='QA' AND `NOT_BEFORE`=0 AND `PASSWORD_POLICY` IS NULL AND `REGISTRATION_ALLOWED`='0' AND `REMEMBER_ME`='0' AND `RESET_PASSWORD_ALLOWED`='0' AND `SOCIAL`='0' AND `SSL_REQUIRED`='EXTERNAL' AND `SSO_IDLE_TIMEOUT`=0 AND `SSO_MAX_LIFESPAN`=0 AND `UPDATE_PROFILE_ON_SOC_LOGIN`='0' AND `VERIFY_EMAIL`='0' AND `MASTER_ADMIN_CLIENT`='7ce2eec1-3f43-4b4b-a383-09a50e710495' AND `LOGIN_LIFESPAN`=0 AND `INTERNATIONALIZATION_ENABLED`='0' AND `DEFAULT_LOCALE` IS NULL AND `REG_EMAIL_AS_USERNAME`='0' AND `ADMIN_EVENTS_ENABLED`='0' AND `ADMIN_EVENTS_DETAILS_ENABLED`='0' AND `EDIT_USERNAME_ALLOWED`='0' AND `OTP_POLICY_COUNTER`=0 AND `OTP_POLICY_WINDOW`=1 AND `OTP_POLICY_PERIOD`=30 AND `OTP_POLICY_DIGITS`=6 AND `OTP_POLICY_ALG`='HmacSHA1' AND `OTP_POLICY_TYPE`='totp' AND `BROWSER_FLOW` IS NULL AND `REGISTRATION_FLOW` IS NULL AND `DIRECT_GRANT_FLOW` IS NULL AND `RESET_CREDENTIALS_FLOW` IS NULL AND `CLIENT_AUTH_FLOW` IS NULL AND `OFFLINE_SESSION_IDLE_TIMEOUT`=0 AND `REVOKE_REFRESH_TOKEN`='0' AND `ACCESS_TOKEN_LIFE_IMPLICIT`=0 AND `LOGIN_WITH_EMAIL_ALLOWED`='1' AND `DUPLICATE_EMAILS_ALLOWED`='0' AND `DOCKER_AUTH_FLOW` IS NULL AND `REFRESH_TOKEN_MAX_REUSE`=0 AND `ALLOW_USER_MANAGED_ACCESS`='0' LIMIT 1; #start 8988345 end 9069017 time 2021-08-05 10:37:56
UPDATE `keycloak`.`REALM` SET `ID`='QA', `ACCESS_CODE_LIFESPAN`=0, `USER_ACTION_LIFESPAN`=0, `ACCESS_TOKEN_LIFESPAN`=300, `ACCOUNT_THEME`=NULL, `ADMIN_THEME`=NULL, `EMAIL_THEME`=NULL, `ENABLED`='1', `EVENTS_ENABLED`='0', `EVENTS_EXPIRATION`=0, `LOGIN_THEME`=NULL, `NAME`='QA', `NOT_BEFORE`=0, `PASSWORD_POLICY`=NULL, `REGISTRATION_ALLOWED`='0', `REMEMBER_ME`='0', `RESET_PASSWORD_ALLOWED`='0', `SOCIAL`='0', `SSL_REQUIRED`='EXTERNAL', `SSO_IDLE_TIMEOUT`=0, `SSO_MAX_LIFESPAN`=0, `UPDATE_PROFILE_ON_SOC_LOGIN`='0', `VERIFY_EMAIL`='0', `MASTER_ADMIN_CLIENT`='7ce2eec1-3f43-4b4b-a383-09a50e710495', `LOGIN_LIFESPAN`=0, `INTERNATIONALIZATION_ENABLED`='0', `DEFAULT_LOCALE`=NULL, `REG_EMAIL_AS_USERNAME`='0', `ADMIN_EVENTS_ENABLED`='0', `ADMIN_EVENTS_DETAILS_ENABLED`='0', `EDIT_USERNAME_ALLOWED`='0', `OTP_POLICY_COUNTER`=0, `OTP_POLICY_WINDOW`=1, `OTP_POLICY_PERIOD`=30, `OTP_POLICY_DIGITS`=6, `OTP_POLICY_ALG`='HmacSHA1', `OTP_POLICY_TYPE`='totp', `BROWSER_FLOW`=NULL, `REGISTRATION_FLOW`=NULL, `DIRECT_GRANT_FLOW`=NULL, `RESET_CREDENTIALS_FLOW`=NULL, `CLIENT_AUTH_FLOW`=NULL, `OFFLINE_SESSION_IDLE_TIMEOUT`=0, `REVOKE_REFRESH_TOKEN`='0', `ACCESS_TOKEN_LIFE_IMPLICIT`=0, `LOGIN_WITH_EMAIL_ALLOWED`='1', `DUPLICATE_EMAILS_ALLOWED`='0', `DOCKER_AUTH_FLOW`=NULL, `REFRESH_TOKEN_MAX_REUSE`=0, `ALLOW_USER_MANAGED_ACCESS`='0' WHERE `ID`='QA' AND `ACCESS_CODE_LIFESPAN`=0 AND `USER_ACTION_LIFESPAN`=0 AND `ACCESS_TOKEN_LIFESPAN`=0 AND `ACCOUNT_THEME` IS NULL AND `ADMIN_THEME` IS NULL AND `EMAIL_THEME` IS NULL AND `ENABLED`='1' AND `EVENTS_ENABLED`='0' AND `EVENTS_EXPIRATION`=0 AND `LOGIN_THEME` IS NULL AND `NAME`='QA' AND `NOT_BEFORE`=0 AND `PASSWORD_POLICY` IS NULL AND `REGISTRATION_ALLOWED`='0' AND `REMEMBER_ME`='0' AND `RESET_PASSWORD_ALLOWED`='0' AND `SOCIAL`='0' AND `SSL_REQUIRED`='EXTERNAL' AND `SSO_IDLE_TIMEOUT`=0 AND `SSO_MAX_LIFESPAN`=0 AND `UPDATE_PROFILE_ON_SOC_LOGIN`='0' AND `VERIFY_EMAIL`='0' AND `MASTER_ADMIN_CLIENT`='7ce2eec1-3f43-4b4b-a383-09a50e710495' AND `LOGIN_LIFESPAN`=0 AND `INTERNATIONALIZATION_ENABLED`='0' AND `DEFAULT_LOCALE` IS NULL AND `REG_EMAIL_AS_USERNAME`='0' AND `ADMIN_EVENTS_ENABLED`='0' AND `ADMIN_EVENTS_DETAILS_ENABLED`='0' AND `EDIT_USERNAME_ALLOWED`='0' AND `OTP_POLICY_COUNTER`=0 AND `OTP_POLICY_WINDOW`=1 AND `OTP_POLICY_PERIOD`=30 AND `OTP_POLICY_DIGITS`=6 AND `OTP_POLICY_ALG`='HmacSHA1' AND `OTP_POLICY_TYPE`='totp' AND `BROWSER_FLOW` IS NULL AND `REGISTRATION_FLOW` IS NULL AND `DIRECT_GRANT_FLOW` IS NULL AND `RESET_CREDENTIALS_FLOW` IS NULL AND `CLIENT_AUTH_FLOW` IS NULL AND `OFFLINE_SESSION_IDLE_TIMEOUT`=0 AND `REVOKE_REFRESH_TOKEN`='0' AND `ACCESS_TOKEN_LIFE_IMPLICIT`=0 AND `LOGIN_WITH_EMAIL_ALLOWED`='1' AND `DUPLICATE_EMAILS_ALLOWED`='0' AND `DOCKER_AUTH_FLOW` IS NULL AND `REFRESH_TOKEN_MAX_REUSE`=0 AND `ALLOW_USER_MANAGED_ACCESS`='0' LIMIT 1; #start 8988345 end 9069546 time 2021-08-05 10:37:56
INSERT INTO `keycloak`.`REALM_ATTRIBUTE`(`NAME`, `VALUE`, `REALM_ID`) VALUES ('offlineSessionMaxLifespanEnabled', 'false', 'QA'); #start 8988345 end 9069688 time 2021-08-05 10:37:56
INSERT INTO `keycloak`.`REALM_ATTRIBUTE`(`NAME`, `VALUE`, `REALM_ID`) VALUES ('offlineSessionMaxLifespan', '5184000', 'QA'); #start 8988345 end 9069825 time 2021-08-05 10:37:56
UPDATE `keycloak`.`REALM` SET `ID`='QA', `ACCESS_CODE_LIFESPAN`=60, `USER_ACTION_LIFESPAN`=0, `ACCESS_TOKEN_LIFESPAN`=300, `ACCOUNT_THEME`=NULL, `ADMIN_THEME`=NULL, `EMAIL_THEME`=NULL, `ENABLED`='1', `EVENTS_ENABLED`='0', `EVENTS_EXPIRATION`=0, `LOGIN_THEME`=NULL, `NAME`='QA', `NOT_BEFORE`=0, `PASSWORD_POLICY`=NULL, `REGISTRATION_ALLOWED`='0', `REMEMBER_ME`='0', `RESET_PASSWORD_ALLOWED`='0', `SOCIAL`='0', `SSL_REQUIRED`='EXTERNAL', `SSO_IDLE_TIMEOUT`=1800, `SSO_MAX_LIFESPAN`=36000, `UPDATE_PROFILE_ON_SOC_LOGIN`='0', `VERIFY_EMAIL`='0', `MASTER_ADMIN_CLIENT`='7ce2eec1-3f43-4b4b-a383-09a50e710495', `LOGIN_LIFESPAN`=0, `INTERNATIONALIZATION_ENABLED`='0', `DEFAULT_LOCALE`=NULL, `REG_EMAIL_AS_USERNAME`='0', `ADMIN_EVENTS_ENABLED`='0', `ADMIN_EVENTS_DETAILS_ENABLED`='0', `EDIT_USERNAME_ALLOWED`='0', `OTP_POLICY_COUNTER`=0, `OTP_POLICY_WINDOW`=1, `OTP_POLICY_PERIOD`=30, `OTP_POLICY_DIGITS`=6, `OTP_POLICY_ALG`='HmacSHA1', `OTP_POLICY_TYPE`='totp', `BROWSER_FLOW`=NULL, `REGISTRATION_FLOW`=NULL, `DIRECT_GRANT_FLOW`=NULL, `RESET_CREDENTIALS_FLOW`=NULL, `CLIENT_AUTH_FLOW`=NULL, `OFFLINE_SESSION_IDLE_TIMEOUT`=2592000, `REVOKE_REFRESH_TOKEN`='0', `ACCESS_TOKEN_LIFE_IMPLICIT`=900, `LOGIN_WITH_EMAIL_ALLOWED`='1', `DUPLICATE_EMAILS_ALLOWED`='0', `DOCKER_AUTH_FLOW`=NULL, `REFRESH_TOKEN_MAX_REUSE`=0, `ALLOW_USER_MANAGED_ACCESS`='0' WHERE `ID`='QA' AND `ACCESS_CODE_LIFESPAN`=0 AND `USER_ACTION_LIFESPAN`=0 AND `ACCESS_TOKEN_LIFESPAN`=300 AND `ACCOUNT_THEME` IS NULL AND `ADMIN_THEME` IS NULL AND `EMAIL_THEME` IS NULL AND `ENABLED`='1' AND `EVENTS_ENABLED`='0' AND `EVENTS_EXPIRATION`=0 AND `LOGIN_THEME` IS NULL AND `NAME`='QA' AND `NOT_BEFORE`=0 AND `PASSWORD_POLICY` IS NULL AND `REGISTRATION_ALLOWED`='0' AND `REMEMBER_ME`='0' AND `RESET_PASSWORD_ALLOWED`='0' AND `SOCIAL`='0' AND `SSL_REQUIRED`='EXTERNAL' AND `SSO_IDLE_TIMEOUT`=0 AND `SSO_MAX_LIFESPAN`=0 AND `UPDATE_PROFILE_ON_SOC_LOGIN`='0' AND `VERIFY_EMAIL`='0' AND `MASTER_ADMIN_CLIENT`='7ce2eec1-3f43-4b4b-a383-09a50e710495' AND `LOGIN_LIFESPAN`=0 AND `INTERNATIONALIZATION_ENABLED`='0' AND `DEFAULT_LOCALE` IS NULL AND `REG_EMAIL_AS_USERNAME`='0' AND `ADMIN_EVENTS_ENABLED`='0' AND `ADMIN_EVENTS_DETAILS_ENABLED`='0' AND `EDIT_USERNAME_ALLOWED`='0' AND `OTP_POLICY_COUNTER`=0 AND `OTP_POLICY_WINDOW`=1 AND `OTP_POLICY_PERIOD`=30 AND `OTP_POLICY_DIGITS`=6 AND `OTP_POLICY_ALG`='HmacSHA1' AND `OTP_POLICY_TYPE`='totp' AND `BROWSER_FLOW` IS NULL AND `REGISTRATION_FLOW` IS NULL AND `DIRECT_GRANT_FLOW` IS NULL AND `RESET_CREDENTIALS_FLOW` IS NULL AND `CLIENT_AUTH_FLOW` IS NULL AND `OFFLINE_SESSION_IDLE_TIMEOUT`=0 AND `REVOKE_REFRESH_TOKEN`='0' AND `ACCESS_TOKEN_LIFE_IMPLICIT`=0 AND `LOGIN_WITH_EMAIL_ALLOWED`='1' AND `DUPLICATE_EMAILS_ALLOWED`='0' AND `DOCKER_AUTH_FLOW` IS NULL AND `REFRESH_TOKEN_MAX_REUSE`=0 AND `ALLOW_USER_MANAGED_ACCESS`='0' LIMIT 1; #start 8988345 end 9070354 time 2021-08-05 10:37:56
UPDATE `keycloak`.`REALM` SET `ID`='QA', `ACCESS_CODE_LIFESPAN`=60, `USER_ACTION_LIFESPAN`=300, `ACCESS_TOKEN_LIFESPAN`=300, `ACCOUNT_THEME`=NULL, `ADMIN_THEME`=NULL, `EMAIL_THEME`=NULL, `ENABLED`='1', `EVENTS_ENABLED`='0', `EVENTS_EXPIRATION`=0, `LOGIN_THEME`=NULL, `NAME`='QA', `NOT_BEFORE`=0, `PASSWORD_POLICY`=NULL, `REGISTRATION_ALLOWED`='0', `REMEMBER_ME`='0', `RESET_PASSWORD_ALLOWED`='0', `SOCIAL`='0', `SSL_REQUIRED`='EXTERNAL', `SSO_IDLE_TIMEOUT`=1800, `SSO_MAX_LIFESPAN`=36000, `UPDATE_PROFILE_ON_SOC_LOGIN`='0', `VERIFY_EMAIL`='0', `MASTER_ADMIN_CLIENT`='7ce2eec1-3f43-4b4b-a383-09a50e710495', `LOGIN_LIFESPAN`=0, `INTERNATIONALIZATION_ENABLED`='0', `DEFAULT_LOCALE`=NULL, `REG_EMAIL_AS_USERNAME`='0', `ADMIN_EVENTS_ENABLED`='0', `ADMIN_EVENTS_DETAILS_ENABLED`='0', `EDIT_USERNAME_ALLOWED`='0', `OTP_POLICY_COUNTER`=0, `OTP_POLICY_WINDOW`=1, `OTP_POLICY_PERIOD`=30, `OTP_POLICY_DIGITS`=6, `OTP_POLICY_ALG`='HmacSHA1', `OTP_POLICY_TYPE`='totp', `BROWSER_FLOW`=NULL, `REGISTRATION_FLOW`=NULL, `DIRECT_GRANT_FLOW`=NULL, `RESET_CREDENTIALS_FLOW`=NULL, `CLIENT_AUTH_FLOW`=NULL, `OFFLINE_SESSION_IDLE_TIMEOUT`=2592000, `REVOKE_REFRESH_TOKEN`='0', `ACCESS_TOKEN_LIFE_IMPLICIT`=900, `LOGIN_WITH_EMAIL_ALLOWED`='1', `DUPLICATE_EMAILS_ALLOWED`='0', `DOCKER_AUTH_FLOW`=NULL, `REFRESH_TOKEN_MAX_REUSE`=0, `ALLOW_USER_MANAGED_ACCESS`='0' WHERE `ID`='QA' AND `ACCESS_CODE_LIFESPAN`=60 AND `USER_ACTION_LIFESPAN`=0 AND `ACCESS_TOKEN_LIFESPAN`=300 AND `ACCOUNT_THEME` IS NULL AND `ADMIN_THEME` IS NULL AND `EMAIL_THEME` IS NULL AND `ENABLED`='1' AND `EVENTS_ENABLED`='0' AND `EVENTS_EXPIRATION`=0 AND `LOGIN_THEME` IS NULL AND `NAME`='QA' AND `NOT_BEFORE`=0 AND `PASSWORD_POLICY` IS NULL AND `REGISTRATION_ALLOWED`='0' AND `REMEMBER_ME`='0' AND `RESET_PASSWORD_ALLOWED`='0' AND `SOCIAL`='0' AND `SSL_REQUIRED`='EXTERNAL' AND `SSO_IDLE_TIMEOUT`=1800 AND `SSO_MAX_LIFESPAN`=36000 AND `UPDATE_PROFILE_ON_SOC_LOGIN`='0' AND `VERIFY_EMAIL`='0' AND `MASTER_ADMIN_CLIENT`='7ce2eec1-3f43-4b4b-a383-09a50e710495' AND `LOGIN_LIFESPAN`=0 AND `INTERNATIONALIZATION_ENABLED`='0' AND `DEFAULT_LOCALE` IS NULL AND `REG_EMAIL_AS_USERNAME`='0' AND `ADMIN_EVENTS_ENABLED`='0' AND `ADMIN_EVENTS_DETAILS_ENABLED`='0' AND `EDIT_USERNAME_ALLOWED`='0' AND `OTP_POLICY_COUNTER`=0 AND `OTP_POLICY_WINDOW`=1 AND `OTP_POLICY_PERIOD`=30 AND `OTP_POLICY_DIGITS`=6 AND `OTP_POLICY_ALG`='HmacSHA1' AND `OTP_POLICY_TYPE`='totp' AND `BROWSER_FLOW` IS NULL AND `REGISTRATION_FLOW` IS NULL AND `DIRECT_GRANT_FLOW` IS NULL AND `RESET_CREDENTIALS_FLOW` IS NULL AND `CLIENT_AUTH_FLOW` IS NULL AND `OFFLINE_SESSION_IDLE_TIMEOUT`=2592000 AND `REVOKE_REFRESH_TOKEN`='0' AND `ACCESS_TOKEN_LIFE_IMPLICIT`=900 AND `LOGIN_WITH_EMAIL_ALLOWED`='1' AND `DUPLICATE_EMAILS_ALLOWED`='0' AND `DOCKER_AUTH_FLOW` IS NULL AND `REFRESH_TOKEN_MAX_REUSE`=0 AND `ALLOW_USER_MANAGED_ACCESS`='0' LIMIT 1; #start 8988345 end 9070883 time 2021-08-05 10:37:56
UPDATE `keycloak`.`REALM` SET `ID`='QA', `ACCESS_CODE_LIFESPAN`=60, `USER_ACTION_LIFESPAN`=300, `ACCESS_TOKEN_LIFESPAN`=300, `ACCOUNT_THEME`=NULL, `ADMIN_THEME`=NULL, `EMAIL_THEME`=NULL, `ENABLED`='1', `EVENTS_ENABLED`='0', `EVENTS_EXPIRATION`=0, `LOGIN_THEME`=NULL, `NAME`='QA', `NOT_BEFORE`=0, `PASSWORD_POLICY`=NULL, `REGISTRATION_ALLOWED`='0', `REMEMBER_ME`='0', `RESET_PASSWORD_ALLOWED`='0', `SOCIAL`='0', `SSL_REQUIRED`='EXTERNAL', `SSO_IDLE_TIMEOUT`=1800, `SSO_MAX_LIFESPAN`=36000, `UPDATE_PROFILE_ON_SOC_LOGIN`='0', `VERIFY_EMAIL`='0', `MASTER_ADMIN_CLIENT`='7ce2eec1-3f43-4b4b-a383-09a50e710495', `LOGIN_LIFESPAN`=1800, `INTERNATIONALIZATION_ENABLED`='0', `DEFAULT_LOCALE`=NULL, `REG_EMAIL_AS_USERNAME`='0', `ADMIN_EVENTS_ENABLED`='0', `ADMIN_EVENTS_DETAILS_ENABLED`='0', `EDIT_USERNAME_ALLOWED`='0', `OTP_POLICY_COUNTER`=0, `OTP_POLICY_WINDOW`=1, `OTP_POLICY_PERIOD`=30, `OTP_POLICY_DIGITS`=6, `OTP_POLICY_ALG`='HmacSHA1', `OTP_POLICY_TYPE`='totp', `BROWSER_FLOW`=NULL, `REGISTRATION_FLOW`=NULL, `DIRECT_GRANT_FLOW`=NULL, `RESET_CREDENTIALS_FLOW`=NULL, `CLIENT_AUTH_FLOW`=NULL, `OFFLINE_SESSION_IDLE_TIMEOUT`=2592000, `REVOKE_REFRESH_TOKEN`='0', `ACCESS_TOKEN_LIFE_IMPLICIT`=900, `LOGIN_WITH_EMAIL_ALLOWED`='1', `DUPLICATE_EMAILS_ALLOWED`='0', `DOCKER_AUTH_FLOW`=NULL, `REFRESH_TOKEN_MAX_REUSE`=0, `ALLOW_USER_MANAGED_ACCESS`='0' WHERE `ID`='QA' AND `ACCESS_CODE_LIFESPAN`=60 AND `USER_ACTION_LIFESPAN`=300 AND `ACCESS_TOKEN_LIFESPAN`=300 AND `ACCOUNT_THEME` IS NULL AND `ADMIN_THEME` IS NULL AND `EMAIL_THEME` IS NULL AND `ENABLED`='1' AND `EVENTS_ENABLED`='0' AND `EVENTS_EXPIRATION`=0 AND `LOGIN_THEME` IS NULL AND `NAME`='QA' AND `NOT_BEFORE`=0 AND `PASSWORD_POLICY` IS NULL AND `REGISTRATION_ALLOWED`='0' AND `REMEMBER_ME`='0' AND `RESET_PASSWORD_ALLOWED`='0' AND `SOCIAL`='0' AND `SSL_REQUIRED`='EXTERNAL' AND `SSO_IDLE_TIMEOUT`=1800 AND `SSO_MAX_LIFESPAN`=36000 AND `UPDATE_PROFILE_ON_SOC_LOGIN`='0' AND `VERIFY_EMAIL`='0' AND `MASTER_ADMIN_CLIENT`='7ce2eec1-3f43-4b4b-a383-09a50e710495' AND `LOGIN_LIFESPAN`=0 AND `INTERNATIONALIZATION_ENABLED`='0' AND `DEFAULT_LOCALE` IS NULL AND `REG_EMAIL_AS_USERNAME`='0' AND `ADMIN_EVENTS_ENABLED`='0' AND `ADMIN_EVENTS_DETAILS_ENABLED`='0' AND `EDIT_USERNAME_ALLOWED`='0' AND `OTP_POLICY_COUNTER`=0 AND `OTP_POLICY_WINDOW`=1 AND `OTP_POLICY_PERIOD`=30 AND `OTP_POLICY_DIGITS`=6 AND `OTP_POLICY_ALG`='HmacSHA1' AND `OTP_POLICY_TYPE`='totp' AND `BROWSER_FLOW` IS NULL AND `REGISTRATION_FLOW` IS NULL AND `DIRECT_GRANT_FLOW` IS NULL AND `RESET_CREDENTIALS_FLOW` IS NULL AND `CLIENT_AUTH_FLOW` IS NULL AND `OFFLINE_SESSION_IDLE_TIMEOUT`=2592000 AND `REVOKE_REFRESH_TOKEN`='0' AND `ACCESS_TOKEN_LIFE_IMPLICIT`=900 AND `LOGIN_WITH_EMAIL_ALLOWED`='1' AND `DUPLICATE_EMAILS_ALLOWED`='0' AND `DOCKER_AUTH_FLOW` IS NULL AND `REFRESH_TOKEN_MAX_REUSE`=0 AND `ALLOW_USER_MANAGED_ACCESS`='0' LIMIT 1; #start 8988345 end 9071412 time 2021-08-05 10:37:56
INSERT INTO `keycloak`.`REALM_ATTRIBUTE`(`NAME`, `VALUE`, `REALM_ID`) VALUES ('actionTokenGeneratedByAdminLifespan', '43200', 'QA'); #start 8988345 end 9071557 time 2021-08-05 10:37:56
INSERT INTO `keycloak`.`REALM_ATTRIBUTE`(`NAME`, `VALUE`, `REALM_ID`) VALUES ('actionTokenGeneratedByUserLifespan', '300', 'QA'); #start 8988345 end 9071699 time 2021-08-05 10:37:56
INSERT INTO `keycloak`.`REALM_REQUIRED_CREDENTIAL`(`TYPE`, `FORM_LABEL`, `INPUT`, `SECRET`, `REALM_ID`) VALUES ('password', 'password', '1', '1', 'QA'); #start 8988345 end 9071838 time 2021-08-05 10:37:56
INSERT INTO `keycloak`.`AUTHENTICATION_FLOW`(`ID`, `ALIAS`, `DESCRIPTION`, `REALM_ID`, `PROVIDER_ID`, `TOP_LEVEL`, `BUILT_IN`) VALUES ('040c9e8b-861b-4b3b-9bbb-869140f898b9', 'browser', 'browser based authentication', 'QA', 'basic-flow', '1', '1'); #start 8988345 end 9072044 time 2021-08-05 10:37:56
INSERT INTO `keycloak`.`AUTHENTICATION_EXECUTION`(`ID`, `ALIAS`, `AUTHENTICATOR`, `REALM_ID`, `FLOW_ID`, `REQUIREMENT`, `PRIORITY`, `AUTHENTICATOR_FLOW`, `AUTH_FLOW_ID`, `AUTH_CONFIG`) VALUES ('a2bbe753-fa77-4f57-b0a9-5b02b8bcc2b9', NULL, 'auth-cookie', 'QA', '040c9e8b-861b-4b3b-9bbb-869140f898b9', 2, 10, '0', NULL, NULL); #start 8988345 end 9072269 time 2021-08-05 10:37:56
INSERT INTO `keycloak`.`AUTHENTICATION_EXECUTION`(`ID`, `ALIAS`, `AUTHENTICATOR`, `REALM_ID`, `FLOW_ID`, `REQUIREMENT`, `PRIORITY`, `AUTHENTICATOR_FLOW`, `AUTH_FLOW_ID`, `AUTH_CONFIG`) VALUES ('59b6651f-2c95-491d-b2dc-4535047c04a0', NULL, 'auth-spnego', 'QA', '040c9e8b-861b-4b3b-9bbb-869140f898b9', 3, 20, '0', NULL, NULL); #start 8988345 end 9072494 time 2021-08-05 10:37:56
INSERT INTO `keycloak`.`AUTHENTICATION_EXECUTION`(`ID`, `ALIAS`, `AUTHENTICATOR`, `REALM_ID`, `FLOW_ID`, `REQUIREMENT`, `PRIORITY`, `AUTHENTICATOR_FLOW`, `AUTH_FLOW_ID`, `AUTH_CONFIG`) VALUES ('9e259394-9a6f-4f4b-bb1d-6b9fd6012ae3', NULL, 'identity-provider-redirector', 'QA', '040c9e8b-861b-4b3b-9bbb-869140f898b9', 2, 25, '0', NULL, NULL); #start 8988345 end 9072736 time 2021-08-05 10:37:56
INSERT INTO `keycloak`.`AUTHENTICATION_FLOW`(`ID`, `ALIAS`, `DESCRIPTION`, `REALM_ID`, `PROVIDER_ID`, `TOP_LEVEL`, `BUILT_IN`) VALUES ('5b7ff195-d221-48e6-b78a-d3405730c97c', 'forms', 'Username, password, otp and other auth forms.', 'QA', 'basic-flow', '0', '1'); #start 8988345 end 9072957 time 2021-08-05 10:37:56
INSERT INTO `keycloak`.`AUTHENTICATION_EXECUTION`(`ID`, `ALIAS`, `AUTHENTICATOR`, `REALM_ID`, `FLOW_ID`, `REQUIREMENT`, `PRIORITY`, `AUTHENTICATOR_FLOW`, `AUTH_FLOW_ID`, `AUTH_CONFIG`) VALUES ('823dfc66-9e73-48d2-afcf-1a9a4b82fc9f', NULL, NULL, 'QA', '040c9e8b-861b-4b3b-9bbb-869140f898b9', 2, 30, '1', '5b7ff195-d221-48e6-b78a-d3405730c97c', NULL); #start 8988345 end 9073207 time 2021-08-05 10:37:57
INSERT INTO `keycloak`.`AUTHENTICATION_EXECUTION`(`ID`, `ALIAS`, `AUTHENTICATOR`, `REALM_ID`, `FLOW_ID`, `REQUIREMENT`, `PRIORITY`, `AUTHENTICATOR_FLOW`, `AUTH_FLOW_ID`, `AUTH_CONFIG`) VALUES ('d724571b-354a-46e9-b695-01ffc308de6c', NULL, 'auth-username-password-form', 'QA', '5b7ff195-d221-48e6-b78a-d3405730c97c', 0, 10, '0', NULL, NULL); #start 8988345 end 9073448 time 2021-08-05 10:37:57
INSERT INTO `keycloak`.`AUTHENTICATION_EXECUTION`(`ID`, `ALIAS`, `AUTHENTICATOR`, `REALM_ID`, `FLOW_ID`, `REQUIREMENT`, `PRIORITY`, `AUTHENTICATOR_FLOW`, `AUTH_FLOW_ID`, `AUTH_CONFIG`) VALUES ('3cd25a03-d9b2-4e4a-bf9a-ed25fe9195b8', NULL, 'auth-otp-form', 'QA', '5b7ff195-d221-48e6-b78a-d3405730c97c', 1, 20, '0', NULL, NULL); #start 8988345 end 9073675 time 2021-08-05 10:37:57
INSERT INTO `keycloak`.`AUTHENTICATION_FLOW`(`ID`, `ALIAS`, `DESCRIPTION`, `REALM_ID`, `PROVIDER_ID`, `TOP_LEVEL`, `BUILT_IN`) VALUES ('1f962770-f2ae-49b9-92eb-0cca34f57932', 'direct grant', 'OpenID Connect Resource Owner Grant', 'QA', 'basic-flow', '1', '1'); #start 8988345 end 9073893 time 2021-08-05 10:37:57
INSERT INTO `keycloak`.`AUTHENTICATION_EXECUTION`(`ID`, `ALIAS`, `AUTHENTICATOR`, `REALM_ID`, `FLOW_ID`, `REQUIREMENT`, `PRIORITY`, `AUTHENTICATOR_FLOW`, `AUTH_FLOW_ID`, `AUTH_CONFIG`) VALUES ('883aa49f-b92b-47f4-921b-436b7b4f17a5', NULL, 'direct-grant-validate-username', 'QA', '1f962770-f2ae-49b9-92eb-0cca34f57932', 0, 10, '0', NULL, NULL); #start 8988345 end 9074137 time 2021-08-05 10:37:57
INSERT INTO `keycloak`.`AUTHENTICATION_EXECUTION`(`ID`, `ALIAS`, `AUTHENTICATOR`, `REALM_ID`, `FLOW_ID`, `REQUIREMENT`, `PRIORITY`, `AUTHENTICATOR_FLOW`, `AUTH_FLOW_ID`, `AUTH_CONFIG`) VALUES ('c74dc670-cdc1-434a-b231-ce8bc375bd30', NULL, 'direct-grant-validate-password', 'QA', '1f962770-f2ae-49b9-92eb-0cca34f57932', 0, 20, '0', NULL, NULL); #start 8988345 end 9074381 time 2021-08-05 10:37:57
INSERT INTO `keycloak`.`AUTHENTICATION_EXECUTION`(`ID`, `ALIAS`, `AUTHENTICATOR`, `REALM_ID`, `FLOW_ID`, `REQUIREMENT`, `PRIORITY`, `AUTHENTICATOR_FLOW`, `AUTH_FLOW_ID`, `AUTH_CONFIG`) VALUES ('21943e0e-660e-469b-b7ad-ba757af2f8e8', NULL, 'direct-grant-validate-otp', 'QA', '1f962770-f2ae-49b9-92eb-0cca34f57932', 1, 30, '0', NULL, NULL); #start 8988345 end 9074620 time 2021-08-05 10:37:57
INSERT INTO `keycloak`.`AUTHENTICATION_FLOW`(`ID`, `ALIAS`, `DESCRIPTION`, `REALM_ID`, `PROVIDER_ID`, `TOP_LEVEL`, `BUILT_IN`) VALUES ('23c9358f-ce8a-4ab2-8b57-7272d566c092', 'registration', 'registration flow', 'QA', 'basic-flow', '1', '1'); #start 8988345 end 9074820 time 2021-08-05 10:37:57
INSERT INTO `keycloak`.`AUTHENTICATION_FLOW`(`ID`, `ALIAS`, `DESCRIPTION`, `REALM_ID`, `PROVIDER_ID`, `TOP_LEVEL`, `BUILT_IN`) VALUES ('0e38355d-3cf4-43aa-88f6-d9a53e11fcea', 'registration form', 'registration form', 'QA', 'form-flow', '0', '1'); #start 8988345 end 9075024 time 2021-08-05 10:37:57
INSERT INTO `keycloak`.`AUTHENTICATION_EXECUTION`(`ID`, `ALIAS`, `AUTHENTICATOR`, `REALM_ID`, `FLOW_ID`, `REQUIREMENT`, `PRIORITY`, `AUTHENTICATOR_FLOW`, `AUTH_FLOW_ID`, `AUTH_CONFIG`) VALUES ('01821762-8c0d-4cd5-a554-02d7ff899a2d', NULL, 'registration-page-form', 'QA', '23c9358f-ce8a-4ab2-8b57-7272d566c092', 0, 10, '1', '0e38355d-3cf4-43aa-88f6-d9a53e11fcea', NULL); #start 8988345 end 9075297 time 2021-08-05 10:37:57
INSERT INTO `keycloak`.`AUTHENTICATION_EXECUTION`(`ID`, `ALIAS`, `AUTHENTICATOR`, `REALM_ID`, `FLOW_ID`, `REQUIREMENT`, `PRIORITY`, `AUTHENTICATOR_FLOW`, `AUTH_FLOW_ID`, `AUTH_CONFIG`) VALUES ('49cc5471-a357-451d-bbfc-b9a1d57cbe18', NULL, 'registration-user-creation', 'QA', '0e38355d-3cf4-43aa-88f6-d9a53e11fcea', 0, 20, '0', NULL, NULL); #start 8988345 end 9075537 time 2021-08-05 10:37:57
INSERT INTO `keycloak`.`AUTHENTICATION_EXECUTION`(`ID`, `ALIAS`, `AUTHENTICATOR`, `REALM_ID`, `FLOW_ID`, `REQUIREMENT`, `PRIORITY`, `AUTHENTICATOR_FLOW`, `AUTH_FLOW_ID`, `AUTH_CONFIG`) VALUES ('2bc3f04d-a34e-47c2-93b0-59ee065098f1', NULL, 'registration-profile-action', 'QA', '0e38355d-3cf4-43aa-88f6-d9a53e11fcea', 0, 40, '0', NULL, NULL); #start 8988345 end 9075778 time 2021-08-05 10:37:57
INSERT INTO `keycloak`.`AUTHENTICATION_EXECUTION`(`ID`, `ALIAS`, `AUTHENTICATOR`, `REALM_ID`, `FLOW_ID`, `REQUIREMENT`, `PRIORITY`, `AUTHENTICATOR_FLOW`, `AUTH_FLOW_ID`, `AUTH_CONFIG`) VALUES ('07841836-9c16-4c5e-a7c8-87b0162159fa', NULL, 'registration-password-action', 'QA', '0e38355d-3cf4-43aa-88f6-d9a53e11fcea', 0, 50, '0', NULL, NULL); #start 8988345 end 9076020 time 2021-08-05 10:37:57
INSERT INTO `keycloak`.`AUTHENTICATION_EXECUTION`(`ID`, `ALIAS`, `AUTHENTICATOR`, `REALM_ID`, `FLOW_ID`, `REQUIREMENT`, `PRIORITY`, `AUTHENTICATOR_FLOW`, `AUTH_FLOW_ID`, `AUTH_CONFIG`) VALUES ('71f5d0d1-7045-44e0-91fd-eb350035db51', NULL, 'registration-recaptcha-action', 'QA', '0e38355d-3cf4-43aa-88f6-d9a53e11fcea', 3, 60, '0', NULL, NULL); #start 8988345 end 9076263 time 2021-08-05 10:37:57
INSERT INTO `keycloak`.`AUTHENTICATION_FLOW`(`ID`, `ALIAS`, `DESCRIPTION`, `REALM_ID`, `PROVIDER_ID`, `TOP_LEVEL`, `BUILT_IN`) VALUES ('82491eb0-d6ae-4d92-93b9-5f8b9d1b0688', 'reset credentials', 'Reset credentials for a user if they forgot their password or something', 'QA', 'basic-flow', '1', '1'); #start 8988345 end 9076522 time 2021-08-05 10:37:57
INSERT INTO `keycloak`.`AUTHENTICATION_EXECUTION`(`ID`, `ALIAS`, `AUTHENTICATOR`, `REALM_ID`, `FLOW_ID`, `REQUIREMENT`, `PRIORITY`, `AUTHENTICATOR_FLOW`, `AUTH_FLOW_ID`, `AUTH_CONFIG`) VALUES ('639cb9cd-b482-4d94-809a-fbcf4e71cbda', NULL, 'reset-credentials-choose-user', 'QA', '82491eb0-d6ae-4d92-93b9-5f8b9d1b0688', 0, 10, '0', NULL, NULL); #start 8988345 end 9076765 time 2021-08-05 10:37:57
INSERT INTO `keycloak`.`AUTHENTICATION_EXECUTION`(`ID`, `ALIAS`, `AUTHENTICATOR`, `REALM_ID`, `FLOW_ID`, `REQUIREMENT`, `PRIORITY`, `AUTHENTICATOR_FLOW`, `AUTH_FLOW_ID`, `AUTH_CONFIG`) VALUES ('0d0f6531-82bc-4ac2-9c2f-26e71f2dd1fe', NULL, 'reset-credential-email', 'QA', '82491eb0-d6ae-4d92-93b9-5f8b9d1b0688', 0, 20, '0', NULL, NULL); #start 8988345 end 9077001 time 2021-08-05 10:37:57
INSERT INTO `keycloak`.`AUTHENTICATION_EXECUTION`(`ID`, `ALIAS`, `AUTHENTICATOR`, `REALM_ID`, `FLOW_ID`, `REQUIREMENT`, `PRIORITY`, `AUTHENTICATOR_FLOW`, `AUTH_FLOW_ID`, `AUTH_CONFIG`) VALUES ('5f36758d-5aae-4e3e-a9da-8893bdeb1979', NULL, 'reset-password', 'QA', '82491eb0-d6ae-4d92-93b9-5f8b9d1b0688', 0, 30, '0', NULL, NULL); #start 8988345 end 9077229 time 2021-08-05 10:37:57
INSERT INTO `keycloak`.`AUTHENTICATION_EXECUTION`(`ID`, `ALIAS`, `AUTHENTICATOR`, `REALM_ID`, `FLOW_ID`, `REQUIREMENT`, `PRIORITY`, `AUTHENTICATOR_FLOW`, `AUTH_FLOW_ID`, `AUTH_CONFIG`) VALUES ('ccc23d2b-e050-4ad9-914e-fd29b25fedaa', NULL, 'reset-otp', 'QA', '82491eb0-d6ae-4d92-93b9-5f8b9d1b0688', 1, 40, '0', NULL, NULL); #start 8988345 end 9077452 time 2021-08-05 10:37:57
INSERT INTO `keycloak`.`AUTHENTICATION_FLOW`(`ID`, `ALIAS`, `DESCRIPTION`, `REALM_ID`, `PROVIDER_ID`, `TOP_LEVEL`, `BUILT_IN`) VALUES ('9b8d8b9d-66af-4991-bdc9-11184d568758', 'clients', 'Base authentication for clients', 'QA', 'client-flow', '1', '1'); #start 8988345 end 9077662 time 2021-08-05 10:37:57
INSERT INTO `keycloak`.`AUTHENTICATION_EXECUTION`(`ID`, `ALIAS`, `AUTHENTICATOR`, `REALM_ID`, `FLOW_ID`, `REQUIREMENT`, `PRIORITY`, `AUTHENTICATOR_FLOW`, `AUTH_FLOW_ID`, `AUTH_CONFIG`) VALUES ('f3d78d9c-58dd-4d16-bc6d-404b5256c836', NULL, 'client-secret', 'QA', '9b8d8b9d-66af-4991-bdc9-11184d568758', 2, 10, '0', NULL, NULL); #start 8988345 end 9077889 time 2021-08-05 10:37:57
INSERT INTO `keycloak`.`AUTHENTICATION_EXECUTION`(`ID`, `ALIAS`, `AUTHENTICATOR`, `REALM_ID`, `FLOW_ID`, `REQUIREMENT`, `PRIORITY`, `AUTHENTICATOR_FLOW`, `AUTH_FLOW_ID`, `AUTH_CONFIG`) VALUES ('44c84de0-5536-4d28-9ed2-5a0781d2961f', NULL, 'client-jwt', 'QA', '9b8d8b9d-66af-4991-bdc9-11184d568758', 2, 20, '0', NULL, NULL); #start 8988345 end 9078113 time 2021-08-05 10:37:57
INSERT INTO `keycloak`.`AUTHENTICATION_EXECUTION`(`ID`, `ALIAS`, `AUTHENTICATOR`, `REALM_ID`, `FLOW_ID`, `REQUIREMENT`, `PRIORITY`, `AUTHENTICATOR_FLOW`, `AUTH_FLOW_ID`, `AUTH_CONFIG`) VALUES ('eb8e8d3f-7c10-40a8-a8cb-19a41a66fb4c', NULL, 'client-secret-jwt', 'QA', '9b8d8b9d-66af-4991-bdc9-11184d568758', 2, 30, '0', NULL, NULL); #start 8988345 end 9078344 time 2021-08-05 10:37:57
INSERT INTO `keycloak`.`AUTHENTICATION_EXECUTION`(`ID`, `ALIAS`, `AUTHENTICATOR`, `REALM_ID`, `FLOW_ID`, `REQUIREMENT`, `PRIORITY`, `AUTHENTICATOR_FLOW`, `AUTH_FLOW_ID`, `AUTH_CONFIG`) VALUES ('dc46847e-7e69-4bdf-a102-6abcfb31dfc5', NULL, 'client-x509', 'QA', '9b8d8b9d-66af-4991-bdc9-11184d568758', 2, 40, '0', NULL, NULL); #start 8988345 end 9078569 time 2021-08-05 10:37:57
INSERT INTO `keycloak`.`AUTHENTICATION_FLOW`(`ID`, `ALIAS`, `DESCRIPTION`, `REALM_ID`, `PROVIDER_ID`, `TOP_LEVEL`, `BUILT_IN`) VALUES ('556dd014-87de-4aa8-bc3a-56092a0ab85b', 'first broker login', 'Actions taken after first broker login with identity provider account, which is not yet linked to any Keycloak account', 'QA', 'basic-flow', '1', '1'); #start 8988345 end 9078876 time 2021-08-05 10:37:57
INSERT INTO `keycloak`.`AUTHENTICATOR_CONFIG`(`ID`, `ALIAS`, `REALM_ID`) VALUES ('22760632-385b-4189-9af1-ce8aadb2870b', 'review profile config', 'QA'); #start 8988345 end 9079042 time 2021-08-05 10:37:57
INSERT INTO `keycloak`.`AUTHENTICATION_EXECUTION`(`ID`, `ALIAS`, `AUTHENTICATOR`, `REALM_ID`, `FLOW_ID`, `REQUIREMENT`, `PRIORITY`, `AUTHENTICATOR_FLOW`, `AUTH_FLOW_ID`, `AUTH_CONFIG`) VALUES ('cbfbe11a-269e-441b-835d-f0de6ac1fc61', NULL, 'idp-review-profile', 'QA', '556dd014-87de-4aa8-bc3a-56092a0ab85b', 0, 10, '0', NULL, '22760632-385b-4189-9af1-ce8aadb2870b'); #start 8988345 end 9079311 time 2021-08-05 10:37:57
INSERT INTO `keycloak`.`AUTHENTICATOR_CONFIG`(`ID`, `ALIAS`, `REALM_ID`) VALUES ('90074868-e5eb-46aa-a4b6-de52fdec5122', 'create unique user config', 'QA'); #start 8988345 end 9079481 time 2021-08-05 10:37:57
INSERT INTO `keycloak`.`AUTHENTICATION_EXECUTION`(`ID`, `ALIAS`, `AUTHENTICATOR`, `REALM_ID`, `FLOW_ID`, `REQUIREMENT`, `PRIORITY`, `AUTHENTICATOR_FLOW`, `AUTH_FLOW_ID`, `AUTH_CONFIG`) VALUES ('fe915d04-5352-4ad3-909b-c676530b8fb9', NULL, 'idp-create-user-if-unique', 'QA', '556dd014-87de-4aa8-bc3a-56092a0ab85b', 2, 20, '0', NULL, '90074868-e5eb-46aa-a4b6-de52fdec5122'); #start 8988345 end 9079757 time 2021-08-05 10:37:57
INSERT INTO `keycloak`.`AUTHENTICATION_FLOW`(`ID`, `ALIAS`, `DESCRIPTION`, `REALM_ID`, `PROVIDER_ID`, `TOP_LEVEL`, `BUILT_IN`) VALUES ('67b3fbd6-d172-4c13-a56e-30912503a0ad', 'Handle Existing Account', 'Handle what to do if there is existing account with same email/username like authenticated identity provider', 'QA', 'basic-flow', '0', '1'); #start 8988345 end 9080059 time 2021-08-05 10:37:57
INSERT INTO `keycloak`.`AUTHENTICATION_EXECUTION`(`ID`, `ALIAS`, `AUTHENTICATOR`, `REALM_ID`, `FLOW_ID`, `REQUIREMENT`, `PRIORITY`, `AUTHENTICATOR_FLOW`, `AUTH_FLOW_ID`, `AUTH_CONFIG`) VALUES ('e33a1f02-5640-4d3b-8d85-c429b5c6d3c2', NULL, NULL, 'QA', '556dd014-87de-4aa8-bc3a-56092a0ab85b', 2, 30, '1', '67b3fbd6-d172-4c13-a56e-30912503a0ad', NULL); #start 8988345 end 9080309 time 2021-08-05 10:37:57
INSERT INTO `keycloak`.`AUTHENTICATION_EXECUTION`(`ID`, `ALIAS`, `AUTHENTICATOR`, `REALM_ID`, `FLOW_ID`, `REQUIREMENT`, `PRIORITY`, `AUTHENTICATOR_FLOW`, `AUTH_FLOW_ID`, `AUTH_CONFIG`) VALUES ('c1334ca3-bcfa-49e5-a131-f199e27f5328', NULL, 'idp-confirm-link', 'QA', '67b3fbd6-d172-4c13-a56e-30912503a0ad', 0, 10, '0', NULL, NULL); #start 8988345 end 9080539 time 2021-08-05 10:37:57
INSERT INTO `keycloak`.`AUTHENTICATION_EXECUTION`(`ID`, `ALIAS`, `AUTHENTICATOR`, `REALM_ID`, `FLOW_ID`, `REQUIREMENT`, `PRIORITY`, `AUTHENTICATOR_FLOW`, `AUTH_FLOW_ID`, `AUTH_CONFIG`) VALUES ('531a997b-0bdc-437a-810b-985fa51a26f5', NULL, 'idp-email-verification', 'QA', '67b3fbd6-d172-4c13-a56e-30912503a0ad', 2, 20, '0', NULL, NULL); #start 8988345 end 9080775 time 2021-08-05 10:37:57
INSERT INTO `keycloak`.`AUTHENTICATION_FLOW`(`ID`, `ALIAS`, `DESCRIPTION`, `REALM_ID`, `PROVIDER_ID`, `TOP_LEVEL`, `BUILT_IN`) VALUES ('fdb28fb7-ed07-4202-bfe4-788ae73591ea', 'Verify Existing Account by Re-authentication', 'Reauthentication of existing account', 'QA', 'basic-flow', '0', '1'); #start 8988345 end 9081026 time 2021-08-05 10:37:57
INSERT INTO `keycloak`.`AUTHENTICATION_EXECUTION`(`ID`, `ALIAS`, `AUTHENTICATOR`, `REALM_ID`, `FLOW_ID`, `REQUIREMENT`, `PRIORITY`, `AUTHENTICATOR_FLOW`, `AUTH_FLOW_ID`, `AUTH_CONFIG`) VALUES ('0ec6118a-7398-4c84-95ca-16cef2e5a3c6', NULL, NULL, 'QA', '67b3fbd6-d172-4c13-a56e-30912503a0ad', 2, 30, '1', 'fdb28fb7-ed07-4202-bfe4-788ae73591ea', NULL); #start 8988345 end 9081276 time 2021-08-05 10:37:57
INSERT INTO `keycloak`.`AUTHENTICATION_EXECUTION`(`ID`, `ALIAS`, `AUTHENTICATOR`, `REALM_ID`, `FLOW_ID`, `REQUIREMENT`, `PRIORITY`, `AUTHENTICATOR_FLOW`, `AUTH_FLOW_ID`, `AUTH_CONFIG`) VALUES ('2c65bdd2-5f82-449e-b9df-101c4437e0f3', NULL, 'idp-username-password-form', 'QA', 'fdb28fb7-ed07-4202-bfe4-788ae73591ea', 0, 10, '0', NULL, NULL); #start 8988345 end 9081516 time 2021-08-05 10:37:57
INSERT INTO `keycloak`.`AUTHENTICATION_EXECUTION`(`ID`, `ALIAS`, `AUTHENTICATOR`, `REALM_ID`, `FLOW_ID`, `REQUIREMENT`, `PRIORITY`, `AUTHENTICATOR_FLOW`, `AUTH_FLOW_ID`, `AUTH_CONFIG`) VALUES ('cc63acb2-ac91-497c-a595-84136ae47b3d', NULL, 'auth-otp-form', 'QA', 'fdb28fb7-ed07-4202-bfe4-788ae73591ea', 1, 20, '0', NULL, NULL); #start 8988345 end 9081743 time 2021-08-05 10:37:57
INSERT INTO `keycloak`.`AUTHENTICATION_FLOW`(`ID`, `ALIAS`, `DESCRIPTION`, `REALM_ID`, `PROVIDER_ID`, `TOP_LEVEL`, `BUILT_IN`) VALUES ('cce91baa-eeeb-4ad3-bde1-35f07e601f31', 'saml ecp', 'SAML ECP Profile Authentication Flow', 'QA', 'basic-flow', '1', '1'); #start 8988345 end 9081958 time 2021-08-05 10:37:57
INSERT INTO `keycloak`.`AUTHENTICATION_EXECUTION`(`ID`, `ALIAS`, `AUTHENTICATOR`, `REALM_ID`, `FLOW_ID`, `REQUIREMENT`, `PRIORITY`, `AUTHENTICATOR_FLOW`, `AUTH_FLOW_ID`, `AUTH_CONFIG`) VALUES ('3e4808c7-a516-4479-a2ba-dabbeb8bf01f', NULL, 'http-basic-authenticator', 'QA', 'cce91baa-eeeb-4ad3-bde1-35f07e601f31', 0, 10, '0', NULL, NULL); #start 8988345 end 9082196 time 2021-08-05 10:37:57
INSERT INTO `keycloak`.`AUTHENTICATION_FLOW`(`ID`, `ALIAS`, `DESCRIPTION`, `REALM_ID`, `PROVIDER_ID`, `TOP_LEVEL`, `BUILT_IN`) VALUES ('61234188-07ee-451b-9547-9d335f7d67c2', 'docker auth', 'Used by Docker clients to authenticate against the IDP', 'QA', 'basic-flow', '1', '1'); #start 8988345 end 9082432 time 2021-08-05 10:37:57
INSERT INTO `keycloak`.`AUTHENTICATION_EXECUTION`(`ID`, `ALIAS`, `AUTHENTICATOR`, `REALM_ID`, `FLOW_ID`, `REQUIREMENT`, `PRIORITY`, `AUTHENTICATOR_FLOW`, `AUTH_FLOW_ID`, `AUTH_CONFIG`) VALUES ('76c048e8-9b36-4e47-87fe-d9489dfff5b0', NULL, 'docker-http-basic-authenticator', 'QA', '61234188-07ee-451b-9547-9d335f7d67c2', 0, 10, '0', NULL, NULL); #start 8988345 end 9082677 time 2021-08-05 10:37:57
INSERT INTO `keycloak`.`REQUIRED_ACTION_PROVIDER`(`ID`, `ALIAS`, `NAME`, `REALM_ID`, `ENABLED`, `DEFAULT_ACTION`, `PROVIDER_ID`, `PRIORITY`) VALUES ('70ad0831-04c1-4a73-b981-2c10c8245645', 'VERIFY_EMAIL', 'Verify Email', 'QA', '1', '0', 'VERIFY_EMAIL', 50); #start 8988345 end 9082885 time 2021-08-05 10:37:57
UPDATE `keycloak`.`REALM` SET `ID`='QA', `ACCESS_CODE_LIFESPAN`=60, `USER_ACTION_LIFESPAN`=300, `ACCESS_TOKEN_LIFESPAN`=300, `ACCOUNT_THEME`=NULL, `ADMIN_THEME`=NULL, `EMAIL_THEME`=NULL, `ENABLED`='1', `EVENTS_ENABLED`='0', `EVENTS_EXPIRATION`=0, `LOGIN_THEME`=NULL, `NAME`='QA', `NOT_BEFORE`=0, `PASSWORD_POLICY`=NULL, `REGISTRATION_ALLOWED`='0', `REMEMBER_ME`='0', `RESET_PASSWORD_ALLOWED`='0', `SOCIAL`='0', `SSL_REQUIRED`='EXTERNAL', `SSO_IDLE_TIMEOUT`=1800, `SSO_MAX_LIFESPAN`=36000, `UPDATE_PROFILE_ON_SOC_LOGIN`='0', `VERIFY_EMAIL`='0', `MASTER_ADMIN_CLIENT`='7ce2eec1-3f43-4b4b-a383-09a50e710495', `LOGIN_LIFESPAN`=1800, `INTERNATIONALIZATION_ENABLED`='0', `DEFAULT_LOCALE`=NULL, `REG_EMAIL_AS_USERNAME`='0', `ADMIN_EVENTS_ENABLED`='0', `ADMIN_EVENTS_DETAILS_ENABLED`='0', `EDIT_USERNAME_ALLOWED`='0', `OTP_POLICY_COUNTER`=0, `OTP_POLICY_WINDOW`=1, `OTP_POLICY_PERIOD`=30, `OTP_POLICY_DIGITS`=6, `OTP_POLICY_ALG`='HmacSHA1', `OTP_POLICY_TYPE`='totp', `BROWSER_FLOW`='040c9e8b-861b-4b3b-9bbb-869140f898b9', `REGISTRATION_FLOW`='23c9358f-ce8a-4ab2-8b57-7272d566c092', `DIRECT_GRANT_FLOW`='1f962770-f2ae-49b9-92eb-0cca34f57932', `RESET_CREDENTIALS_FLOW`='82491eb0-d6ae-4d92-93b9-5f8b9d1b0688', `CLIENT_AUTH_FLOW`='9b8d8b9d-66af-4991-bdc9-11184d568758', `OFFLINE_SESSION_IDLE_TIMEOUT`=2592000, `REVOKE_REFRESH_TOKEN`='0', `ACCESS_TOKEN_LIFE_IMPLICIT`=900, `LOGIN_WITH_EMAIL_ALLOWED`='1', `DUPLICATE_EMAILS_ALLOWED`='0', `DOCKER_AUTH_FLOW`='61234188-07ee-451b-9547-9d335f7d67c2', `REFRESH_TOKEN_MAX_REUSE`=0, `ALLOW_USER_MANAGED_ACCESS`='0' WHERE `ID`='QA' AND `ACCESS_CODE_LIFESPAN`=60 AND `USER_ACTION_LIFESPAN`=300 AND `ACCESS_TOKEN_LIFESPAN`=300 AND `ACCOUNT_THEME` IS NULL AND `ADMIN_THEME` IS NULL AND `EMAIL_THEME` IS NULL AND `ENABLED`='1' AND `EVENTS_ENABLED`='0' AND `EVENTS_EXPIRATION`=0 AND `LOGIN_THEME` IS NULL AND `NAME`='QA' AND `NOT_BEFORE`=0 AND `PASSWORD_POLICY` IS NULL AND `REGISTRATION_ALLOWED`='0' AND `REMEMBER_ME`='0' AND `RESET_PASSWORD_ALLOWED`='0' AND `SOCIAL`='0' AND `SSL_REQUIRED`='EXTERNAL' AND `SSO_IDLE_TIMEOUT`=1800 AND `SSO_MAX_LIFESPAN`=36000 AND `UPDATE_PROFILE_ON_SOC_LOGIN`='0' AND `VERIFY_EMAIL`='0' AND `MASTER_ADMIN_CLIENT`='7ce2eec1-3f43-4b4b-a383-09a50e710495' AND `LOGIN_LIFESPAN`=1800 AND `INTERNATIONALIZATION_ENABLED`='0' AND `DEFAULT_LOCALE` IS NULL AND `REG_EMAIL_AS_USERNAME`='0' AND `ADMIN_EVENTS_ENABLED`='0' AND `ADMIN_EVENTS_DETAILS_ENABLED`='0' AND `EDIT_USERNAME_ALLOWED`='0' AND `OTP_POLICY_COUNTER`=0 AND `OTP_POLICY_WINDOW`=1 AND `OTP_POLICY_PERIOD`=30 AND `OTP_POLICY_DIGITS`=6 AND `OTP_POLICY_ALG`='HmacSHA1' AND `OTP_POLICY_TYPE`='totp' AND `BROWSER_FLOW` IS NULL AND `REGISTRATION_FLOW` IS NULL AND `DIRECT_GRANT_FLOW` IS NULL AND `RESET_CREDENTIALS_FLOW` IS NULL AND `CLIENT_AUTH_FLOW` IS NULL AND `OFFLINE_SESSION_IDLE_TIMEOUT`=2592000 AND `REVOKE_REFRESH_TOKEN`='0' AND `ACCESS_TOKEN_LIFE_IMPLICIT`=900 AND `LOGIN_WITH_EMAIL_ALLOWED`='1' AND `DUPLICATE_EMAILS_ALLOWED`='0' AND `DOCKER_AUTH_FLOW` IS NULL AND `REFRESH_TOKEN_MAX_REUSE`=0 AND `ALLOW_USER_MANAGED_ACCESS`='0' LIMIT 1; #start 8988345 end 9083636 time 2021-08-05 10:37:57
INSERT INTO `keycloak`.`AUTHENTICATOR_CONFIG_ENTRY`(`AUTHENTICATOR_ID`, `VALUE`, `NAME`) VALUES ('22760632-385b-4189-9af1-ce8aadb2870b', 'missing', 'update.profile.on.first.login'); #start 8988345 end 9083823 time 2021-08-05 10:37:57
INSERT INTO `keycloak`.`AUTHENTICATOR_CONFIG_ENTRY`(`AUTHENTICATOR_ID`, `VALUE`, `NAME`) VALUES ('90074868-e5eb-46aa-a4b6-de52fdec5122', 'false', 'require.password.update.after.registration'); #start 8988345 end 9084021 time 2021-08-05 10:37:57
INSERT INTO `keycloak`.`REQUIRED_ACTION_PROVIDER`(`ID`, `ALIAS`, `NAME`, `REALM_ID`, `ENABLED`, `DEFAULT_ACTION`, `PROVIDER_ID`, `PRIORITY`) VALUES ('65045b07-34e5-43f5-b276-0a88af6c6b0f', 'UPDATE_PROFILE', 'Update Profile', 'QA', '1', '0', 'UPDATE_PROFILE', 40); #start 8988345 end 9084235 time 2021-08-05 10:37:57
INSERT INTO `keycloak`.`REQUIRED_ACTION_PROVIDER`(`ID`, `ALIAS`, `NAME`, `REALM_ID`, `ENABLED`, `DEFAULT_ACTION`, `PROVIDER_ID`, `PRIORITY`) VALUES ('feb6453b-ecdc-4f2c-8b4f-5521af78d672', 'CONFIGURE_TOTP', 'Configure OTP', 'QA', '1', '0', 'CONFIGURE_TOTP', 10); #start 8988345 end 9084448 time 2021-08-05 10:37:57
INSERT INTO `keycloak`.`REQUIRED_ACTION_PROVIDER`(`ID`, `ALIAS`, `NAME`, `REALM_ID`, `ENABLED`, `DEFAULT_ACTION`, `PROVIDER_ID`, `PRIORITY`) VALUES ('1b9f26a8-e341-40d0-92cc-689ec065729e', 'UPDATE_PASSWORD', 'Update Password', 'QA', '1', '0', 'UPDATE_PASSWORD', 30); #start 8988345 end 9084665 time 2021-08-05 10:37:57
INSERT INTO `keycloak`.`REQUIRED_ACTION_PROVIDER`(`ID`, `ALIAS`, `NAME`, `REALM_ID`, `ENABLED`, `DEFAULT_ACTION`, `PROVIDER_ID`, `PRIORITY`) VALUES ('a3e53c09-c9fb-41e0-8697-a840bcdb59a1', 'terms_and_conditions', 'Terms and Conditions', 'QA', '0', '0', 'terms_and_conditions', 20); #start 8988345 end 9084897 time 2021-08-05 10:37:57
INSERT INTO `keycloak`.`COMPONENT`(`ID`, `NAME`, `PARENT_ID`, `PROVIDER_ID`, `PROVIDER_TYPE`, `REALM_ID`, `SUB_TYPE`) VALUES ('08b76451-246f-471b-8a1b-f0878a17348a', 'rsa-generated', 'QA', 'rsa-generated', 'org.keycloak.keys.KeyProvider', 'QA', NULL); #start 8988345 end 9085104 time 2021-08-05 10:37:58
INSERT INTO `keycloak`.`COMPONENT`(`ID`, `NAME`, `PARENT_ID`, `PROVIDER_ID`, `PROVIDER_TYPE`, `REALM_ID`, `SUB_TYPE`) VALUES ('d936ed6c-a3fd-4cd1-b24b-180ca327af7f', 'hmac-generated', 'QA', 'hmac-generated', 'org.keycloak.keys.KeyProvider', 'QA', NULL); #start 8988345 end 9085313 time 2021-08-05 10:37:58
INSERT INTO `keycloak`.`COMPONENT`(`ID`, `NAME`, `PARENT_ID`, `PROVIDER_ID`, `PROVIDER_TYPE`, `REALM_ID`, `SUB_TYPE`) VALUES ('3388a4d1-124a-4e3a-8042-fc0805f4b467', 'aes-generated', 'QA', 'aes-generated', 'org.keycloak.keys.KeyProvider', 'QA', NULL); #start 8988345 end 9085520 time 2021-08-05 10:37:58
INSERT INTO `keycloak`.`COMPONENT_CONFIG`(`ID`, `COMPONENT_ID`, `NAME`, `VALUE`) VALUES ('15b6d35a-2551-498f-b8cf-02ae799fbf9e', 'd936ed6c-a3fd-4cd1-b24b-180ca327af7f', 'secret', '5hFAHqoPcdFtF5Yl5c9ABVewK8a2nBow5OPjIsKI_P4'); #start 8988345 end 9085749 time 2021-08-05 10:37:58
INSERT INTO `keycloak`.`COMPONENT_CONFIG`(`ID`, `COMPONENT_ID`, `NAME`, `VALUE`) VALUES ('8a20ebdb-7820-47f2-b1d1-fd5d5bdb1cc0', 'd936ed6c-a3fd-4cd1-b24b-180ca327af7f', 'priority', '100'); #start 8988345 end 9085940 time 2021-08-05 10:37:58
INSERT INTO `keycloak`.`COMPONENT_CONFIG`(`ID`, `COMPONENT_ID`, `NAME`, `VALUE`) VALUES ('f53e81df-1930-41cd-b050-a48e77a0bb6e', 'd936ed6c-a3fd-4cd1-b24b-180ca327af7f', 'kid', '78610e5c-4378-4c75-8b2f-39635626fd3e'); #start 8988345 end 9086159 time 2021-08-05 10:37:58
INSERT INTO `keycloak`.`COMPONENT_CONFIG`(`ID`, `COMPONENT_ID`, `NAME`, `VALUE`) VALUES ('ce95ffe9-29d4-4d28-b55d-db92a6e0839b', '3388a4d1-124a-4e3a-8042-fc0805f4b467', 'secret', 'mwOpdjQFwMh3A2_3bEsW0A'); #start 8988345 end 9086367 time 2021-08-05 10:37:58
INSERT INTO `keycloak`.`COMPONENT_CONFIG`(`ID`, `COMPONENT_ID`, `NAME`, `VALUE`) VALUES ('630a3d1d-2bc1-4505-981e-0e2be8444ba1', '3388a4d1-124a-4e3a-8042-fc0805f4b467', 'priority', '100'); #start 8988345 end 9086558 time 2021-08-05 10:37:58
INSERT INTO `keycloak`.`COMPONENT_CONFIG`(`ID`, `COMPONENT_ID`, `NAME`, `VALUE`) VALUES ('6f672596-8a5f-42d1-830a-f31e8da5fa4f', '3388a4d1-124a-4e3a-8042-fc0805f4b467', 'kid', 'd6bea797-9a8b-4278-9c80-d77f50790245'); #start 8988345 end 9086777 time 2021-08-05 10:37:58
INSERT INTO `keycloak`.`COMPONENT_CONFIG`(`ID`, `COMPONENT_ID`, `NAME`, `VALUE`) VALUES ('514ededa-f05f-4d62-8778-6ccfc67c358b', '08b76451-246f-471b-8a1b-f0878a17348a', 'priority', '100'); #start 8988345 end 9086968 time 2021-08-05 10:37:58
INSERT INTO `keycloak`.`COMPONENT_CONFIG`(`ID`, `COMPONENT_ID`, `NAME`, `VALUE`) VALUES ('f6b2c52f-4969-4270-830e-09fbd2a63d5a', '08b76451-246f-471b-8a1b-f0878a17348a', 'certificate', 'MIICkzCCAXsCBgF7FCywdDANBgkqhkiG9w0BAQsFADANMQswCQYDVQQDDAJRQTAeFw0yMTA4MDUwMjM2MThaFw0zMTA4MDUwMjM3NThaMA0xCzAJBgNVBAMMAlFBMIIBIjANBgkqhkiG9w0BAQEFAAOCAQ8AMIIBCgKCAQEAjg2vW2tO9fYT/oRlpPN4HTMBwky4je3r2/0adlNDo2Cviyn19UxN/PIRJ+cqXhvukkswmgRQ+9w4gS6cPLz85i/xZI3KM2m04zCWNBeBSY23FUfZJmq16u5Vsf17YKVfQGff6k4Mny5IO8BcMwHcEpqaXUnJcX8WwdEIeu9zlbcA3RXV1jcvadvRkcPNiuP4MkaYNp4Ybu+9mBYYwtS9PmTZOMdMDqn9pA6Ef5SG6szOqetZPQqq4ySu+BJxDyMv3hK8rkF3QPVvgXH9ECxP0zy0h7KeQyMUAQCDZSDUn/CYOx6O1Jse0zmoURR2h7g/CPTYP89svlmbYM97jC9zTwIDAQABMA0GCSqGSIb3DQEBCwUAA4IBAQBO0BSHTXuftjzQvMcTzeqVN/IODfBaghAr3Tcuxe+bAxrFPJxPPj//39nh2nPNiA6JIpJDw9nkm8uc/gPmwJ+Dnyq0Qo9jMIg09CWLefZqFDAhVrnTUq79bMrAbv0SCFmhp/H7WAtZM+eD1vW70dZsDw6PJuX7BYcfDiWmg3cvEn0EvG8r84M9z5XUIFQfwsKqSO3XGtQa7YG8VjhL26Fqow8ytqjOOT53f6VAqOTBZt/Lyiskj4P6q68oSlC1AA2rhWTJPhAliCkvrUh/QkWHEml6f+2WlkltpOj+1CDnh5z9xN9T3kBtA/ktQ4gTSlXfARImkOSNiRoBB8tSBOcM'); #start 8988345 end 9088043 time 2021-08-05 10:37:58
INSERT INTO `keycloak`.`COMPONENT_CONFIG`(`ID`, `COMPONENT_ID`, `NAME`, `VALUE`) VALUES ('32ba89b5-de88-403a-83ec-5b26c138f882', '08b76451-246f-471b-8a1b-f0878a17348a', 'privateKey', 'MIIEowIBAAKCAQEAjg2vW2tO9fYT/oRlpPN4HTMBwky4je3r2/0adlNDo2Cviyn19UxN/PIRJ+cqXhvukkswmgRQ+9w4gS6cPLz85i/xZI3KM2m04zCWNBeBSY23FUfZJmq16u5Vsf17YKVfQGff6k4Mny5IO8BcMwHcEpqaXUnJcX8WwdEIeu9zlbcA3RXV1jcvadvRkcPNiuP4MkaYNp4Ybu+9mBYYwtS9PmTZOMdMDqn9pA6Ef5SG6szOqetZPQqq4ySu+BJxDyMv3hK8rkF3QPVvgXH9ECxP0zy0h7KeQyMUAQCDZSDUn/CYOx6O1Jse0zmoURR2h7g/CPTYP89svlmbYM97jC9zTwIDAQABAoIBAH3mGxjHDoBnzGizJvL+5eHbJx/xp1ADIhsjQ6TDPxs5wdtxIRB6xFP+pr3a323xC4yVH0ohsTTHhTzY9pfOV8Ybj7IzCJZwhWUl1rnsayWpeC5gM1EdGoZRHZpWslaBut32MjoTWpRqDJMIda6vY0EJzO4JS4RPwvecMAvk1WhGJ5rjC26grA26U+eIgVRmNsPRcRnsx54pxdHtc67q0XMunKyppGsYUTyErNDG4DEqaZM1h7+ELdyw2aVqoD0d6yPnhVJtmW+jZJCaCMq0/0G8XAync2hdp7/1fv9/rE7/0t33j5/o3HURmEmpGhI7714ct/vWIhRNGaD5dYHChOECgYEA3bPTSIYmey1uJ1ECyb1vFrxrdSiip59NHntpHXXIPmtg+kqQdYuOFBYLmK1BkaFXywIXydn+8iuDbaeKxZEWEgn+7Qn/AZDDrAXGO9hpnHTpeDx8tA/swsGtn6dJXBJhrTi1OIeGdxNqCQzA4DHhZDWPUW0jjJ5o3yXkSNeCik0CgYEApAd8zsgoa/Yp7L5mCseojo6N4Tp0F1Pi/MeUpUjJ/qplao963a8lBn+5FRYO+Vdxi/p6ZNwOUx0lpLfWpLTDng7y2xwlWpGD4a7EjbNjqxILGtQJVEdFIDHQYcoDEeJAH3ejS93e6yOM7FjS21c0nqoXB778xPtl0qVaV44eigsCgYB12h/Yj6dpF09VCxVmVJL3DRY6Y22DmYUPTR8lj/TwaXhV1MlSEutl9goYERGn7pKS0fv/SyjhZwwogEWenG+VC0c+jm/GT0QU78TfDz2k8+kgB1drCIQdS4OWOQEgNo1B3cFH2ZM7PVDCmsr04s8jy+zxpgiduZ+Z77SYnCdCiQKBgQCK34P9ll0SusFYHQNL0SqWN39L1y9+qJkfJuJk5bGPGTjv9TYzBhw02mIaxig7Vptdxd1mEyFVoPHD+ZmSrTCJW2Klu7isa1La+hqTVfPmXEpmlmqnngeacFJa2Kussn9TpPjuPJSFQ/4GBFXROo3kX2FMP5jGNYpJw5EvW7XjbQKBgCXfVHjuZnwrtvKG4fIteOrxuwyCJ/TrhM6XbAynwcFvZKwq6qR9lSMC17B1mwZR17WyZ8XI/Zcn4hVKJS5GSgROHMEbdNrPHdrvo5tFJV3pGs7FrJKOOXgcme29djMQ3S/UUZjPNveuvc2sIg2JjOeJr9qlVkufeXOJTZzUArkp'); #start 8988345 end 9089821 time 2021-08-05 10:37:58
INSERT INTO `keycloak`.`PROTOCOL_MAPPER`(`ID`, `NAME`, `PROTOCOL`, `PROTOCOL_MAPPER_NAME`, `CLIENT_ID`, `CLIENT_SCOPE_ID`) VALUES ('e97f46eb-49dc-44d2-98f5-9379e72d2575', 'locale', 'openid-connect', 'oidc-usermodel-attribute-mapper', '11816172-57fa-4b14-86a2-b52f6909ad74', NULL); #start 8988345 end 9090059 time 2021-08-05 10:37:58
INSERT INTO `keycloak`.`KEYCLOAK_ROLE`(`ID`, `CLIENT_REALM_CONSTRAINT`, `CLIENT_ROLE`, `DESCRIPTION`, `NAME`, `REALM_ID`, `CLIENT`, `REALM`) VALUES ('d92beb0f-e053-4598-851e-5cf7c687505d', 'QA', '0', NULL, 'uma_authorization', 'QA', NULL, 'QA'); #start 8988345 end 9090237 time 2021-08-05 10:37:58
INSERT INTO `keycloak`.`PROTOCOL_MAPPER_CONFIG`(`PROTOCOL_MAPPER_ID`, `VALUE`, `NAME`) VALUES ('e97f46eb-49dc-44d2-98f5-9379e72d2575', 'true', 'userinfo.token.claim'); #start 8988345 end 9090408 time 2021-08-05 10:37:58
INSERT INTO `keycloak`.`PROTOCOL_MAPPER_CONFIG`(`PROTOCOL_MAPPER_ID`, `VALUE`, `NAME`) VALUES ('e97f46eb-49dc-44d2-98f5-9379e72d2575', 'locale', 'user.attribute'); #start 8988345 end 9090575 time 2021-08-05 10:37:58
INSERT INTO `keycloak`.`PROTOCOL_MAPPER_CONFIG`(`PROTOCOL_MAPPER_ID`, `VALUE`, `NAME`) VALUES ('e97f46eb-49dc-44d2-98f5-9379e72d2575', 'true', 'id.token.claim'); #start 8988345 end 9090740 time 2021-08-05 10:37:58
INSERT INTO `keycloak`.`PROTOCOL_MAPPER_CONFIG`(`PROTOCOL_MAPPER_ID`, `VALUE`, `NAME`) VALUES ('e97f46eb-49dc-44d2-98f5-9379e72d2575', 'true', 'access.token.claim'); #start 8988345 end 9090909 time 2021-08-05 10:37:58
INSERT INTO `keycloak`.`PROTOCOL_MAPPER_CONFIG`(`PROTOCOL_MAPPER_ID`, `VALUE`, `NAME`) VALUES ('e97f46eb-49dc-44d2-98f5-9379e72d2575', 'locale', 'claim.name'); #start 8988345 end 9091072 time 2021-08-05 10:37:58
INSERT INTO `keycloak`.`PROTOCOL_MAPPER_CONFIG`(`PROTOCOL_MAPPER_ID`, `VALUE`, `NAME`) VALUES ('e97f46eb-49dc-44d2-98f5-9379e72d2575', 'String', 'jsonType.label'); #start 8988345 end 9091239 time 2021-08-05 10:37:58
UPDATE `keycloak`.`KEYCLOAK_ROLE` SET `ID`='d92beb0f-e053-4598-851e-5cf7c687505d', `CLIENT_REALM_CONSTRAINT`='QA', `CLIENT_ROLE`='0', `DESCRIPTION`='${role_uma_authorization}', `NAME`='uma_authorization', `REALM_ID`='QA', `CLIENT`=NULL, `REALM`='QA' WHERE `ID`='d92beb0f-e053-4598-851e-5cf7c687505d' AND `CLIENT_REALM_CONSTRAINT`='QA' AND `CLIENT_ROLE`='0' AND `DESCRIPTION` IS NULL AND `NAME`='uma_authorization' AND `REALM_ID`='QA' AND `CLIENT` IS NULL AND `REALM`='QA' LIMIT 1; #start 8988345 end 9091513 time 2021-08-05 10:37:58
DELETE FROM `keycloak`.`REALM_DEFAULT_ROLES` WHERE `REALM_ID`='QA' AND `ROLE_ID`='7e1647d0-4eec-4e7f-b9d8-635b86b64ffe' LIMIT 1; #start 8988345 end 9091652 time 2021-08-05 10:37:58
INSERT INTO `keycloak`.`REALM_DEFAULT_ROLES`(`REALM_ID`, `ROLE_ID`) VALUES ('QA', '7e1647d0-4eec-4e7f-b9d8-635b86b64ffe'); #start 8988345 end 9091791 time 2021-08-05 10:37:58
INSERT INTO `keycloak`.`REALM_DEFAULT_ROLES`(`REALM_ID`, `ROLE_ID`) VALUES ('QA', 'd92beb0f-e053-4598-851e-5cf7c687505d'); #start 8988345 end 9091930 time 2021-08-05 10:37:58
INSERT INTO `keycloak`.`COMPONENT`(`ID`, `NAME`, `PARENT_ID`, `PROVIDER_ID`, `PROVIDER_TYPE`, `REALM_ID`, `SUB_TYPE`) VALUES ('6bf23251-b5f8-47c9-bb7c-3663f77f27ff', 'Trusted Hosts', 'QA', 'trusted-hosts', 'org.keycloak.services.clientregistration.policy.ClientRegistrationPolicy', 'QA', 'anonymous'); #start 8988345 end 9092191 time 2021-08-05 10:37:59
INSERT INTO `keycloak`.`COMPONENT`(`ID`, `NAME`, `PARENT_ID`, `PROVIDER_ID`, `PROVIDER_TYPE`, `REALM_ID`, `SUB_TYPE`) VALUES ('7ee0aea0-b32e-4bdc-8856-514679088540', 'Consent Required', 'QA', 'consent-required', 'org.keycloak.services.clientregistration.policy.ClientRegistrationPolicy', 'QA', 'anonymous'); #start 8988345 end 9092458 time 2021-08-05 10:37:59
INSERT INTO `keycloak`.`COMPONENT`(`ID`, `NAME`, `PARENT_ID`, `PROVIDER_ID`, `PROVIDER_TYPE`, `REALM_ID`, `SUB_TYPE`) VALUES ('7d6d6b48-c2e7-4dbe-becd-b8ae66178389', 'Full Scope Disabled', 'QA', 'scope', 'org.keycloak.services.clientregistration.policy.ClientRegistrationPolicy', 'QA', 'anonymous'); #start 8988345 end 9092717 time 2021-08-05 10:37:59
INSERT INTO `keycloak`.`COMPONENT`(`ID`, `NAME`, `PARENT_ID`, `PROVIDER_ID`, `PROVIDER_TYPE`, `REALM_ID`, `SUB_TYPE`) VALUES ('9fcc550b-eaa5-4119-baa4-ca5472ac586b', 'Max Clients Limit', 'QA', 'max-clients', 'org.keycloak.services.clientregistration.policy.ClientRegistrationPolicy', 'QA', 'anonymous'); #start 8988345 end 9092980 time 2021-08-05 10:37:59
INSERT INTO `keycloak`.`COMPONENT`(`ID`, `NAME`, `PARENT_ID`, `PROVIDER_ID`, `PROVIDER_TYPE`, `REALM_ID`, `SUB_TYPE`) VALUES ('a25103bc-d1e4-4f0b-ad07-bed3c45a40e3', 'Allowed Protocol Mapper Types', 'QA', 'allowed-protocol-mappers', 'org.keycloak.services.clientregistration.policy.ClientRegistrationPolicy', 'QA', 'anonymous'); #start 8988345 end 9093268 time 2021-08-05 10:37:59
INSERT INTO `keycloak`.`COMPONENT`(`ID`, `NAME`, `PARENT_ID`, `PROVIDER_ID`, `PROVIDER_TYPE`, `REALM_ID`, `SUB_TYPE`) VALUES ('e04f516e-bd4c-43a3-bf7d-b2c424c669a2', 'Allowed Client Scopes', 'QA', 'allowed-client-templates', 'org.keycloak.services.clientregistration.policy.ClientRegistrationPolicy', 'QA', 'anonymous'); #start 8988345 end 9093548 time 2021-08-05 10:37:59
INSERT INTO `keycloak`.`COMPONENT`(`ID`, `NAME`, `PARENT_ID`, `PROVIDER_ID`, `PROVIDER_TYPE`, `REALM_ID`, `SUB_TYPE`) VALUES ('ff4d6573-09cb-4276-a1dc-c8818f5446ae', 'Allowed Protocol Mapper Types', 'QA', 'allowed-protocol-mappers', 'org.keycloak.services.clientregistration.policy.ClientRegistrationPolicy', 'QA', 'authenticated'); #start 8988345 end 9093840 time 2021-08-05 10:37:59
INSERT INTO `keycloak`.`COMPONENT`(`ID`, `NAME`, `PARENT_ID`, `PROVIDER_ID`, `PROVIDER_TYPE`, `REALM_ID`, `SUB_TYPE`) VALUES ('6b581111-956c-4db5-aa72-edab3bdc78b7', 'Allowed Client Scopes', 'QA', 'allowed-client-templates', 'org.keycloak.services.clientregistration.policy.ClientRegistrationPolicy', 'QA', 'authenticated'); #start 8988345 end 9094124 time 2021-08-05 10:37:59
INSERT INTO `keycloak`.`COMPONENT_CONFIG`(`ID`, `COMPONENT_ID`, `NAME`, `VALUE`) VALUES ('6c8d7b74-db2f-4797-b201-f505632eccc0', 'e04f516e-bd4c-43a3-bf7d-b2c424c669a2', 'allow-default-scopes', 'true'); #start 8988345 end 9094328 time 2021-08-05 10:37:59
INSERT INTO `keycloak`.`COMPONENT_CONFIG`(`ID`, `COMPONENT_ID`, `NAME`, `VALUE`) VALUES ('964c1f89-c64c-4ef2-b8a6-bebb6c1ee9d1', 'ff4d6573-09cb-4276-a1dc-c8818f5446ae', 'allowed-protocol-mapper-types', 'oidc-usermodel-attribute-mapper'); #start 8988345 end 9094568 time 2021-08-05 10:37:59
INSERT INTO `keycloak`.`COMPONENT_CONFIG`(`ID`, `COMPONENT_ID`, `NAME`, `VALUE`) VALUES ('d1de49cd-9c7a-4f38-b8ca-60685601a8c7', 'ff4d6573-09cb-4276-a1dc-c8818f5446ae', 'allowed-protocol-mapper-types', 'saml-user-attribute-mapper'); #start 8988345 end 9094803 time 2021-08-05 10:37:59
INSERT INTO `keycloak`.`COMPONENT_CONFIG`(`ID`, `COMPONENT_ID`, `NAME`, `VALUE`) VALUES ('9740c127-e0b8-4a69-9ca1-4fd786a70cfd', 'ff4d6573-09cb-4276-a1dc-c8818f5446ae', 'allowed-protocol-mapper-types', 'oidc-address-mapper'); #start 8988345 end 9095031 time 2021-08-05 10:37:59
INSERT INTO `keycloak`.`COMPONENT_CONFIG`(`ID`, `COMPONENT_ID`, `NAME`, `VALUE`) VALUES ('a1886e15-bbe7-460c-8d90-3cba7db23995', 'ff4d6573-09cb-4276-a1dc-c8818f5446ae', 'allowed-protocol-mapper-types', 'oidc-usermodel-property-mapper'); #start 8988345 end 9095270 time 2021-08-05 10:37:59
INSERT INTO `keycloak`.`COMPONENT_CONFIG`(`ID`, `COMPONENT_ID`, `NAME`, `VALUE`) VALUES ('f1ec4301-9a1a-4fbb-9d47-8dbdb6d72962', 'ff4d6573-09cb-4276-a1dc-c8818f5446ae', 'allowed-protocol-mapper-types', 'saml-role-list-mapper'); #start 8988345 end 9095500 time 2021-08-05 10:37:59
INSERT INTO `keycloak`.`COMPONENT_CONFIG`(`ID`, `COMPONENT_ID`, `NAME`, `VALUE`) VALUES ('8253a5b9-47a6-4172-87f9-fcf7f7ce8db6', 'ff4d6573-09cb-4276-a1dc-c8818f5446ae', 'allowed-protocol-mapper-types', 'oidc-sha256-pairwise-sub-mapper'); #start 8988345 end 9095740 time 2021-08-05 10:37:59
INSERT INTO `keycloak`.`COMPONENT_CONFIG`(`ID`, `COMPONENT_ID`, `NAME`, `VALUE`) VALUES ('993faf16-3493-449f-8ac5-0f85bae537e0', 'ff4d6573-09cb-4276-a1dc-c8818f5446ae', 'allowed-protocol-mapper-types', 'oidc-full-name-mapper'); #start 8988345 end 9095970 time 2021-08-05 10:37:59
INSERT INTO `keycloak`.`COMPONENT_CONFIG`(`ID`, `COMPONENT_ID`, `NAME`, `VALUE`) VALUES ('034d74c3-f670-4b4b-9e1c-3fa971768270', 'ff4d6573-09cb-4276-a1dc-c8818f5446ae', 'allowed-protocol-mapper-types', 'saml-user-property-mapper'); #start 8988345 end 9096204 time 2021-08-05 10:37:59
INSERT INTO `keycloak`.`COMPONENT_CONFIG`(`ID`, `COMPONENT_ID`, `NAME`, `VALUE`) VALUES ('d3e7f709-e38d-40e6-9329-871c4718a567', '9fcc550b-eaa5-4119-baa4-ca5472ac586b', 'max-clients', '200'); #start 8988345 end 9096398 time 2021-08-05 10:37:59
INSERT INTO `keycloak`.`COMPONENT_CONFIG`(`ID`, `COMPONENT_ID`, `NAME`, `VALUE`) VALUES ('93630b8b-8ff9-403b-88c9-4194c6937c23', 'a25103bc-d1e4-4f0b-ad07-bed3c45a40e3', 'allowed-protocol-mapper-types', 'saml-user-property-mapper'); #start 8988345 end 9096632 time 2021-08-05 10:37:59
INSERT INTO `keycloak`.`COMPONENT_CONFIG`(`ID`, `COMPONENT_ID`, `NAME`, `VALUE`) VALUES ('85ea478f-8102-45f8-9d86-e5c133bef167', 'a25103bc-d1e4-4f0b-ad07-bed3c45a40e3', 'allowed-protocol-mapper-types', 'oidc-sha256-pairwise-sub-mapper'); #start 8988345 end 9096872 time 2021-08-05 10:37:59
INSERT INTO `keycloak`.`COMPONENT_CONFIG`(`ID`, `COMPONENT_ID`, `NAME`, `VALUE`) VALUES ('ddb66f60-d929-470b-b137-fbe9fa39a6da', 'a25103bc-d1e4-4f0b-ad07-bed3c45a40e3', 'allowed-protocol-mapper-types', 'oidc-address-mapper'); #start 8988345 end 9097100 time 2021-08-05 10:37:59
INSERT INTO `keycloak`.`COMPONENT_CONFIG`(`ID`, `COMPONENT_ID`, `NAME`, `VALUE`) VALUES ('cfe717dd-0dc9-4fc2-84aa-6c7c61fc0ec4', 'a25103bc-d1e4-4f0b-ad07-bed3c45a40e3', 'allowed-protocol-mapper-types', 'saml-user-attribute-mapper'); #start 8988345 end 9097335 time 2021-08-05 10:37:59
INSERT INTO `keycloak`.`COMPONENT_CONFIG`(`ID`, `COMPONENT_ID`, `NAME`, `VALUE`) VALUES ('3df9e99d-c4ef-48b3-8a69-3bc1fe2dfc9b', 'a25103bc-d1e4-4f0b-ad07-bed3c45a40e3', 'allowed-protocol-mapper-types', 'oidc-usermodel-attribute-mapper'); #start 8988345 end 9097575 time 2021-08-05 10:37:59
INSERT INTO `keycloak`.`COMPONENT_CONFIG`(`ID`, `COMPONENT_ID`, `NAME`, `VALUE`) VALUES ('d45ed176-098f-4520-bed7-7117d03778b8', 'a25103bc-d1e4-4f0b-ad07-bed3c45a40e3', 'allowed-protocol-mapper-types', 'oidc-usermodel-property-mapper'); #start 8988345 end 9097814 time 2021-08-05 10:37:59
INSERT INTO `keycloak`.`COMPONENT_CONFIG`(`ID`, `COMPONENT_ID`, `NAME`, `VALUE`) VALUES ('c5cfb6f5-8607-4c33-9807-14aeef03ffe3', 'a25103bc-d1e4-4f0b-ad07-bed3c45a40e3', 'allowed-protocol-mapper-types', 'saml-role-list-mapper'); #start 8988345 end 9098044 time 2021-08-05 10:37:59
INSERT INTO `keycloak`.`COMPONENT_CONFIG`(`ID`, `COMPONENT_ID`, `NAME`, `VALUE`) VALUES ('c231f17c-5634-4b3f-8e86-cb797c1265b2', 'a25103bc-d1e4-4f0b-ad07-bed3c45a40e3', 'allowed-protocol-mapper-types', 'oidc-full-name-mapper'); #start 8988345 end 9098274 time 2021-08-05 10:37:59
INSERT INTO `keycloak`.`COMPONENT_CONFIG`(`ID`, `COMPONENT_ID`, `NAME`, `VALUE`) VALUES ('f95fe556-87df-4be1-9ec6-081f8c546200', '6bf23251-b5f8-47c9-bb7c-3663f77f27ff', 'client-uris-must-match', 'true'); #start 8988345 end 9098480 time 2021-08-05 10:37:59
INSERT INTO `keycloak`.`COMPONENT_CONFIG`(`ID`, `COMPONENT_ID`, `NAME`, `VALUE`) VALUES ('096d9f87-f226-4efe-8256-198881125067', '6bf23251-b5f8-47c9-bb7c-3663f77f27ff', 'host-sending-registration-request-must-match', 'true'); #start 8988345 end 9098708 time 2021-08-05 10:37:59
INSERT INTO `keycloak`.`COMPONENT_CONFIG`(`ID`, `COMPONENT_ID`, `NAME`, `VALUE`) VALUES ('b9c22748-ab4e-484f-9a01-5ba0217be6be', '6b581111-956c-4db5-aa72-edab3bdc78b7', 'allow-default-scopes', 'true'); #start 8988345 end 9098912 time 2021-08-05 10:37:59
INSERT INTO `keycloak`.`CLIENT`(`ID`, `ENABLED`, `FULL_SCOPE_ALLOWED`, `CLIENT_ID`, `NOT_BEFORE`, `PUBLIC_CLIENT`, `SECRET`, `BASE_URL`, `BEARER_ONLY`, `MANAGEMENT_URL`, `SURROGATE_AUTH_REQUIRED`, `REALM_ID`, `PROTOCOL`, `NODE_REREG_TIMEOUT`, `FRONTCHANNEL_LOGOUT`, `CONSENT_REQUIRED`, `NAME`, `SERVICE_ACCOUNTS_ENABLED`, `CLIENT_AUTHENTICATOR_TYPE`, `ROOT_URL`, `DESCRIPTION`, `REGISTRATION_TOKEN`, `STANDARD_FLOW_ENABLED`, `IMPLICIT_FLOW_ENABLED`, `DIRECT_ACCESS_GRANTS_ENABLED`) VALUES ('edfab34f-7701-49a8-8576-2ba22fe9cf2f', '1', '0', 'qa-demo', 0, '0', NULL, NULL, '0', NULL, '0', 'QA', NULL, 0, '0', '0', NULL, '0', NULL, NULL, NULL, NULL, '1', '0', '0'); #start 9099000 end 9099292 time 2021-08-05 10:51:53
INSERT INTO `keycloak`.`CLIENT_SCOPE_CLIENT`(`CLIENT_ID`, `SCOPE_ID`, `DEFAULT_SCOPE`) VALUES ('edfab34f-7701-49a8-8576-2ba22fe9cf2f', '510a737a-3247-4bc7-b4bc-3be07d985a0a', '1'); #start 9099000 end 9099469 time 2021-08-05 10:51:53
INSERT INTO `keycloak`.`CLIENT_SCOPE_CLIENT`(`CLIENT_ID`, `SCOPE_ID`, `DEFAULT_SCOPE`) VALUES ('edfab34f-7701-49a8-8576-2ba22fe9cf2f', '16bf5964-64ed-4601-b35b-6fa0d4c70833', '1'); #start 9099000 end 9099646 time 2021-08-05 10:51:53
INSERT INTO `keycloak`.`CLIENT_SCOPE_CLIENT`(`CLIENT_ID`, `SCOPE_ID`, `DEFAULT_SCOPE`) VALUES ('edfab34f-7701-49a8-8576-2ba22fe9cf2f', '48dc2f86-5c25-4cc4-b6bc-842d86ad8ffd', '1'); #start 9099000 end 9099823 time 2021-08-05 10:51:53
INSERT INTO `keycloak`.`CLIENT_SCOPE_CLIENT`(`CLIENT_ID`, `SCOPE_ID`, `DEFAULT_SCOPE`) VALUES ('edfab34f-7701-49a8-8576-2ba22fe9cf2f', '7aa191f5-a0d8-4137-a99c-80490e65d2c4', '0'); #start 9099000 end 9100000 time 2021-08-05 10:51:53
INSERT INTO `keycloak`.`CLIENT_SCOPE_CLIENT`(`CLIENT_ID`, `SCOPE_ID`, `DEFAULT_SCOPE`) VALUES ('edfab34f-7701-49a8-8576-2ba22fe9cf2f', 'bdf081e5-fb44-4834-bd20-6d3c97733802', '0'); #start 9099000 end 9100177 time 2021-08-05 10:51:53
INSERT INTO `keycloak`.`CLIENT_SCOPE_CLIENT`(`CLIENT_ID`, `SCOPE_ID`, `DEFAULT_SCOPE`) VALUES ('edfab34f-7701-49a8-8576-2ba22fe9cf2f', 'e93f397d-ca79-401d-a499-76549b76d911', '0'); #start 9099000 end 9100354 time 2021-08-05 10:51:53
UPDATE `keycloak`.`CLIENT` SET `ID`='edfab34f-7701-49a8-8576-2ba22fe9cf2f', `ENABLED`='1', `FULL_SCOPE_ALLOWED`='1', `CLIENT_ID`='qa-demo', `NOT_BEFORE`=0, `PUBLIC_CLIENT`='0', `SECRET`='1d52fd59-21f4-4c5d-a8d0-5c7fd979a9f3', `BASE_URL`=NULL, `BEARER_ONLY`='0', `MANAGEMENT_URL`=NULL, `SURROGATE_AUTH_REQUIRED`='0', `REALM_ID`='QA', `PROTOCOL`='openid-connect', `NODE_REREG_TIMEOUT`=-1, `FRONTCHANNEL_LOGOUT`='0', `CONSENT_REQUIRED`='0', `NAME`=NULL, `SERVICE_ACCOUNTS_ENABLED`='0', `CLIENT_AUTHENTICATOR_TYPE`='client-secret', `ROOT_URL`=NULL, `DESCRIPTION`=NULL, `REGISTRATION_TOKEN`=NULL, `STANDARD_FLOW_ENABLED`='1', `IMPLICIT_FLOW_ENABLED`='0', `DIRECT_ACCESS_GRANTS_ENABLED`='0' WHERE `ID`='edfab34f-7701-49a8-8576-2ba22fe9cf2f' AND `ENABLED`='1' AND `FULL_SCOPE_ALLOWED`='0' AND `CLIENT_ID`='qa-demo' AND `NOT_BEFORE`=0 AND `PUBLIC_CLIENT`='0' AND `SECRET` IS NULL AND `BASE_URL` IS NULL AND `BEARER_ONLY`='0' AND `MANAGEMENT_URL` IS NULL AND `SURROGATE_AUTH_REQUIRED`='0' AND `REALM_ID`='QA' AND `PROTOCOL` IS NULL AND `NODE_REREG_TIMEOUT`=0 AND `FRONTCHANNEL_LOGOUT`='0' AND `CONSENT_REQUIRED`='0' AND `NAME` IS NULL AND `SERVICE_ACCOUNTS_ENABLED`='0' AND `CLIENT_AUTHENTICATOR_TYPE` IS NULL AND `ROOT_URL` IS NULL AND `DESCRIPTION` IS NULL AND `REGISTRATION_TOKEN` IS NULL AND `STANDARD_FLOW_ENABLED`='1' AND `IMPLICIT_FLOW_ENABLED`='0' AND `DIRECT_ACCESS_GRANTS_ENABLED`='0' LIMIT 1; #start 9099000 end 9100727 time 2021-08-05 10:51:53
UPDATE `keycloak`.`CLIENT` SET `ID`='edfab34f-7701-49a8-8576-2ba22fe9cf2f', `ENABLED`='1', `FULL_SCOPE_ALLOWED`='1', `CLIENT_ID`='qa-demo', `NOT_BEFORE`=0, `PUBLIC_CLIENT`='1', `SECRET`='1d52fd59-21f4-4c5d-a8d0-5c7fd979a9f3', `BASE_URL`=NULL, `BEARER_ONLY`='0', `MANAGEMENT_URL`=NULL, `SURROGATE_AUTH_REQUIRED`='0', `REALM_ID`='QA', `PROTOCOL`='openid-connect', `NODE_REREG_TIMEOUT`=-1, `FRONTCHANNEL_LOGOUT`='0', `CONSENT_REQUIRED`='0', `NAME`=NULL, `SERVICE_ACCOUNTS_ENABLED`='0', `CLIENT_AUTHENTICATOR_TYPE`='client-secret', `ROOT_URL`=NULL, `DESCRIPTION`=NULL, `REGISTRATION_TOKEN`=NULL, `STANDARD_FLOW_ENABLED`='1', `IMPLICIT_FLOW_ENABLED`='0', `DIRECT_ACCESS_GRANTS_ENABLED`='1' WHERE `ID`='edfab34f-7701-49a8-8576-2ba22fe9cf2f' AND `ENABLED`='1' AND `FULL_SCOPE_ALLOWED`='1' AND `CLIENT_ID`='qa-demo' AND `NOT_BEFORE`=0 AND `PUBLIC_CLIENT`='0' AND `SECRET`='1d52fd59-21f4-4c5d-a8d0-5c7fd979a9f3' AND `BASE_URL` IS NULL AND `BEARER_ONLY`='0' AND `MANAGEMENT_URL` IS NULL AND `SURROGATE_AUTH_REQUIRED`='0' AND `REALM_ID`='QA' AND `PROTOCOL`='openid-connect' AND `NODE_REREG_TIMEOUT`=-1 AND `FRONTCHANNEL_LOGOUT`='0' AND `CONSENT_REQUIRED`='0' AND `NAME` IS NULL AND `SERVICE_ACCOUNTS_ENABLED`='0' AND `CLIENT_AUTHENTICATOR_TYPE`='client-secret' AND `ROOT_URL` IS NULL AND `DESCRIPTION` IS NULL AND `REGISTRATION_TOKEN` IS NULL AND `STANDARD_FLOW_ENABLED`='1' AND `IMPLICIT_FLOW_ENABLED`='0' AND `DIRECT_ACCESS_GRANTS_ENABLED`='0' LIMIT 1; #start 9099000 end 9101169 time 2021-08-05 10:51:53
DELETE FROM `keycloak`.`USER_ROLE_MAPPING` WHERE `ROLE_ID`='70e82ac4-5116-46ba-a4e7-6464049d5a87' AND `USER_ID`='9af1034f-cc7d-4e81-af6d-b930b853063c' LIMIT 1; #start 9101257 end 9101721 time 2021-08-05 11:00:00
DELETE FROM `keycloak`.`USER_ROLE_MAPPING` WHERE `ROLE_ID`='89dadc51-9dea-4340-a128-16a4d7a9786b' AND `USER_ID`='9af1034f-cc7d-4e81-af6d-b930b853063c' LIMIT 1; #start 9101257 end 9101721 time 2021-08-05 11:00:00
DELETE FROM `keycloak`.`USER_ROLE_MAPPING` WHERE `ROLE_ID`='bb8325c4-4bac-4650-bc79-6f1dfe260167' AND `USER_ID`='9af1034f-cc7d-4e81-af6d-b930b853063c' LIMIT 1; #start 9101257 end 9101721 time 2021-08-05 11:00:00
DELETE FROM `keycloak`.`USER_ROLE_MAPPING` WHERE `ROLE_ID`='c2831949-a58d-48af-b3db-6992c6fca946' AND `USER_ID`='9af1034f-cc7d-4e81-af6d-b930b853063c' LIMIT 1; #start 9101257 end 9101721 time 2021-08-05 11:00:00
DELETE FROM `keycloak`.`USER_ATTRIBUTE` WHERE `NAME`='locale' AND `VALUE`='zh-CN' AND `USER_ID`='9af1034f-cc7d-4e81-af6d-b930b853063c' AND `ID`='cd2d41b1-d37b-4813-8a40-1cb63e0d1247' LIMIT 1; #start 9101257 end 9101910 time 2021-08-05 11:00:00
DELETE FROM `keycloak`.`CREDENTIAL` WHERE `ID`='5126d8d6-f13e-4274-9caf-d9c2a0edfc62' AND `DEVICE` IS NULL AND `HASH_ITERATIONS`=27500 AND `SALT`='D+G6' AND `TYPE`='password' AND `VALUE`='AERe+Vhid2Q87KVUBodMjeVl8dJqQsvydH9KJVQxu4vvn2aWJa3LBLLsxvUYOnRM179Qm/k8nhOJuckyBLfeTQ==' AND `USER_ID`='9af1034f-cc7d-4e81-af6d-b930b853063c' AND `CREATED_DATE`=1627285004929 AND `COUNTER`=0 AND `DIGITS`=0 AND `PERIOD`=0 AND `ALGORITHM`='pbkdf2-sha256' LIMIT 1; #start 9101257 end 9102251 time 2021-08-05 11:00:00
DELETE FROM `keycloak`.`USER_ENTITY` WHERE `ID`='9af1034f-cc7d-4e81-af6d-b930b853063c' AND `EMAIL`='zhaoqian.niu@baishan.com' AND `EMAIL_CONSTRAINT`='zhaoqian.niu@baishan.com' AND `EMAIL_VERIFIED`='0' AND `ENABLED`='1' AND `FEDERATION_LINK` IS NULL AND `FIRST_NAME`='zhaoqian' AND `LAST_NAME` IS NULL AND `REALM_ID`='baishancloud' AND `USERNAME`='zhaoqian.niu@baishan.com' AND `CREATED_TIMESTAMP`=1627285004120 AND `SERVICE_ACCOUNT_CLIENT_LINK` IS NULL AND `NOT_BEFORE`=0 LIMIT 1; #start 9101257 end 9102527 time 2021-08-05 11:00:00
INSERT INTO `keycloak`.`USER_ENTITY`(`ID`, `EMAIL`, `EMAIL_CONSTRAINT`, `EMAIL_VERIFIED`, `ENABLED`, `FEDERATION_LINK`, `FIRST_NAME`, `LAST_NAME`, `REALM_ID`, `USERNAME`, `CREATED_TIMESTAMP`, `SERVICE_ACCOUNT_CLIENT_LINK`, `NOT_BEFORE`) VALUES ('e2ae28e4-015e-4701-88ba-7da102e64ff6', NULL, '128fa27c-f0ae-4152-bd65-dc1ad49217d3', '0', '0', NULL, NULL, NULL, 'baishancloud', 'zhaoqian.niu@baishan.com', 1628132450015, NULL, 0); #start 9103560 end 9103876 time 2021-08-05 11:00:50
INSERT INTO `keycloak`.`USER_ROLE_MAPPING`(`ROLE_ID`, `USER_ID`) VALUES ('70e82ac4-5116-46ba-a4e7-6464049d5a87', 'e2ae28e4-015e-4701-88ba-7da102e64ff6'); #start 9103560 end 9104048 time 2021-08-05 11:00:50
INSERT INTO `keycloak`.`USER_ROLE_MAPPING`(`ROLE_ID`, `USER_ID`) VALUES ('89dadc51-9dea-4340-a128-16a4d7a9786b', 'e2ae28e4-015e-4701-88ba-7da102e64ff6'); #start 9103560 end 9104220 time 2021-08-05 11:00:50
INSERT INTO `keycloak`.`USER_ROLE_MAPPING`(`ROLE_ID`, `USER_ID`) VALUES ('bb8325c4-4bac-4650-bc79-6f1dfe260167', 'e2ae28e4-015e-4701-88ba-7da102e64ff6'); #start 9103560 end 9104392 time 2021-08-05 11:00:50
INSERT INTO `keycloak`.`USER_ROLE_MAPPING`(`ROLE_ID`, `USER_ID`) VALUES ('c2831949-a58d-48af-b3db-6992c6fca946', 'e2ae28e4-015e-4701-88ba-7da102e64ff6'); #start 9103560 end 9104564 time 2021-08-05 11:00:50
UPDATE `keycloak`.`USER_ENTITY` SET `ID`='e2ae28e4-015e-4701-88ba-7da102e64ff6', `EMAIL`='zhaoqian.niu@baishan.com', `EMAIL_CONSTRAINT`='zhaoqian.niu@baishan.com', `EMAIL_VERIFIED`='0', `ENABLED`='1', `FEDERATION_LINK`=NULL, `FIRST_NAME`='zhaoqian', `LAST_NAME`=NULL, `REALM_ID`='baishancloud', `USERNAME`='zhaoqian.niu@baishan.com', `CREATED_TIMESTAMP`=1628132450015, `SERVICE_ACCOUNT_CLIENT_LINK`=NULL, `NOT_BEFORE`=0 WHERE `ID`='e2ae28e4-015e-4701-88ba-7da102e64ff6' AND `EMAIL` IS NULL AND `EMAIL_CONSTRAINT`='128fa27c-f0ae-4152-bd65-dc1ad49217d3' AND `EMAIL_VERIFIED`='0' AND `ENABLED`='0' AND `FEDERATION_LINK` IS NULL AND `FIRST_NAME` IS NULL AND `LAST_NAME` IS NULL AND `REALM_ID`='baishancloud' AND `USERNAME`='zhaoqian.niu@baishan.com' AND `CREATED_TIMESTAMP`=1628132450015 AND `SERVICE_ACCOUNT_CLIENT_LINK` IS NULL AND `NOT_BEFORE`=0 LIMIT 1; #start 9103560 end 9104973 time 2021-08-05 11:00:50
INSERT INTO `keycloak`.`CREDENTIAL`(`ID`, `DEVICE`, `HASH_ITERATIONS`, `SALT`, `TYPE`, `VALUE`, `USER_ID`, `CREATED_DATE`, `COUNTER`, `DIGITS`, `PERIOD`, `ALGORITHM`) VALUES ('06d2ef23-845f-487c-8634-ed945ef3bbc6', NULL, 27500, 'sl8R~uX:DbV', 'password', 'On5jOcJvuBXOxhlU0Fhi3Z0JPVL2n9RLyrNtDM1GuAC/nfwkiQhd99g67W8wkJA7gspGeFcj0/JdfM9VIl9J1g==', 'e2ae28e4-015e-4701-88ba-7da102e64ff6', 1628132450843, 0, 0, 0, 'pbkdf2-sha256'); #start 9105061 end 9105466 time 2021-08-05 11:00:51
INSERT INTO `keycloak`.`USER_ATTRIBUTE`(`NAME`, `VALUE`, `USER_ID`, `ID`) VALUES ('locale', 'zh-CN', 'e2ae28e4-015e-4701-88ba-7da102e64ff6', '5953fca5-141b-40c7-aede-62af76d9adb8'); #start 9106347 end 9106600 time 2021-08-05 11:01:47
UPDATE `keycloak`.`USER_ENTITY` SET `ID`='e2ae28e4-015e-4701-88ba-7da102e64ff6', `EMAIL`='zhaoqian.niu@baishan.com', `EMAIL_CONSTRAINT`='zhaoqian.niu@baishan.com', `EMAIL_VERIFIED`='0', `ENABLED`='0', `FEDERATION_LINK`=NULL, `FIRST_NAME`='zhaoqian', `LAST_NAME`=NULL, `REALM_ID`='baishancloud', `USERNAME`='zhaoqian.niu@baishan.com', `CREATED_TIMESTAMP`=1628132450015, `SERVICE_ACCOUNT_CLIENT_LINK`=NULL, `NOT_BEFORE`=0 WHERE `ID`='e2ae28e4-015e-4701-88ba-7da102e64ff6' AND `EMAIL`='zhaoqian.niu@baishan.com' AND `EMAIL_CONSTRAINT`='zhaoqian.niu@baishan.com' AND `EMAIL_VERIFIED`='0' AND `ENABLED`='1' AND `FEDERATION_LINK` IS NULL AND `FIRST_NAME`='zhaoqian' AND `LAST_NAME` IS NULL AND `REALM_ID`='baishancloud' AND `USERNAME`='zhaoqian.niu@baishan.com' AND `CREATED_TIMESTAMP`=1628132450015 AND `SERVICE_ACCOUNT_CLIENT_LINK` IS NULL AND `NOT_BEFORE`=0 LIMIT 1; #start 9106688 end 9107185 time 2021-08-05 11:04:29
UPDATE `keycloak`.`USER_ENTITY` SET `ID`='e2ae28e4-015e-4701-88ba-7da102e64ff6', `EMAIL`='zhaoqian.niu@baishan.com', `EMAIL_CONSTRAINT`='zhaoqian.niu@baishan.com', `EMAIL_VERIFIED`='0', `ENABLED`='1', `FEDERATION_LINK`=NULL, `FIRST_NAME`='zhaoqian', `LAST_NAME`=NULL, `REALM_ID`='baishancloud', `USERNAME`='zhaoqian.niu@baishan.com', `CREATED_TIMESTAMP`=1628132450015, `SERVICE_ACCOUNT_CLIENT_LINK`=NULL, `NOT_BEFORE`=0 WHERE `ID`='e2ae28e4-015e-4701-88ba-7da102e64ff6' AND `EMAIL`='zhaoqian.niu@baishan.com' AND `EMAIL_CONSTRAINT`='zhaoqian.niu@baishan.com' AND `EMAIL_VERIFIED`='0' AND `ENABLED`='0' AND `FEDERATION_LINK` IS NULL AND `FIRST_NAME`='zhaoqian' AND `LAST_NAME` IS NULL AND `REALM_ID`='baishancloud' AND `USERNAME`='zhaoqian.niu@baishan.com' AND `CREATED_TIMESTAMP`=1628132450015 AND `SERVICE_ACCOUNT_CLIENT_LINK` IS NULL AND `NOT_BEFORE`=0 LIMIT 1; #start 9107829 end 9108326 time 2021-08-05 11:17:18
UPDATE `keycloak`.`AUTHENTICATION_EXECUTION` SET `ID`='f1eb9e34-db72-41f4-958d-3fe50e75922e', `ALIAS`=NULL, `AUTHENTICATOR`='direct-grant-validate-otp', `REALM_ID`='baishancloud', `FLOW_ID`='c5c2adf9-59b7-429b-a4a8-12eb4730768d', `REQUIREMENT`=0, `PRIORITY`=30, `AUTHENTICATOR_FLOW`='0', `AUTH_FLOW_ID`=NULL, `AUTH_CONFIG`=NULL WHERE `ID`='f1eb9e34-db72-41f4-958d-3fe50e75922e' AND `ALIAS` IS NULL AND `AUTHENTICATOR`='direct-grant-validate-otp' AND `REALM_ID`='baishancloud' AND `FLOW_ID`='c5c2adf9-59b7-429b-a4a8-12eb4730768d' AND `REQUIREMENT`=1 AND `PRIORITY`=30 AND `AUTHENTICATOR_FLOW`='0' AND `AUTH_FLOW_ID` IS NULL AND `AUTH_CONFIG` IS NULL LIMIT 1; #start 11136156 end 11136595 time 2021-08-05 11:52:22
UPDATE `keycloak`.`AUTHENTICATION_EXECUTION` SET `ID`='f1eb9e34-db72-41f4-958d-3fe50e75922e', `ALIAS`=NULL, `AUTHENTICATOR`='direct-grant-validate-otp', `REALM_ID`='baishancloud', `FLOW_ID`='c5c2adf9-59b7-429b-a4a8-12eb4730768d', `REQUIREMENT`=1, `PRIORITY`=30, `AUTHENTICATOR_FLOW`='0', `AUTH_FLOW_ID`=NULL, `AUTH_CONFIG`=NULL WHERE `ID`='f1eb9e34-db72-41f4-958d-3fe50e75922e' AND `ALIAS` IS NULL AND `AUTHENTICATOR`='direct-grant-validate-otp' AND `REALM_ID`='baishancloud' AND `FLOW_ID`='c5c2adf9-59b7-429b-a4a8-12eb4730768d' AND `REQUIREMENT`=0 AND `PRIORITY`=30 AND `AUTHENTICATOR_FLOW`='0' AND `AUTH_FLOW_ID` IS NULL AND `AUTH_CONFIG` IS NULL LIMIT 1; #start 11136683 end 11137122 time 2021-08-05 11:52:31
DELETE FROM `keycloak`.`REALM_EVENTS_LISTENERS` WHERE `REALM_ID`='master' AND `VALUE`='jboss-logging' LIMIT 1; #start 11137210 end 11137398 time 2021-08-05 12:05:18
INSERT INTO `keycloak`.`REALM_EVENTS_LISTENERS`(`REALM_ID`, `VALUE`) VALUES ('master', 'jboss-logging'); #start 11137210 end 11137522 time 2021-08-05 12:05:18
